[w.shekharpoint.com/whiteboard.html]
[backblue.gif]
[fade.gif]
[index.html]
[w.shekharpoint.com/favicon.ico]
[w.shekharpoint.com/themes/css/gray/easyui.css]
[w.shekharpoint.com/themes/css/icon.css]
[w.shekharpoint.com/themes/css/lightslider.css]
[w.shekharpoint.com/themes/css/whiteboard.css]
[w.shekharpoint.com/themes/js/jquery.min.js]
[w.shekharpoint.com/themes/easyui/jquery.easyui.min.js]
[w.shekharpoint.com/themes/js/fabric-min.js]
[w.shekharpoint.com/themes/js/screenfull.js]
[w.shekharpoint.com/themes/js/ion.sound.min.js]
[w.shekharpoint.com/themes/js/RTCMultiConnection.min.js]
[w.shekharpoint.com/themes/js/FileBufferReader.min.js]
[w.shekharpoint.com/themes/js/socket.io3860.js]
[w.shekharpoint.com/themes/css/slick.css]
[w.shekharpoint.com/themes/css/slick-theme.css]
[w.shekharpoint.com/themes/js/slick.min.js]
[w.shekharpoint.com/tutor_connect/js/bootstrap.min.js]
[w.shekharpoint.com/images/loading.gif]
[w.shekharpoint.com/whiteboard/images/live-video-chat.jpg]
[w.shekharpoint.com/whiteboard/images/upload_presentations.jpg]
[w.shekharpoint.com/whiteboard/images/online_presentation.jpg]
[w.shekharpoint.com/whiteboard/images/upload-download-presentation.jpg]
[w.shekharpoint.com/whiteboard/images/change-background.jpg]
[w.shekharpoint.com/index.html]
[w.shekharpoint.com/green/images/diamond.png]
[w.shekharpoint.com/whiteboard/images/clear.png]
[w.shekharpoint.com/theme/css/icons/help.png]
[w.shekharpoint.com/whiteboard/images/pattern-icon.png]
[w.shekharpoint.com/whiteboard/images/shape-sm.png]
[w.shekharpoint.com/theme/css/icons/image-editor.png]
[w.shekharpoint.com/theme/css/icons/chat_room.png]
[w.shekharpoint.com/whiteboard/images/up-down.png]
[w.shekharpoint.com/whiteboard/images/transparent-guidelines.png]
[w.shekharpoint.com/whiteboard/images/transparent-booklines.png]
[w.shekharpoint.com/whiteboard/images/transparent.png]
[w.shekharpoint.com/whiteboard/images/transparent-diamond.png]
[w.shekharpoint.com/whiteboard/images/transparent-lgap.png]
[w.shekharpoint.com/whiteboard/images/transparent-checkered.png]
[w.shekharpoint.com/whiteboard/images/rectangle-sm.png]
[w.shekharpoint.com/whiteboard/images/square-sm.png]
[w.shekharpoint.com/whiteboard/images/circle-sm.png]
[w.shekharpoint.com/whiteboard/images/triangle-sm.png]
[w.shekharpoint.com/whiteboard/images/line-sm.png]
[w.shekharpoint.com/whiteboard/images/ellipse-sm.png]
[w.shekharpoint.com/whiteboard/images/download_board.png]
[w.shekharpoint.com/whiteboard/images/download_jpeg.png]
[w.shekharpoint.com/wb_file_box.html]
[w.shekharpoint.com/tutor_connect/tutor-connect-content.html]
[w.google-analytics.com/urchin.js]
[w.shekharpoint.com/whiteboard.html]
[w.shekharpoint.com/themes/css/gray/images/blank.gif]
[w.shekharpoint.com/themes/css/gray/images/loading.gif]
[w.shekharpoint.com/themes/css/gray/images/panel_tools.png]
[w.shekharpoint.com/themes/css/gray/images/accordion_arrows.png]
[w.shekharpoint.com/themes/css/gray/images/combo_arrow.png]
[w.shekharpoint.com/themes/css/gray/images/layout_arrows.png]
[w.shekharpoint.com/themes/css/gray/images/tabs_icons.png]
[w.shekharpoint.com/themes/css/gray/images/datagrid_icons.png]
[w.shekharpoint.com/themes/css/gray/images/pagination_icons.png]
[w.shekharpoint.com/themes/css/gray/images/calendar_arrows.png]
[w.shekharpoint.com/themes/css/gray/images/datebox_arrow.png]
[w.shekharpoint.com/themes/css/gray/images/spinner_arrows.png]
[w.shekharpoint.com/themes/css/gray/images/searchbox_button.png]
[w.shekharpoint.com/themes/css/gray/images/slider_handle.png]
[w.shekharpoint.com/themes/css/gray/images/menu_arrows.png]
[w.shekharpoint.com/themes/css/gray/images/messager_icons.png]
[w.shekharpoint.com/themes/css/gray/images/tree_icons.png]
[w.shekharpoint.com/themes/css/gray/easyui.css]
[w.shekharpoint.com/themes/css/icons/embed.png]
[w.shekharpoint.com/themes/css/icons/desktop.png]
[w.shekharpoint.com/themes/css/icons/mobile.png]
[w.shekharpoint.com/themes/css/icons/fork.png]
[w.shekharpoint.com/themes/css/icons/new_project.png]
[w.shekharpoint.com/themes/css/icons/list_project.png]
[w.shekharpoint.com/themes/css/icons/result.png]
[w.shekharpoint.com/themes/css/icons/project.png]
[w.shekharpoint.com/themes/css/icons/preview.png]
[w.shekharpoint.com/themes/css/icons/add-file.png]
[w.shekharpoint.com/themes/css/icons/optim.png]
[w.shekharpoint.com/themes/css/icons/whiteboard.png]
[w.shekharpoint.com/themes/css/icons/image-editor.png]
[w.shekharpoint.com/themes/css/icons/tools.png]
[w.shekharpoint.com/themes/css/icons/keyboard.png]
[w.shekharpoint.com/themes/css/icons/library.png]
[w.shekharpoint.com/themes/css/icons/folder.png]
[w.shekharpoint.com/themes/css/icons/error.png]
[w.shekharpoint.com/themes/css/icons/github.png]
[w.shekharpoint.com/themes/css/icons/version.png]
[w.shekharpoint.com/themes/css/icons/vertical.png]
[w.shekharpoint.com/themes/css/icons/horizontal.png]
[w.shekharpoint.com/themes/css/icons/color.png]
[w.shekharpoint.com/themes/css/icons/exit.png]
[w.shekharpoint.com/themes/css/icons/delete-file.png]
[w.shekharpoint.com/themes/css/icons/rename-file.png]
[w.shekharpoint.com/themes/css/icons/download-file.png]
[w.shekharpoint.com/themes/css/icons/upload-file.png]
[w.shekharpoint.com/themes/css/icons/print-file.png]
[w.shekharpoint.com/themes/css/icons/save-file.png]
[w.shekharpoint.com/themes/css/icons/add-dir.png]
[w.shekharpoint.com/themes/css/icons/create-project.png]
[w.shekharpoint.com/themes/css/icons/save-project.png]
[w.shekharpoint.com/themes/css/icons/refresh-project.png]
[w.shekharpoint.com/themes/css/icons/execute-project.png]
[w.shekharpoint.com/themes/css/icons/setting.png]
[w.shekharpoint.com/themes/css/icons/home.png]
[w.shekharpoint.com/themes/css/icons/home_green.png]
[w.shekharpoint.com/themes/css/icons/file.png]
[w.shekharpoint.com/themes/css/icons/edit.png]
[w.shekharpoint.com/themes/css/icons/terminal.png]
[w.shekharpoint.com/themes/css/icons/about.png]
[w.shekharpoint.com/themes/css/icons/blank.gif]
[w.shekharpoint.com/themes/css/icons/edit_add.png]
[w.shekharpoint.com/themes/css/icons/clear.png]
[w.shekharpoint.com/themes/css/icons/edit_remove.png]
[w.shekharpoint.com/themes/css/icons/copy.png]
[w.shekharpoint.com/themes/css/icons/paste.png]
[w.shekharpoint.com/themes/css/icons/select.png]
[w.shekharpoint.com/themes/css/icons/dropbox.png]
[w.shekharpoint.com/themes/css/icons/cut.png]
[w.shekharpoint.com/themes/css/icons/delete.png]
[w.shekharpoint.com/themes/css/icons/export-project.png]
[w.shekharpoint.com/themes/css/icons/import-project.png]
[w.shekharpoint.com/themes/css/icons/share-project.png]
[w.shekharpoint.com/themes/css/icons/find.png]
[w.shekharpoint.com/themes/css/icons/replace.png]
[w.shekharpoint.com/themes/css/icons/view.png]
[w.shekharpoint.com/themes/css/icons/google-drive.png]
[w.shekharpoint.com/themes/css/icons/one-drive.png]
[w.shekharpoint.com/themes/css/icons/compileonline.png]
[w.shekharpoint.com/themes/css/icons/editor-theme.png]
[w.shekharpoint.com/themes/css/icons/editor-type.png]
[w.shekharpoint.com/themes/css/icons/font-size.png]
[w.shekharpoint.com/themes/css/icons/tab-size.png]
[w.shekharpoint.com/themes/css/icons/soft-wrap.png]
[w.shekharpoint.com/themes/css/icons/show-invisible.png]
[w.shekharpoint.com/themes/css/icons/hide-invisible.png]
[w.shekharpoint.com/themes/css/icons/show-gutter.png]
[w.shekharpoint.com/themes/css/icons/hide-gutter.png]
[w.shekharpoint.com/themes/css/icons/word.png]
[w.shekharpoint.com/themes/css/icons/excel.png]
[w.shekharpoint.com/themes/css/icons/powerpoint.png]
[w.shekharpoint.com/themes/css/icons/xml.png]
[w.shekharpoint.com/themes/css/icons/json.png]
[w.shekharpoint.com/themes/css/icons/binary.png]
[w.shekharpoint.com/themes/css/icons/zip.png]
[w.shekharpoint.com/themes/css/icons/text.png]
[w.shekharpoint.com/themes/css/icons/pdf.png]
[w.shekharpoint.com/themes/css/icons/image.png]
[w.shekharpoint.com/themes/css/icons/java.png]
[w.shekharpoint.com/themes/css/icons/javascript.png]
[w.shekharpoint.com/themes/css/icons/login.png]
[w.shekharpoint.com/themes/css/icons/signup.png]
[w.shekharpoint.com/themes/css/icons/password.png]
[w.shekharpoint.com/themes/css/icons/logout.png]
[w.shekharpoint.com/themes/css/icons/email.png]
[w.shekharpoint.com/themes/css/icons/quota.png]
[w.shekharpoint.com/themes/css/icons/ok.png]
[w.shekharpoint.com/themes/css/icons/no.png]
[w.shekharpoint.com/themes/css/icons/cancel.png]
[w.shekharpoint.com/themes/css/icons/reload.png]
[w.shekharpoint.com/themes/css/icons/search.png]
[w.shekharpoint.com/themes/css/icons/print.png]
[w.shekharpoint.com/themes/css/icons/help.png]
[w.shekharpoint.com/themes/css/icons/undo.png]
[w.shekharpoint.com/themes/css/icons/redo.png]
[w.shekharpoint.com/themes/css/icons/back.png]
[w.shekharpoint.com/themes/css/icons/sum.png]
[w.shekharpoint.com/themes/css/icons/tip.png]
[w.shekharpoint.com/themes/css/icons/filter.png]
[w.shekharpoint.com/themes/css/icons/man.png]
[w.shekharpoint.com/themes/css/icons/lock.png]
[w.shekharpoint.com/themes/css/icons/mini_add.png]
[w.shekharpoint.com/themes/css/icons/mini_edit.png]
[w.shekharpoint.com/themes/css/icons/mini_refresh.png]
[w.shekharpoint.com/themes/css/icons/large_picture.png]
[w.shekharpoint.com/themes/css/icons/large_clipart.png]
[w.shekharpoint.com/themes/css/icons/large_shapes.png]
[w.shekharpoint.com/themes/css/icons/large_smartart.png]
[w.shekharpoint.com/themes/css/icons/large_chart.png]
[w.shekharpoint.com/themes/css/icons/start_meeting.png]
[w.shekharpoint.com/themes/css/icons/join_meeting.png]
[w.shekharpoint.com/themes/css/icons/quit_meeting.png]
[w.shekharpoint.com/themes/css/icons/meeting_invite.png]
[w.shekharpoint.com/themes/css/icons/share_file.png]
[w.shekharpoint.com/themes/css/icons/share_file_small.png]
[w.shekharpoint.com/themes/css/icons/mute_voice.png]
[w.shekharpoint.com/themes/css/icons/mute_small.png]
[w.shekharpoint.com/themes/css/icons/unmute_voice.png]
[w.shekharpoint.com/themes/css/icons/eject_user_small.png]
[w.shekharpoint.com/themes/css/icons/unmute_small.png]
[w.shekharpoint.com/themes/css/icons/private_message.png]
[w.shekharpoint.com/themes/css/icons/file_small.png]
[w.shekharpoint.com/themes/css/icons/raise_hand.png]
[w.shekharpoint.com/themes/css/icons/raise_hand_small.png]
[w.shekharpoint.com/themes/css/icons/raise_doubt.png]
[w.shekharpoint.com/themes/css/icons/clear_doubt.png]
[w.shekharpoint.com/themes/css/icons/chat_room.png]
[w.shekharpoint.com/themes/css/icons/chat_small.png]
[w.shekharpoint.com/themes/css/icons/attach_file.png]
[w.shekharpoint.com/themes/css/icons/private_message_small.png]
[w.shekharpoint.com/themes/css/icons/delete_user.png]
[w.shekharpoint.com/themes/css/icons/refresh_connection.png]
[w.shekharpoint.com/themes/css/icons/browse.png]
[w.shekharpoint.com/themes/css/icons/maximize.png]
[w.shekharpoint.com/themes/css/icons/mediumize.png]
[w.shekharpoint.com/themes/css/icons/minimize.png]
[w.shekharpoint.com/themes/css/icons/color_pallete.png]
[w.shekharpoint.com/themes/css/icons/white_terminal.png]
[w.shekharpoint.com/themes/css/icons/jpg.png]
[w.shekharpoint.com/themes/css/icons/svg.png]
[w.shekharpoint.com/themes/css/icons/gif.png]
[w.shekharpoint.com/themes/css/icons/png.png]
[w.shekharpoint.com/themes/css/icon.css]
[w.shekharpoint.com/images/wb_controls.png]
[w.shekharpoint.com/themes/css/lightslider.css]
[w.shekharpoint.com/fonts/fontawesome-webfont3295.eot]
[w.shekharpoint.com/fonts/fontawesome-webfontd41d.eot]
[w.shekharpoint.com/fonts/fontawesome-webfont3295.woff2]
[w.shekharpoint.com/fonts/fontawesome-webfont3295.woff]
[w.shekharpoint.com/fonts/fontawesome-webfont3295.ttf]
[w.shekharpoint.com/images/worn-dots.png]
[w.shekharpoint.com/whiteboard/images/icon-bgColor.png]
[w.shekharpoint.com/whiteboard/images/icon-bgPencil.png]
[w.shekharpoint.com/whiteboard/images/icon-bgEraser.png]
[w.shekharpoint.com/whiteboard/images/icon-bgShape.png]
[w.shekharpoint.com/whiteboard/images/icon-bgText.png]
[w.shekharpoint.com/whiteboard/images/icon-bgUpDwn.png]
[w.shekharpoint.com/whiteboard/images/icon-image.png]
[w.shekharpoint.com/images/upload-bg-optim.png]
[w.shekharpoint.com/themes/css/whiteboard.css]
[w.shekharpoint.com/themes/css/slick.css]
[w.shekharpoint.com/themes/css/slick-theme.css]
[117.254.84.212_3000/js/jquery.min.js]
[w.shekharpoint.com/index.html]
[w.shekharpoint.com/theme/js/lightslider.html]
[w.shekharpoint.com/board-invite.html]
[w.shekharpoint.com/upload_board.html]
[w.shekharpoint.com/images/file-upload.png]
[w.shekharpoint.com/wb_file_box.html]
[w.shekharpoint.com/tutor_connect/user-login3ff9.html]
[w.shekharpoint.com/tutor_connect/images/tutor-connect-icon.png]
[w.shekharpoint.com/tutor_connect/forgotpassword.html]
[w.shekharpoint.com/tutor_connect/registration.html]
[w.shekharpoint.com/tutor_connect/tutor-connect-content.html]
[w.shekharpoint.com/themes/css/gray/images/passwordbox_open.html]
[w.shekharpoint.com/themes/css/gray/images/passwordbox_close.html]
[w.shekharpoint.com/themes/css/icons/disable_video.html]
[w.shekharpoint.com/themes/img/controls.html]
[w.shekharpoint.com/fonts/fontawesome-webfont3295.svg]
[w.shekharpoint.com/themes/css/ajax-loader.html]
[w.shekharpoint.com/themes/css/fonts/slick.html]
[w.shekharpoint.com/themes/css/fonts/slickd41d.html]
[w.shekharpoint.com/themes/css/fonts/slick-2.html]
[w.shekharpoint.com/themes/css/fonts/slick-3.html]
[w.shekharpoint.com/themes/css/fonts/slick-4.html]
[w.shekharpoint.com/theme/js/jquery.form.html]
[w.shekharpoint.com/tutor_connect/index.html]
[w.shekharpoint.com/themes/js/script-min-v1.js]
[w.shekharpoint.com/themes/css/style-min.css]
[w.shekharpoint.com/images/pattern.png]
[w.shekharpoint.com/images/loading-cg.gif]
[w.shekharpoint.com/index-2.html]
[w.shekharpoint.com/blue/images/logo.png]
[w.shekharpoint.com/about/about_careers.html]
[w.shekharpoint.com/netmeeting.html]
[w.shekharpoint.com/online_dev_tools.html]
[w.shekharpoint.com/questions/index.html]
[w.shekharpoint.com/tutorialslibrary.html]
[w.shekharpoint.com/videotutorials/index.html]
[w.shekharpoint.com/tutor_connect/index-2.html]
[w.shekharpoint.com/codingground.html]
[w.shekharpoint.com/themes/js/jquery.colorbox-min.js]
[w.shekharpoint.com/tutor_connect/css/tutors.css]
[w.shekharpoint.com/tutor_connect/js/jquery.geocomplete.min.js]
[w.shekharpoint.com/tutor_connect/js/aes.js]
[w.shekharpoint.com/tutor_connect/js/jquery-te-1.4.0.min.js]
[w.shekharpoint.com/tutor_connect/js/tutors13f56.js]
[w.shekharpoint.com/tutor_connect/js/jquery.bpopup.min.js]
[w.shekharpoint.com/tutor_connect/images/inside-baner-icon.png]
[w.google.com/recaptcha/api6b7f.js]
[w.shekharpoint.com/tutor_connect/disclaimer.html]
[w.shekharpoint.com/images/apple_store.jpg]
[w.shekharpoint.com/images/google_play.jpg]
[w.shekharpoint.com/images/windows_store.jpg]
[w.shekharpoint.com/about/index.html]
[w.shekharpoint.com/about/about_team.html]
[w.shekharpoint.com/about/about_privacy.html]
[w.shekharpoint.com/about/about_cookies.html]
[w.shekharpoint.com/about/about_terms_of_use.html]
[w.shekharpoint.com/investors/index.html]
[w.shekharpoint.com/free_web_graphics.html]
[w.shekharpoint.com/online_file_conversion.html]
[w.shekharpoint.com/shared-tutorials.html]
[w.shekharpoint.com/free_online_whiteboard.html]
[w.shekharpoint.com/about/contact_us.html]
[w.shekharpoint.com/scripts/img/logo-footer.png]
[w.shekharpoint.com/theme/css/menu-style-min3860.css]
[w.shekharpoint.com/theme/js/custom-min.js]
[w.shekharpoint.com/tutor_connect/user-login3ff9.html]
[w.shekharpoint.com/tutor_connect/forgotpassword.html]
[w.shekharpoint.com/tutor_connect/mobile-verification4825.html]
[w.shekharpoint.com/tutor_connect/images/register-user.png]
[w.shekharpoint.com/tutor_connect/mobile-verification75a8.html]
[w.shekharpoint.com/tutor_connect/images/register-tutor.png]
[w.shekharpoint.com/tutor_connect/registration.html]
[w.shekharpoint.com/themes/css/style-min-v1a6fa.css]
[w.shekharpoint.com/themes/js/script-min-v1d3aa.js]
[w.shekharpoint.com/videotutorials/images/loader.gif]
[w.shekharpoint.com/current_affairs.html]
[w.shekharpoint.com/upsc_ias_exams.html]
[w.shekharpoint.com/videotutorials/login.html]
[w.shekharpoint.com/videotutorials/subscription.html]
[w.shekharpoint.com/tutor_connect/images/logo.png]
[w.shekharpoint.com/academic_tutorials.html]
[w.shekharpoint.com/big_data_tutorials.html]
[w.shekharpoint.com/computer_programming_tutorials.html]
[w.shekharpoint.com/computer_science_tutorials.html]
[w.shekharpoint.com/database_tutorials.html]
[w.shekharpoint.com/devops_tutorials.html]
[w.shekharpoint.com/digital_marketing_tutorials.html]
[w.shekharpoint.com/engineering_tutorials.html]
[w.shekharpoint.com/famous_monuments.html]
[w.shekharpoint.com/gate_exams_tutorials.html]
[w.shekharpoint.com/latest_technologies.html]
[w.shekharpoint.com/machine_learning_tutorials.html]
[w.shekharpoint.com/mainframe_tutorials.html]
[w.shekharpoint.com/management_tutorials.html]
[w.shekharpoint.com/maths_tutorials.html]
[w.shekharpoint.com/microsoft_technologies_tutorials.html]
[w.shekharpoint.com/misc_tutorials.html]
[w.shekharpoint.com/mobile_development_tutorials.html]
[w.shekharpoint.com/java_technology_tutorials.html]
[w.shekharpoint.com/python_technologies_tutorials.html]
[w.shekharpoint.com/sap_tutorials.html]
[w.shekharpoint.com/scripting_lnaguage_tutorials.html]
[w.shekharpoint.com/selected_reading.html]
[w.shekharpoint.com/software_quality_tutorials.html]
[w.shekharpoint.com/soft_skill_tutorials.html]
[w.shekharpoint.com/telecom_tutorials.html]
[w.shekharpoint.com/web_development_tutorials.html]
[w.shekharpoint.com/sports_tutorials.html]
[w.shekharpoint.com/xml_technologies_tutorials.html]
[w.shekharpoint.com/multi_language_tutorials.html]
[w.shekharpoint.com/questions_and_answers.html]
[cse.google.com/f8b02.txt]
[w.shekharpoint.com/developers_best_practices/index.html]
[w.shekharpoint.com/effective_resume_writing.html]
[w.shekharpoint.com/hr_interview_questions/index.html]
[w.shekharpoint.com/computer_glossary.html]
[w.shekharpoint.com/tutor_connect/index.html]
[w.shekharpoint.com/computer_whoiswho.html]
[w.shekharpoint.com/tutor_connect/tutor_connect/tutor-connect-content.html]
[w.shekharpoint.com/themes/css/style-min.css]
[w.shekharpoint.com/themes/css/homeb0c0.css]
[w.shekharpoint.com/videotutorials/js/fontawesome.js]
[w.shekharpoint.com/videotutorials/js/mui-combined.min.js]
[w.shekharpoint.com/videotutorials/images/next.png]
[w.shekharpoint.com/images/tp-logo-diamond.png]
[w.shekharpoint.com/videotutorials/latest-courses.html]
[w.shekharpoint.com/mastering_dax_and_data_models_in_power_bi_desktop/index.html]
[w.shekharpoint.com/videotutorials/assets/videos/courses/900/images/course_900_image.png]
[w.shekharpoint.com/videotutorials/profile/abhay_gadiya.html]
[w.shekharpoint.com/videotutorials/view_cart0af3.html]
[w.shekharpoint.com/build_excel_models_using_advanced_formulas_vba_power_query/index.html]
[w.shekharpoint.com/videotutorials/assets/videos/courses/907/images/course_907_image.png]
[w.shekharpoint.com/videotutorials/profile/prashant_panchal.html]
[w.shekharpoint.com/videotutorials/view_cart3a4a.html]
[w.shekharpoint.com/excel_power_query_training_beginners_to_advanced_level/index.html]
[w.shekharpoint.com/videotutorials/assets/videos/courses/891/images/course_891_image.png]
[w.shekharpoint.com/videotutorials/view_cartc451.html]
[w.shekharpoint.com/quick_excel_for_financial_modeling/index.html]
[w.shekharpoint.com/videotutorials/assets/videos/courses/834/images/course_834_image.png]
[w.shekharpoint.com/videotutorials/profile/blair_cook.html]
[w.shekharpoint.com/videotutorials/view_cart845e.html]
[w.shekharpoint.com/advanced_microsoft_word_2013_tutorial/index.html]
[w.shekharpoint.com/videotutorials/assets/videos/courses/829/images/course_829_image.png]
[w.shekharpoint.com/videotutorials/profile/syed_raza.html]
[w.shekharpoint.com/videotutorials/view_cart3a40.html]
[w.shekharpoint.com/advance_excel_power_query_troubleshooting_case_studies_custom_m_function_with_m_language/index.html]
[w.shekharpoint.com/videotutorials/assets/videos/courses/1050/images/course_1050_image.jpg]
[w.shekharpoint.com/videotutorials/view_cart4ac4.html]
[w.shekharpoint.com/videotutorials/top-courses.html]
[w.shekharpoint.com/ms_excel_online_training/index.html]
[w.shekharpoint.com/videotutorials/assets/videos/courses/42/images/course_42_image.png]
[w.shekharpoint.com/videotutorials/profile/shekharpoint_com.html]
[w.shekharpoint.com/videotutorials/view_cart2d68.html]
[w.shekharpoint.com/excel_vba_online_training/index.html]
[w.shekharpoint.com/videotutorials/assets/videos/courses/157/images/course_157_image.png]
[w.shekharpoint.com/videotutorials/view_carta8ad.html]
[w.shekharpoint.com/advanced_excel_power_query_online_training/index.html]
[w.shekharpoint.com/videotutorials/assets/videos/courses/434/images/course_434_image.png]
[w.shekharpoint.com/videotutorials/view_cart582c.html]
[w.shekharpoint.com/sap_abap_online_training/index.html]
[w.shekharpoint.com/videotutorials/assets/videos/courses/174/images/course_174_image.png]
[w.shekharpoint.com/videotutorials/view_cart60c3.html]
[w.shekharpoint.com/sap_c4c_online_training/index.html]
[w.shekharpoint.com/videotutorials/assets/videos/courses/74/images/course_74_image.png]
[w.shekharpoint.com/videotutorials/view_cart5688.html]
[w.shekharpoint.com/sap_mm_online_training/index.html]
[w.shekharpoint.com/videotutorials/assets/videos/courses/158/images/course_158_image.png]
[w.shekharpoint.com/videotutorials/view_cartf177.html]
[w.shekharpoint.com/videotutorials/featured-courses.html]
[w.shekharpoint.com/mastering_microsoft_power_bi/index.html]
[w.shekharpoint.com/videotutorials/assets/videos/courses/997/images/course_997_image.png]
[w.shekharpoint.com/videotutorials/view_cartbea7.html]
[w.shekharpoint.com/microsoft_azure_tutorials_step_by_step/index.html]
[w.shekharpoint.com/videotutorials/assets/videos/courses/525/images/course_525_image.jpg]
[w.shekharpoint.com/videotutorials/profile/shivprasad_koirala.html]
[w.shekharpoint.com/videotutorials/view_cart96d6.html]
[w.shekharpoint.com/zero_to_hero_in_microsoft_excel_complete_excel_guide_2019/index.html]
[w.shekharpoint.com/videotutorials/assets/videos/courses/699/images/course_699_image.png]
[w.shekharpoint.com/videotutorials/profile/abhishek_and_pukhraj-14426528.html]
[w.shekharpoint.com/videotutorials/view_cart46b0.html]
[w.shekharpoint.com/advanced_excel_crash_course/index.html]
[w.shekharpoint.com/videotutorials/assets/videos/courses/599/images/course_599_image.jpg]
[w.shekharpoint.com/videotutorials/profile/yodalearning.html]
[w.shekharpoint.com/videotutorials/view_cart5721.html]
[w.shekharpoint.com/microsoft_excel_masterclass_for_business_managers/index.html]
[w.shekharpoint.com/videotutorials/assets/videos/courses/606/images/course_606_image.png]
[w.shekharpoint.com/videotutorials/view_cart2cfc.html]
[w.shekharpoint.com/excel_dashboard_crash_course/index.html]
[w.shekharpoint.com/videotutorials/assets/videos/courses/589/images/course_589_image.jpg]
[w.shekharpoint.com/videotutorials/view_cart21ef.html]
[w.shekharpoint.com/videotutorials/profile/prof_paul_cline_ed_d.html]
[w.shekharpoint.com/videotutorials/profile/abhilash_nelson.html]
[w.shekharpoint.com/videotutorials/profile/frahaan_hussain.html]
[w.shekharpoint.com/videotutorials/profile/digifisk_programming_is_fun.html]
[w.shekharpoint.com/videotutorials/profile/Pavan-Lalwani.html]
[w.shekharpoint.com/videotutorials/profile/eduonix_learning_solutions.html]
[w.shekharpoint.com/videotutorials/profile/lets_kode_it.html]
[w.shekharpoint.com/videotutorials/profile/senol_atac.html]
[w.shekharpoint.com/videotutorials/profile/inf_sid.html]
[w.shekharpoint.com/bitcoin/index.html]
[w.shekharpoint.com/images/home_bitcoin.png]
[w.shekharpoint.com/blockchain/index.html]
[w.shekharpoint.com/images/home_blockchain.png]
[w.shekharpoint.com/blue_prism/index.html]
[w.shekharpoint.com/images/home_blue_prism.png]
[w.shekharpoint.com/ethereum/index.html]
[w.shekharpoint.com/images/home_ethereum.png]
[w.shekharpoint.com/openshift/index.html]
[w.shekharpoint.com/images/home_open_shift.png]
[w.shekharpoint.com/python_blockchain/index.html]
[w.shekharpoint.com/images/home_blockchain_python.png]
[w.shekharpoint.com/machine_learning/index.html]
[w.shekharpoint.com/images/home_machine_learning.png]
[w.shekharpoint.com/tensorflow/index.html]
[w.shekharpoint.com/images/home_tensor_flow.png]
[w.shekharpoint.com/machine_learning_with_python/index.html]
[w.shekharpoint.com/images/home_ml_python.png]
[w.shekharpoint.com/artificial_intelligence_with_python/index.html]
[w.shekharpoint.com/images/home_ai_python.png]
[w.shekharpoint.com/time_series/index.html]
[w.shekharpoint.com/images/home_time_series.png]
[w.shekharpoint.com/pytorch/index.html]
[w.shekharpoint.com/images/home_pytorch.png]
[w.shekharpoint.com/computer_fundamentals/index.html]
[w.shekharpoint.com/images/Computer-Fundamentals.png]
[w.shekharpoint.com/compiler_design/index.html]
[w.shekharpoint.com/images/Compiler-Design.png]
[w.shekharpoint.com/operating_system/index.html]
[w.shekharpoint.com/images/Operating-System.png]
[w.shekharpoint.com/data_structures_algorithms/index.html]
[w.shekharpoint.com/images/Data-Structure.png]
[w.shekharpoint.com/dbms/index.html]
[w.shekharpoint.com/images/dbms.png]
[w.shekharpoint.com/data_communication_computer_network/index.html]
[w.shekharpoint.com/images/Networking.png]
[w.shekharpoint.com/html/index.html]
[w.shekharpoint.com/images/html.png]
[w.shekharpoint.com/css/index.html]
[w.shekharpoint.com/images/css.png]
[w.shekharpoint.com/javascript/index.html]
[w.shekharpoint.com/images/Javascript.png]
[w.shekharpoint.com/php/index.html]
[w.shekharpoint.com/images/php.png]
[w.shekharpoint.com/angular4/index.html]
[w.shekharpoint.com/images/angularjs4.png]
[w.shekharpoint.com/mysql/index.html]
[w.shekharpoint.com/images/MySQL.png]
[w.shekharpoint.com/cprogramming/index.html]
[w.shekharpoint.com/images/C-programming.png]
[w.shekharpoint.com/cplusplus/index.html]
[w.shekharpoint.com/images/C-PLUS.png]
[w.shekharpoint.com/java8/index.html]
[w.shekharpoint.com/images/java8.png]
[w.shekharpoint.com/python/index.html]
[w.shekharpoint.com/images/Python.png]
[w.shekharpoint.com/scala/index.html]
[w.shekharpoint.com/images/Scala.png]
[w.shekharpoint.com/csharp/index.html]
[w.shekharpoint.com/images/C-hash.png]
[w.shekharpoint.com/jdbc/index.html]
[w.shekharpoint.com/images/JDBC.png]
[w.shekharpoint.com/servlets/index.html]
[w.shekharpoint.com/images/Servlets.png]
[w.shekharpoint.com/spring/index.html]
[w.shekharpoint.com/images/spring.png]
[w.shekharpoint.com/hibernate/index.html]
[w.shekharpoint.com/images/hibernate.png]
[w.shekharpoint.com/swing/index.html]
[w.shekharpoint.com/images/Swing.png]
[w.shekharpoint.com/android/index.html]
[w.shekharpoint.com/images/Android.png]
[w.shekharpoint.com/swift/index.html]
[w.shekharpoint.com/images/Swift.png]
[w.shekharpoint.com/ios/index.html]
[w.shekharpoint.com/images/ios.png]
[w.shekharpoint.com/kotlin/index.html]
[w.shekharpoint.com/images/Kotlin.png]
[w.shekharpoint.com/react_native/index.html]
[w.shekharpoint.com/images/React-Native.png]
[w.shekharpoint.com/xamarin/index.html]
[w.shekharpoint.com/images/xamarian.png]
[w.shekharpoint.com/mongodb/index.html]
[w.shekharpoint.com/images/mongodb.png]
[w.shekharpoint.com/plsql/index.html]
[w.shekharpoint.com/images/pl-sql.png]
[w.shekharpoint.com/sql/index.html]
[w.shekharpoint.com/images/sql.png]
[w.shekharpoint.com/db2/index.html]
[w.shekharpoint.com/images/db2.png]
[w.shekharpoint.com/memcached/index.html]
[w.shekharpoint.com/images/memcached.png]
[w.shekharpoint.com/asp.net/index.html]
[w.shekharpoint.com/images/asp-net.png]
[w.shekharpoint.com/entity_framework/index.html]
[w.shekharpoint.com/images/entity-framework.png]
[w.shekharpoint.com/vb.net/index.html]
[w.shekharpoint.com/images/vbnet.png]
[w.shekharpoint.com/ms_project/index.html]
[w.shekharpoint.com/images/microsoftproject.png]
[w.shekharpoint.com/excel/index.html]
[w.shekharpoint.com/images/microsoft-excel.png]
[w.shekharpoint.com/word/index.html]
[w.shekharpoint.com/images/microsoft-word.png]
[w.shekharpoint.com/big_data_analytics/index.html]
[w.shekharpoint.com/images/Big-Data-Analytics.png]
[w.shekharpoint.com/hadoop/index.html]
[w.shekharpoint.com/images/hadoop.png]
[w.shekharpoint.com/sas/index.html]
[w.shekharpoint.com/images/sas.png]
[w.shekharpoint.com/qlikview/index.html]
[w.shekharpoint.com/images/QlikView.png]
[w.shekharpoint.com/power_bi/index.html]
[w.shekharpoint.com/images/powerbi.png]
[w.shekharpoint.com/tableau/index.html]
[w.shekharpoint.com/images/Tableau.png]
[w.shekharpoint.com/coding_platform_for_websites.html]
[w.shekharpoint.com/images/developers-best-practices.png]
[w.shekharpoint.com/images/resume-writing.png]
[w.shekharpoint.com/images/computer-glossary.png]
[w.shekharpoint.com/images/who-is-who.png]
[w.shekharpoint.com/images/questions-answers.png]
[w.shekharpoint.com/images/multilanguage-tutorials.png]
[w.shekharpoint.com/about/faq.html]
[w.shekharpoint.com/about/about_helping.html]
[w.shekharpoint.com/themes/js/home.js]
[w.shekharpoint.com/index-2.html]
[origin.tutorix.com/js/slick.min.js]
[w.shekharpoint.com/about/images/logo.png]
[w.shekharpoint.com/about/images/about-mini-logo.jpg]
[w.shekharpoint.com/about/tutorials_writing.html]
[w.shekharpoint.com/about/images/about.jpg]
[w.shekharpoint.com/videotutorials/dashboard.html]
[w.shekharpoint.com/images/logo-black.png]
[w.shekharpoint.com/videotutorials/teach-with-us.html]
[w.shekharpoint.com/videotutorials/js/text_menu3860.js]
[w.shekharpoint.com/about/about_careers.html]
[meet.jit.si/external_api.js]
[w.shekharpoint.com/images/brick-wall.png]
[w.shekharpoint.com/images/logo.png]
[w.shekharpoint.com/images/netmeeting.jpg]
[w.shekharpoint.com/netmeeting.html]
[w.shekharpoint.com/tools/images/logo.png]
[w.shekharpoint.com/scripts/img/slides/slide-title-border.png]
[w.shekharpoint.com/online_image_editor.html]
[w.shekharpoint.com/images/image-editor-devtools.jpg]
[w.shekharpoint.com/online_document_viewer.html]
[w.shekharpoint.com/images/image-document-viewer.jpg]
[w.shekharpoint.com/online_image_optimizer.html]
[w.shekharpoint.com/images/img-optimizer-devtools.jpg]
[w.shekharpoint.com/images/whiteboard-devtools.jpg]
[w.shekharpoint.com/images/netmeeting-devtools.jpg]
[w.shekharpoint.com/online_latex_editor.html]
[w.shekharpoint.com/images/latex-editor-devtools.jpg]
[w.shekharpoint.com/latex_equation_editor.html]
[w.shekharpoint.com/images/latex-equation-devtools.jpg]
[w.shekharpoint.com/online_xml_editor.html]
[w.shekharpoint.com/images/xml-editor-devtools.jpg]
[w.shekharpoint.com/online_json_editor.html]
[w.shekharpoint.com/images/json-editor-devtools.jpg]
[w.shekharpoint.com/online_sql_formatter.html]
[w.shekharpoint.com/images/sql-formatter-devtools.jpg]
[w.shekharpoint.com/online_css_formatter.html]
[w.shekharpoint.com/images/css-formatter-devtools.jpg]
[w.shekharpoint.com/online_xml_formatter.html]
[w.shekharpoint.com/images/xml-formatter-devtools.jpg]
[w.shekharpoint.com/online_json_formatter.html]
[w.shekharpoint.com/images/json-formatter-devtools.jpg]
[w.shekharpoint.com/online_sql_minifier.html]
[w.shekharpoint.com/images/sql-minifier-devtools.jpg]
[w.shekharpoint.com/online_css_minifier.html]
[w.shekharpoint.com/images/css-minifier-devtools.jpg]
[w.shekharpoint.com/online_javascript_minifier.html]
[w.shekharpoint.com/images/javascript-minifier-devtools.jpg]
[w.shekharpoint.com/online_xml_minifier.html]
[w.shekharpoint.com/images/xml-minifier-devtools.jpg]
[w.shekharpoint.com/online_json_minifier.html]
[w.shekharpoint.com/images/json-minifier-devtools.jpg]
[w.shekharpoint.com/online_c_formatter.html]
[w.shekharpoint.com/images/c-formatter-devtools.jpg]
[w.shekharpoint.com/online_javascript_formatter.html]
[w.shekharpoint.com/images/javascript-formatter-devtools.jpg]
[w.shekharpoint.com/online_java_formatter.html]
[w.shekharpoint.com/images/java-formatter-devtools.jpg]
[w.shekharpoint.com/online_php_formatter.html]
[w.shekharpoint.com/images/php-formatter-devtools.jpg]
[w.shekharpoint.com/online_perl_formatter.html]
[w.shekharpoint.com/images/perl-formatter-devtools.jpg]
[w.shekharpoint.com/online_python_formatter.html]
[w.shekharpoint.com/images/python-formatter-devtools.jpg]
[w.shekharpoint.com/online_ruby_formatter.html]
[w.shekharpoint.com/images/ruby-formatter-devtools.jpg]
[w.shekharpoint.com/online_html_formatter.html]
[w.shekharpoint.com/images/html-formatter-devtools.jpg]
[w.shekharpoint.com/whois_lookup.html]
[w.shekharpoint.com/images/whois-lookup-devtools.jpg]
[w.shekharpoint.com/online_ping_test.html]
[w.shekharpoint.com/images/ping-test-devtools.jpg]
[w.shekharpoint.com/online_trace_route.html]
[w.shekharpoint.com/images/trace-route-devtools.jpg]
[w.shekharpoint.com/dns_lookup.html]
[w.shekharpoint.com/images/dns-lookup-devtools.jpg]
[w.shekharpoint.com/open_port_scan.html]
[w.shekharpoint.com/images/port-scan-devtools.jpg]
[w.shekharpoint.com/online_os_detection.html]
[w.shekharpoint.com/images/os-detection-devtools.jpg]
[w.shekharpoint.com/host_ip_lookup.html]
[w.shekharpoint.com/images/host-ip-lookup-devtools.jpg]
[w.shekharpoint.com/google_hacking_tests.html]
[w.shekharpoint.com/images/hacking-tests-devtools.jpg]
[w.shekharpoint.com/verify_email_address.html]
[w.shekharpoint.com/images/verify-email-devtools.jpg]
[w.shekharpoint.com/base64_encode_online.html]
[w.shekharpoint.com/images/base64-encode-devtools.jpg]
[w.shekharpoint.com/base64_decode_online.html]
[w.shekharpoint.com/images/base64-decode-devtools.jpg]
[w.shekharpoint.com/images/developers-best-practices-icon.png]
[w.shekharpoint.com/images/effective-resume-writing-icon.png]
[w.shekharpoint.com/images/computer-glossary-icon.png]
[w.shekharpoint.com/images/who-is-who-icon.png]
[w.shekharpoint.com/online_dev_tools.html]
[w.shekharpoint.com/articles/index.html]
[w.shekharpoint.com/themes/css/style-qa.css]
[w.shekharpoint.com/3d_figures_and_volumes/images/logo.png]
[w.shekharpoint.com/questions/category/java8.html]
[w.shekharpoint.com/questions/category/jsp.html]
[w.shekharpoint.com/questions/category/ios.html]
[w.shekharpoint.com/questions/category/html.html]
[w.shekharpoint.com/questions/category/android.html]
[w.shekharpoint.com/questions/category/python.html]
[w.shekharpoint.com/questions/category/c.html]
[w.shekharpoint.com/questions/category/cplusplus.html]
[w.shekharpoint.com/questions/category/csharp.html]
[w.shekharpoint.com/questions/category/php.html]
[w.shekharpoint.com/questions/category/css.html]
[w.shekharpoint.com/questions/category/javascript.html]
[w.shekharpoint.com/questions/category/jquery.html]
[w.shekharpoint.com/questions/category/sap.html]
[w.shekharpoint.com/questions/category/sap-hana.html]
[w.shekharpoint.com/questions/category/data-structure.html]
[w.shekharpoint.com/questions/category/rdbms.html]
[w.shekharpoint.com/questions/category/mysql.html]
[w.shekharpoint.com/questions/category/mathematics.html]
[w.shekharpoint.com/questions/category/8085.html]
[w.shekharpoint.com/questions/category/operating-system.html]
[w.shekharpoint.com/questions/category/digital-electronics.html]
[w.shekharpoint.com/questions/category/analysis-of-algorithms.html]
[w.shekharpoint.com/questions/category/mobile-development.html]
[w.shekharpoint.com/questions/category/front-end-technology.html]
[w.shekharpoint.com/questions/category/web-development.html]
[w.shekharpoint.com/questions/category/selenium.html]
[w.shekharpoint.com/questions/category/mongodb.html]
[w.shekharpoint.com/questions/category/computer-network.html]
[w.shekharpoint.com/questions/category/general-topics.html]
[w.shekharpoint.com/images/QAicon.png]
[w.shekharpoint.com/questions/category/Java.html]
[w.shekharpoint.com/questions/category/HTML-2.html]
[w.shekharpoint.com/questions/category/CSS-2.html]
[w.shekharpoint.com/questions/category/Javascript-2.html]
[w.shekharpoint.com/program-to-find-duplicate-element-from-nplus1-numbers-ranging-from-1-to-n-in-python.html]
[w.shekharpoint.com/questions/category/Python-2.html]
[w.shekharpoint.com/questions/category/Server-Side-Programming.html]
[w.shekharpoint.com/questions/category/Programming.html]
[w.shekharpoint.com/answers/arnab-chakraborty-4.html]
[w.shekharpoint.com/program-to-find-all-words-which-share-same-first-letters-in-python.html]
[w.shekharpoint.com/program-to-check-programmers-convention-arrangements-are-correct-or-not-in-python.html]
[w.shekharpoint.com/program-to-find-the-formatted-amount-of-cents-of-given-amount-in-python.html]
[w.shekharpoint.com/program-to-check-whether-given-password-meets-criteria-or-not-in-python.html]
[w.shekharpoint.com/program-to-find-the-nth-row-of-pascal-s-triangle-in-python.html]
[w.shekharpoint.com/program-to-find-maximum-number-of-balanced-groups-of-parentheses-in-python.html]
[w.shekharpoint.com/program-to-check-given-string-is-pangram-or-not-in-python.html]
[w.shekharpoint.com/program-to-count-number-of-palindromes-of-size-k-can-be-formed-from-the-given-string-characters-in-python.html]
[w.shekharpoint.com/program-to-count-number-of-valid-pairs-from-a-list-of-numbers-where-pair-sum-is-odd-in-python.html]
[w.shekharpoint.com/questions/1.html]
[w.shekharpoint.com/questions/2.html]
[w.shekharpoint.com/questions/3.html]
[w.shekharpoint.com/questions/4.html]
[w.shekharpoint.com/questions/5.html]
[w.shekharpoint.com/questions/6.html]
[w.shekharpoint.com/questions/7.html]
[w.shekharpoint.com/questions/index.html]
[w.shekharpoint.com/questions/4074.html]
[w.shekharpoint.com/green/images/logo.png]
[w.shekharpoint.com/images/library-sub-banner.jpg]
[w.shekharpoint.com/cbse_syllabus/index.html]
[w.shekharpoint.com/accounting_basics/index.html]
[w.shekharpoint.com/auditing/index.html]
[w.shekharpoint.com/computer_concepts/index.html]
[w.shekharpoint.com/financial_accounting/index.html]
[w.shekharpoint.com/forex_trading/index.html]
[w.shekharpoint.com/statistics/index.html]
[w.shekharpoint.com/adaptive_software_development/index.html]
[w.shekharpoint.com/agile/index.html]
[w.shekharpoint.com/agile_data_science/index.html]
[w.shekharpoint.com/artificial_intelligence/index.html]
[w.shekharpoint.com/computer_programming/index.html]
[w.shekharpoint.com/inter_process_communication/index.html]
[w.shekharpoint.com/learn_c_by_examples/index.html]
[w.shekharpoint.com/basics_of_computers/index.html]
[w.shekharpoint.com/basics_of_computer_science/index.html]
[w.shekharpoint.com/basic_electronics/index.html]
[w.shekharpoint.com/behavior_driven_development/index.html]
[w.shekharpoint.com/cloud_computing/index.html]
[w.shekharpoint.com/computer_graphics/index.html]
[w.shekharpoint.com/computer_logical_organization/index.html]
[w.shekharpoint.com/cryptography/index.html]
[w.shekharpoint.com/data_mining/index.html]
[w.shekharpoint.com/design_and_analysis_of_algorithms/index.html]
[w.shekharpoint.com/digital_circuits/index.html]
[w.shekharpoint.com/dip/index.html]
[w.shekharpoint.com/discrete_mathematics/index.html]
[w.shekharpoint.com/distributed_dbms/index.html]
[w.shekharpoint.com/dwh/index.html]
[w.shekharpoint.com/e_commerce/index.html]
[w.shekharpoint.com/embedded_systems/index.html]
[w.shekharpoint.com/estimation_techniques/index.html]
[w.shekharpoint.com/extreme_programming/index.html]
[w.shekharpoint.com/functional_programming/index.html]
[w.shekharpoint.com/graph_theory/index.html]
[w.shekharpoint.com/http/index.html]
[w.shekharpoint.com/human_computer_interface/index.html]
[w.shekharpoint.com/information_security_cyber_law/index.html]
[w.shekharpoint.com/internet_of_things/index.html]
[w.shekharpoint.com/internet_technologies/index.html]
[w.shekharpoint.com/ipv4/index.html]
[w.shekharpoint.com/ipv6/index.html]
[w.shekharpoint.com/java_dip/index.html]
[w.shekharpoint.com/management_information_system/index.html]
[w.shekharpoint.com/microprocessor/index.html]
[w.shekharpoint.com/mobile_computing/index.html]
[w.shekharpoint.com/network_theory/index.html]
[w.shekharpoint.com/object_oriented_analysis_design/index.html]
[w.shekharpoint.com/parallel_algorithm/index.html]
[w.shekharpoint.com/parallel_computer_architecture/index.html]
[w.shekharpoint.com/programming_methodologies/index.html]
[w.shekharpoint.com/seo/index.html]
[w.shekharpoint.com/soa/index.html]
[w.shekharpoint.com/soap/index.html]
[w.shekharpoint.com/software_architecture_design/index.html]
[w.shekharpoint.com/software_engineering/index.html]
[w.shekharpoint.com/sdlc/index.html]
[w.shekharpoint.com/uddi/index.html]
[w.shekharpoint.com/uml/index.html]
[w.shekharpoint.com/amazon_marketplace/index.html]
[w.shekharpoint.com/ab_testing/index.html]
[w.shekharpoint.com/content_marketing/index.html]
[w.shekharpoint.com/conversion_rate_optimization/index.html]
[w.shekharpoint.com/digital_marketing/index.html]
[w.shekharpoint.com/email_marketing/index.html]
[w.shekharpoint.com/facebook_marketing/index.html]
[w.shekharpoint.com/google_plus/index.html]
[w.shekharpoint.com/google_tag_manager/index.html]
[w.shekharpoint.com/instagram_marketing/index.html]
[w.shekharpoint.com/mobile_marketing/index.html]
[w.shekharpoint.com/online_marketing/index.html]
[w.shekharpoint.com/pay_per_click/index.html]
[w.shekharpoint.com/pinterest_marketing/index.html]
[w.shekharpoint.com/social_media_marketing/index.html]
[w.shekharpoint.com/twitter_marketing/index.html]
[w.shekharpoint.com/youtube_marketing/index.html]
[w.shekharpoint.com/web_analytics/index.html]
[w.shekharpoint.com/adhai_din_ka_jhonpra/index.html]
[w.shekharpoint.com/aihole/index.html]
[w.shekharpoint.com/ajanta_caves/index.html]
[w.shekharpoint.com/agra_fort/index.html]
[w.shekharpoint.com/aguada_fort/index.html]
[w.shekharpoint.com/akbars_tomb/index.html]
[w.shekharpoint.com/amer_fort/index.html]
[w.shekharpoint.com/badami_caves/index.html]
[w.shekharpoint.com/bandel_church/index.html]
[w.shekharpoint.com/basilica_of_bom_jesus_church/index.html]
[w.shekharpoint.com/bhadra_fort/index.html]
[w.shekharpoint.com/bara_imambara/index.html]
[w.shekharpoint.com/bibi_ka_maqbara/index.html]
[w.shekharpoint.com/bijapur_fort/index.html]
[w.shekharpoint.com/brihadeeswara_temple/index.html]
[w.shekharpoint.com/chittorgarh_fort/index.html]
[w.shekharpoint.com/chunar_fort/index.html]
[w.shekharpoint.com/diu_fort/index.html]
[w.shekharpoint.com/fatehpur_sikri_fort/index.html]
[w.shekharpoint.com/feroz_shah_kotla_fort/index.html]
[w.shekharpoint.com/golconda_fort/index.html]
[w.shekharpoint.com/golden_temple/index.html]
[w.shekharpoint.com/gwalior_fort/index.html]
[w.shekharpoint.com/jahanpanah_fort/index.html]
[w.shekharpoint.com/jagannath_temple/index.html]
[w.shekharpoint.com/jaigarh_fort/index.html]
[w.shekharpoint.com/jaisalmer_fort/index.html]
[w.shekharpoint.com/junagarh_fort/index.html]
[w.shekharpoint.com/kumbhalgarh_fort/index.html]
[w.shekharpoint.com/lohagarh_fort/index.html]
[w.shekharpoint.com/mehrangarh_fort/index.html]
[w.shekharpoint.com/purana_qila/index.html]
[w.shekharpoint.com/ranthambore_fort/index.html]
[w.shekharpoint.com/red_fort/index.html]
[w.shekharpoint.com/rohtasgarh_fort/index.html]
[w.shekharpoint.com/salimgarh_fort/index.html]
[w.shekharpoint.com/taj_mahal/index.html]
[w.shekharpoint.com/caffe2/index.html]
[w.shekharpoint.com/deep_learning_with_keras/index.html]
[w.shekharpoint.com/h2o/index.html]
[w.shekharpoint.com/python_deep_learning/index.html]
[w.shekharpoint.com/keras/index.html]
[w.shekharpoint.com/knime/index.html]
[w.shekharpoint.com/logistic_regression_in_python/index.html]
[w.shekharpoint.com/apache_mxnet/index.html]
[w.shekharpoint.com/pybrain/index.html]
[w.shekharpoint.com/scikit_learn/index.html]
[w.shekharpoint.com/theano/index.html]
[w.shekharpoint.com/microsoft_cognitive_toolkit/index.html]
[w.shekharpoint.com/python_data_science/index.html]
[w.shekharpoint.com/3d_figures_and_volumes/index.html]
[w.shekharpoint.com/angles_lines_and_polygons/index.html]
[w.shekharpoint.com/add_and_subtract_fractions/index.html]
[w.shekharpoint.com/add_and_subtract_whole_numbers/index.html]
[w.shekharpoint.com/adding_and_subtracting_decimals/index.html]
[w.shekharpoint.com/circumference_and_area_of_circles/index.html]
[w.shekharpoint.com/converting_between_fractions_decimals_percents/index.html]
[w.shekharpoint.com/converting_fractions_to_decimals/index.html]
[w.shekharpoint.com/converting_decimals_to_fractions/index.html]
[w.shekharpoint.com/equations_and_applications/index.html]
[w.shekharpoint.com/equivalent_plotting_ordering_fractions/index.html]
[w.shekharpoint.com/evaluating_and_writing_expressions/index.html]
[w.shekharpoint.com/finding_percents_and_percent_equations/index.html]
[w.shekharpoint.com/mean_median_and_mode/index.html]
[w.shekharpoint.com/metric_units_of_measurement/index.html]
[w.shekharpoint.com/mixed_numbers/index.html]
[w.shekharpoint.com/multiply_and_divide_decimals/index.html]
[w.shekharpoint.com/multiply_and_divide_fractions/index.html]
[w.shekharpoint.com/multiply_and_divide_whole_numbers/index.html]
[w.shekharpoint.com/ordered_pairs/index.html]
[w.shekharpoint.com/ordering_rounding_and_order_of_operations/index.html]
[w.shekharpoint.com/operations_with_integers/index.html]
[w.shekharpoint.com/percentage_increase_and_decrease/index.html]
[w.shekharpoint.com/perimeter_and_area/index.html]
[w.shekharpoint.com/perimeter_and_area_of_polygons/index.html]
[w.shekharpoint.com/place_value_ordering_and_rounding/index.html]
[w.shekharpoint.com/plotting_and_comparing_signed_numbers/index.html]
[w.shekharpoint.com/prime_numbers_factors_and_multiples/index.html]
[w.shekharpoint.com/properties_of_real_numbers/index.html]
[w.shekharpoint.com/ratios_and_unit_rates/index.html]
[w.shekharpoint.com/surface_areas/index.html]
[w.shekharpoint.com/tables_graphs_functions_and_sequences/index.html]
[w.shekharpoint.com/writing_and_solving_one_step_equations/index.html]
[w.shekharpoint.com/writing_graphing_and_solving_inequalities/index.html]
[w.shekharpoint.com/us_customary_units/index.html]
[w.shekharpoint.com/aurelia/index.html]
[w.shekharpoint.com/cordova/index.html]
[w.shekharpoint.com/flutter/index.html]
[w.shekharpoint.com/google_amp/index.html]
[w.shekharpoint.com/ionic/index.html]
[w.shekharpoint.com/ios_development_with_swift2/index.html]
[w.shekharpoint.com/jquery_mobile/index.html]
[w.shekharpoint.com/mobile_angular_ui/index.html]
[w.shekharpoint.com/meteor/index.html]
[w.shekharpoint.com/nativescript/index.html]
[w.shekharpoint.com/phonegap/index.html]
[w.shekharpoint.com/sl4a/index.html]
[w.shekharpoint.com/crystal_reports/index.html]
[w.shekharpoint.com/sap_abap/index.html]
[w.shekharpoint.com/sap_apo/index.html]
[w.shekharpoint.com/sap_ariba/index.html]
[w.shekharpoint.com/sap_analytics_cloud/index.html]
[w.shekharpoint.com/sap_bex/index.html]
[w.shekharpoint.com/sap_basis/index.html]
[w.shekharpoint.com/sap_bods/index.html]
[w.shekharpoint.com/sap_bo_administration/index.html]
[w.shekharpoint.com/sap_bo_analysis_edition_for_olap/index.html]
[w.shekharpoint.com/sap_bpc/index.html]
[w.shekharpoint.com/sap_business_workflow/index.html]
[w.shekharpoint.com/sap_bw_on_hana/index.html]
[w.shekharpoint.com/sap_bw/index.html]
[w.shekharpoint.com/sap_c4c/index.html]
[w.shekharpoint.com/sap_cca/index.html]
[w.shekharpoint.com/sap_cloud_platform/index.html]
[w.shekharpoint.com/sap_crm/index.html]
[w.shekharpoint.com/sap_dashboards/index.html]
[w.shekharpoint.com/sap_design_studio/index.html]
[w.shekharpoint.com/sap_ewm/index.html]
[w.shekharpoint.com/sap_fico/index.html]
[w.shekharpoint.com/sap_fiori/index.html]
[w.shekharpoint.com/sap_grc/index.html]
[w.shekharpoint.com/sap_hana/index.html]
[w.shekharpoint.com/sap_hana_administration/index.html]
[w.shekharpoint.com/sap_hana_bi_development/index.html]
[w.shekharpoint.com/sap_hr/index.html]
[w.shekharpoint.com/sap_hybris/index.html]
[w.shekharpoint.com/sap_idt/index.html]
[w.shekharpoint.com/sap_lumira/index.html]
[w.shekharpoint.com/sap_mm/index.html]
[w.shekharpoint.com/sap_netweaver/index.html]
[w.shekharpoint.com/sap_payroll/index.html]
[w.shekharpoint.com/sap_pi/index.html]
[w.shekharpoint.com/sap_pm/index.html]
[w.shekharpoint.com/sap_pp/index.html]
[w.shekharpoint.com/sap_ps/index.html]
[w.shekharpoint.com/sap_qm/index.html]
[w.shekharpoint.com/sap_simple_finance/index.html]
[w.shekharpoint.com/sap_simple_logistics/index.html]
[w.shekharpoint.com/sap_scm/index.html]
[w.shekharpoint.com/sap_smart_forms/index.html]
[w.shekharpoint.com/sap_scripts/index.html]
[w.shekharpoint.com/sap_sd/index.html]
[w.shekharpoint.com/sap_security/index.html]
[w.shekharpoint.com/sap_solman/index.html]
[w.shekharpoint.com/sap_srm/index.html]
[w.shekharpoint.com/sap_successfactors/index.html]
[w.shekharpoint.com/sap_testing/index.html]
[w.shekharpoint.com/sap_ui5/index.html]
[w.shekharpoint.com/sap_universe_designer/index.html]
[w.shekharpoint.com/sap_web_dynpro/index.html]
[w.shekharpoint.com/sap_webi/index.html]
[w.shekharpoint.com/sap/index.html]
[w.shekharpoint.com/agile_testing/index.html]
[w.shekharpoint.com/apache_bench/index.html]
[w.shekharpoint.com/balsamiq_mockups/index.html]
[w.shekharpoint.com/bugzilla/index.html]
[w.shekharpoint.com/cmmi/index.html]
[w.shekharpoint.com/computer_security/index.html]
[w.shekharpoint.com/concordion/index.html]
[w.shekharpoint.com/continuous_integration/index.html]
[w.shekharpoint.com/cucumber/index.html]
[w.shekharpoint.com/database_testing/index.html]
[w.shekharpoint.com/espresso_testing/index.html]
[w.shekharpoint.com/ethical_hacking/index.html]
[w.shekharpoint.com/etl_testing/index.html]
[w.shekharpoint.com/internet_security/index.html]
[w.shekharpoint.com/jenkins/index.html]
[w.shekharpoint.com/kali_linux/index.html]
[w.shekharpoint.com/malware_removal/index.html]
[w.shekharpoint.com/metasploit/index.html]
[w.shekharpoint.com/mobile_security/index.html]
[w.shekharpoint.com/mobile_testing/index.html]
[w.shekharpoint.com/mockito/index.html]
[w.shekharpoint.com/network_security/index.html]
[w.shekharpoint.com/protractor/index.html]
[w.shekharpoint.com/penetration_testing/index.html]
[w.shekharpoint.com/python_penetration_testing/index.html]
[w.shekharpoint.com/qc/index.html]
[w.shekharpoint.com/qtp/index.html]
[w.shekharpoint.com/qunit/index.html]
[w.shekharpoint.com/qtest/index.html]
[w.shekharpoint.com/rspec/index.html]
[w.shekharpoint.com/robot_framework/index.html]
[w.shekharpoint.com/security_testing/index.html]
[w.shekharpoint.com/selenium/index.html]
[w.shekharpoint.com/six_sigma/index.html]
[w.shekharpoint.com/software_testing_dictionary/index.html]
[w.shekharpoint.com/software_testing/index.html]
[w.shekharpoint.com/software_quality_management/index.html]
[w.shekharpoint.com/soapui/index.html]
[w.shekharpoint.com/stlc/index.html]
[w.shekharpoint.com/system_analysis_and_design/index.html]
[w.shekharpoint.com/testlink/index.html]
[w.shekharpoint.com/testlodge/index.html]
[w.shekharpoint.com/tesults/index.html]
[w.shekharpoint.com/testrail/index.html]
[w.shekharpoint.com/unittest_framework/index.html]
[w.shekharpoint.com/watir/index.html]
[w.shekharpoint.com/wireless_security/index.html]
[w.shekharpoint.com/advanced_excel_charts/index.html]
[w.shekharpoint.com/advanced_excel_functions/index.html]
[w.shekharpoint.com/apache_flume/index.html]
[w.shekharpoint.com/apache_kafka/index.html]
[w.shekharpoint.com/apache_pig/index.html]
[w.shekharpoint.com/apache_solr/index.html]
[w.shekharpoint.com/apache_spark/index.html]
[w.shekharpoint.com/apache_storm/index.html]
[w.shekharpoint.com/apache_tajo/index.html]
[w.shekharpoint.com/avro/index.html]
[w.shekharpoint.com/aws_quicksight/index.html]
[w.shekharpoint.com/cassandra/index.html]
[w.shekharpoint.com/cognos/index.html]
[w.shekharpoint.com/couchdb/index.html]
[w.shekharpoint.com/dax_functions/index.html]
[w.shekharpoint.com/data_modeling_with_dax/index.html]
[w.shekharpoint.com/excel_dashboards/index.html]
[w.shekharpoint.com/excel_dax/index.html]
[w.shekharpoint.com/excel_data_analysis/index.html]
[w.shekharpoint.com/excel_pivot_tables/index.html]
[w.shekharpoint.com/excel_macros/index.html]
[w.shekharpoint.com/excel_power_pivot/index.html]
[w.shekharpoint.com/excel_power_view/index.html]
[w.shekharpoint.com/googlecharts/index.html]
[w.shekharpoint.com/ggplot2/index.html]
[w.shekharpoint.com/hbase/index.html]
[w.shekharpoint.com/hcatalog/index.html]
[w.shekharpoint.com/highcharts/index.html]
[w.shekharpoint.com/hive/index.html]
[w.shekharpoint.com/impala/index.html]
[w.shekharpoint.com/jfreechart/index.html]
[w.shekharpoint.com/kibana/index.html]
[w.shekharpoint.com/mahout/index.html]
[w.shekharpoint.com/map_reduce/index.html]
[w.shekharpoint.com/pentaho/index.html]
[w.shekharpoint.com/plotly/index.html]
[w.shekharpoint.com/r/index.html]
[w.shekharpoint.com/spark_sql/index.html]
[w.shekharpoint.com/splunk/index.html]
[w.shekharpoint.com/sqoop/index.html]
[w.shekharpoint.com/talend/index.html]
[w.shekharpoint.com/teradata/index.html]
[w.shekharpoint.com/weka/index.html]
[w.shekharpoint.com/zookeeper/index.html]
[w.shekharpoint.com/amazonrds/index.html]
[w.shekharpoint.com/apache_derby/index.html]
[w.shekharpoint.com/arangodb/index.html]
[w.shekharpoint.com/apache_presto/index.html]
[w.shekharpoint.com/documentdb_sql/index.html]
[w.shekharpoint.com/documentdb/index.html]
[w.shekharpoint.com/dynamodb/index.html]
[w.shekharpoint.com/h2_database/index.html]
[w.shekharpoint.com/hsqldb/index.html]
[w.shekharpoint.com/ims_db/index.html]
[w.shekharpoint.com/mariadb/index.html]
[w.shekharpoint.com/mysqli/index.html]
[w.shekharpoint.com/neo4j/index.html]
[w.shekharpoint.com/obiee/index.html]
[w.shekharpoint.com/orientdb/index.html]
[w.shekharpoint.com/postgresql/index.html]
[w.shekharpoint.com/pouchdb/index.html]
[w.shekharpoint.com/redis/index.html]
[w.shekharpoint.com/sqlalchemy/index.html]
[w.shekharpoint.com/sql_certificate/index.html]
[w.shekharpoint.com/sqlite/index.html]
[w.shekharpoint.com/t_sql/index.html]
[w.shekharpoint.com/amplifiers/index.html]
[w.shekharpoint.com/artificial_neural_network/index.html]
[w.shekharpoint.com/analog_communication/index.html]
[w.shekharpoint.com/antenna_theory/index.html]
[w.shekharpoint.com/automata_theory/index.html]
[w.shekharpoint.com/biometrics/index.html]
[w.shekharpoint.com/communication_technologies/index.html]
[w.shekharpoint.com/control_systems/index.html]
[w.shekharpoint.com/convex_optimization/index.html]
[w.shekharpoint.com/cosmology/index.html]
[w.shekharpoint.com/digital_communication/index.html]
[w.shekharpoint.com/digital_signal_processing/index.html]
[w.shekharpoint.com/dsl/index.html]
[w.shekharpoint.com/electronic_circuits/index.html]
[w.shekharpoint.com/electrical_safety/index.html]
[w.shekharpoint.com/electronic_measuring_instruments/index.html]
[w.shekharpoint.com/environmental_studies/index.html]
[w.shekharpoint.com/engineering_ethics/index.html]
[w.shekharpoint.com/fundamentals_of_science_and_technology/index.html]
[w.shekharpoint.com/fuzzy_logic/index.html]
[w.shekharpoint.com/genetic_algorithms/index.html]
[w.shekharpoint.com/linear_integrated_circuits_applications/index.html]
[w.shekharpoint.com/microservice_architecture/index.html]
[w.shekharpoint.com/microwave_engineering/index.html]
[w.shekharpoint.com/mobile_learning_essentials/index.html]
[w.shekharpoint.com/modelling_and_simulation/index.html]
[w.shekharpoint.com/natural_language_processing/index.html]
[w.shekharpoint.com/opennlp/index.html]
[w.shekharpoint.com/opencv/index.html]
[w.shekharpoint.com/optical_networks/index.html]
[w.shekharpoint.com/power_electronics/index.html]
[w.shekharpoint.com/principles_of_communication/index.html]
[w.shekharpoint.com/pulse_circuits/index.html]
[w.shekharpoint.com/radar_systems/index.html]
[w.shekharpoint.com/renewable_energy/index.html]
[w.shekharpoint.com/satellite_communication/index.html]
[w.shekharpoint.com/semiconductor_devices/index.html]
[w.shekharpoint.com/signals_and_systems/index.html]
[w.shekharpoint.com/sinusoidal_oscillators/index.html]
[w.shekharpoint.com/vlsi_design/index.html]
[w.shekharpoint.com/wireless_communication/index.html]
[w.shekharpoint.com/cics/index.html]
[w.shekharpoint.com/cobol/index.html]
[w.shekharpoint.com/jcl/index.html]
[w.shekharpoint.com/vsam/index.html]
[w.shekharpoint.com/advanced_excel/index.html]
[w.shekharpoint.com/asp.net_core/index.html]
[w.shekharpoint.com/asp.net_mvc/index.html]
[w.shekharpoint.com/asp.net_wp/index.html]
[w.shekharpoint.com/dotnet_core/index.html]
[w.shekharpoint.com/batch_script/index.html]
[w.shekharpoint.com/excel_charts/index.html]
[w.shekharpoint.com/fsharp/index.html]
[w.shekharpoint.com/linq/index.html]
[w.shekharpoint.com/mfc/index.html]
[w.shekharpoint.com/microsoft_azure/index.html]
[w.shekharpoint.com/microsoft_crm/index.html]
[w.shekharpoint.com/microsoft_expression_web/index.html]
[w.shekharpoint.com/microsoft_flow/index.html]
[w.shekharpoint.com/microsoft_visio/index.html]
[w.shekharpoint.com/microstrategy/index.html]
[w.shekharpoint.com/ms_access/index.html]
[w.shekharpoint.com/ms_sql_server/index.html]
[w.shekharpoint.com/mvvm/index.html]
[w.shekharpoint.com/nhibernate/index.html]
[w.shekharpoint.com/powerpoint/index.html]
[w.shekharpoint.com/powershell/index.html]
[w.shekharpoint.com/sharepoint/index.html]
[w.shekharpoint.com/silverlight/index.html]
[w.shekharpoint.com/vba/index.html]
[w.shekharpoint.com/wcf/index.html]
[w.shekharpoint.com/windows_server_2012/index.html]
[w.shekharpoint.com/windows10_development/index.html]
[w.shekharpoint.com/windows10/index.html]
[w.shekharpoint.com/wpf/index.html]
[w.shekharpoint.com/xaml/index.html]
[w.shekharpoint.com/ant/index.html]
[w.shekharpoint.com/apache_ivy/index.html]
[w.shekharpoint.com/commons_collections/index.html]
[w.shekharpoint.com/commons_io/index.html]
[w.shekharpoint.com/apache_httpclient/index.html]
[w.shekharpoint.com/apache_nifi/index.html]
[w.shekharpoint.com/apache_poi_ppt/index.html]
[w.shekharpoint.com/apache_poi_word/index.html]
[w.shekharpoint.com/apache_poi/index.html]
[w.shekharpoint.com/awt/index.html]
[w.shekharpoint.com/boon/index.html]
[w.shekharpoint.com/commons_cli/index.html]
[w.shekharpoint.com/dbutils/index.html]
[w.shekharpoint.com/design_pattern/index.html]
[w.shekharpoint.com/easymock/index.html]
[w.shekharpoint.com/eclipse/index.html]
[w.shekharpoint.com/ejb/index.html]
[w.shekharpoint.com/gson/index.html]
[w.shekharpoint.com/guava/index.html]
[w.shekharpoint.com/guice/index.html]
[w.shekharpoint.com/gwt_googlecharts/index.html]
[w.shekharpoint.com/gwt_highcharts/index.html]
[w.shekharpoint.com/ibatis/index.html]
[w.shekharpoint.com/intellij_idea/index.html]
[w.shekharpoint.com/jackson/index.html]
[w.shekharpoint.com/jackson_annotations/index.html]
[w.shekharpoint.com/jasper_reports/index.html]
[w.shekharpoint.com/json_simple/index.html]
[w.shekharpoint.com/java/index.html]
[w.shekharpoint.com/java9/index.html]
[w.shekharpoint.com/java_cryptography/index.html]
[w.shekharpoint.com/java_concurrency/index.html]
[w.shekharpoint.com/java_generics/index.html]
[w.shekharpoint.com/java_rmi/index.html]
[w.shekharpoint.com/javatuples/index.html]
[w.shekharpoint.com/java/io/index.html]
[w.shekharpoint.com/java_i18n/index.html]
[w.shekharpoint.com/java/java_interview_questions.html]
[w.shekharpoint.com/java/lang/index.html]
[w.shekharpoint.com/java_nio/index.html]
[w.shekharpoint.com/javareflect/index.html]
[w.shekharpoint.com/javaregex/index.html]
[w.shekharpoint.com/javatime/index.html]
[w.shekharpoint.com/java/math/index.html]
[w.shekharpoint.com/java/util/index.html]
[w.shekharpoint.com/java_xml/index.html]
[w.shekharpoint.com/javazip/index.html]
[w.shekharpoint.com/javaexamples/index.html]
[w.shekharpoint.com/javafx/index.html]
[w.shekharpoint.com/javamail_api/index.html]
[w.shekharpoint.com/java_virtual_machine/index.html]
[w.shekharpoint.com/jbpm5/index.html]
[w.shekharpoint.com/jdb/index.html]
[w.shekharpoint.com/jmeter/index.html]
[w.shekharpoint.com/jsoup/index.html]
[w.shekharpoint.com/jogl/index.html]
[w.shekharpoint.com/jpa/index.html]
[w.shekharpoint.com/json/index.html]
[w.shekharpoint.com/jsp/index.html]
[w.shekharpoint.com/junit/index.html]
[w.shekharpoint.com/log4j/index.html]
[w.shekharpoint.com/lucene/index.html]
[w.shekharpoint.com/maven/index.html]
[w.shekharpoint.com/mulesoft/index.html]
[w.shekharpoint.com/org_json/index.html]
[w.shekharpoint.com/pdfbox/index.html]
[w.shekharpoint.com/passay/index.html]
[w.shekharpoint.com/rxjava/index.html]
[w.shekharpoint.com/slf4j/index.html]
[w.shekharpoint.com/springaop/index.html]
[w.shekharpoint.com/spring_batch/index.html]
[w.shekharpoint.com/spring_boot/index.html]
[w.shekharpoint.com/springbootcli/index.html]
[w.shekharpoint.com/springjdbc/index.html]
[w.shekharpoint.com/springmvc/index.html]
[w.shekharpoint.com/springws/index.html]
[w.shekharpoint.com/struts_2/index.html]
[w.shekharpoint.com/swingexamples/index.html]
[w.shekharpoint.com/testng/index.html]
[w.shekharpoint.com/tika/index.html]
[w.shekharpoint.com/xerces/index.html]
[w.shekharpoint.com/xstream/index.html]
[w.shekharpoint.com/aiml/index.html]
[w.shekharpoint.com/dom/index.html]
[w.shekharpoint.com/dtd/index.html]
[w.shekharpoint.com/ebxml/index.html]
[w.shekharpoint.com/wsdl/index.html]
[w.shekharpoint.com/xml-rpc/index.html]
[w.shekharpoint.com/xml/index.html]
[w.shekharpoint.com/xpath/index.html]
[w.shekharpoint.com/xquery/index.html]
[w.shekharpoint.com/xsd/index.html]
[w.shekharpoint.com/xslt/index.html]
[w.shekharpoint.com/beautiful_soup/index.html]
[w.shekharpoint.com/biopython/index.html]
[w.shekharpoint.com/bokeh/index.html]
[w.shekharpoint.com/concurrency_in_python/index.html]
[w.shekharpoint.com/cryptography_with_python/index.html]
[w.shekharpoint.com/jupyter/index.html]
[w.shekharpoint.com/jython/index.html]
[w.shekharpoint.com/matplotlib/index.html]
[w.shekharpoint.com/numpy/index.html]
[w.shekharpoint.com/object_oriented_python/index.html]
[w.shekharpoint.com/pygtk/index.html]
[w.shekharpoint.com/pyqt/index.html]
[w.shekharpoint.com/python3/index.html]
[w.shekharpoint.com/pycharm/index.html]
[w.shekharpoint.com/python_data_access/index.html]
[w.shekharpoint.com/python_data_persistence/index.html]
[w.shekharpoint.com/python_design_patterns/index.html]
[w.shekharpoint.com/python_digital_forensics/index.html]
[w.shekharpoint.com/python_web_scraping/index.html]
[w.shekharpoint.com/python_data_structure/index.html]
[w.shekharpoint.com/python_mongodb/index.html]
[w.shekharpoint.com/python_mysql/index.html]
[w.shekharpoint.com/python_pillow/index.html]
[w.shekharpoint.com/python_postgresql/index.html]
[w.shekharpoint.com/python_sqlite/index.html]
[w.shekharpoint.com/python_network_programming/index.html]
[w.shekharpoint.com/pytest/index.html]
[w.shekharpoint.com/python_text_processing/index.html]
[w.shekharpoint.com/python_forensics/index.html]
[w.shekharpoint.com/python_pandas/index.html]
[w.shekharpoint.com/python_web_development_libraries/index.html]
[w.shekharpoint.com/pyspark/index.html]
[w.shekharpoint.com/rxpy/index.html]
[w.shekharpoint.com/seaborn/index.html]
[w.shekharpoint.com/scipy/index.html]
[w.shekharpoint.com/sympy/index.html]
[w.shekharpoint.com/wxpython/index.html]
[w.shekharpoint.com/american_football/index.html]
[w.shekharpoint.com/archery/index.html]
[w.shekharpoint.com/athletics/index.html]
[w.shekharpoint.com/australian_football/index.html]
[w.shekharpoint.com/badminton/index.html]
[w.shekharpoint.com/bandy/index.html]
[w.shekharpoint.com/barefoot_skiing/index.html]
[w.shekharpoint.com/baseball/index.html]
[w.shekharpoint.com/basketball/index.html]
[w.shekharpoint.com/beach_volleyball/index.html]
[w.shekharpoint.com/biathlon/index.html]
[w.shekharpoint.com/billiards/index.html]
[w.shekharpoint.com/bmx/index.html]
[w.shekharpoint.com/bobsleigh/index.html]
[w.shekharpoint.com/boxing/index.html]
[w.shekharpoint.com/brazilian_jiu_jitsu/index.html]
[w.shekharpoint.com/bull_riding/index.html]
[w.shekharpoint.com/canoeing/index.html]
[w.shekharpoint.com/carrom/index.html]
[w.shekharpoint.com/competitive_climbing/index.html]
[w.shekharpoint.com/competitive_dance/index.html]
[w.shekharpoint.com/cricket/index.html]
[w.shekharpoint.com/croquet/index.html]
[w.shekharpoint.com/curling/index.html]
[w.shekharpoint.com/cycling/index.html]
[w.shekharpoint.com/darts/index.html]
[w.shekharpoint.com/discus_throw/index.html]
[w.shekharpoint.com/diving/index.html]
[w.shekharpoint.com/downhill_skiing/index.html]
[w.shekharpoint.com/drag_racing/index.html]
[w.shekharpoint.com/dragon_boating/index.html]
[w.shekharpoint.com/equestrian/index.html]
[w.shekharpoint.com/fencing/index.html]
[w.shekharpoint.com/football/index.html]
[w.shekharpoint.com/formula_one/index.html]
[w.shekharpoint.com/freestyle_skiing/index.html]
[w.shekharpoint.com/golf/index.html]
[w.shekharpoint.com/gymkhana_grid/index.html]
[w.shekharpoint.com/hammer_throw/index.html]
[w.shekharpoint.com/handball/index.html]
[w.shekharpoint.com/high_jump/index.html]
[w.shekharpoint.com/hockey/index.html]
[w.shekharpoint.com/horse_racing/index.html]
[w.shekharpoint.com/ice_hockey/index.html]
[w.shekharpoint.com/ice_mountaineering/index.html]
[w.shekharpoint.com/indycar/index.html]
[w.shekharpoint.com/javelin_throw/index.html]
[w.shekharpoint.com/judo/index.html]
[w.shekharpoint.com/kabaddi/index.html]
[w.shekharpoint.com/karate/index.html]
[w.shekharpoint.com/kickboxing/index.html]
[w.shekharpoint.com/lacrosse/index.html]
[w.shekharpoint.com/lawn_bowling/index.html]
[w.shekharpoint.com/long_jump/index.html]
[w.shekharpoint.com/mixed_martial_arts/index.html]
[w.shekharpoint.com/modern_pentathlon/index.html]
[w.shekharpoint.com/mountain_biking/index.html]
[w.shekharpoint.com/nordic_combined/index.html]
[w.shekharpoint.com/paragliding/index.html]
[w.shekharpoint.com/pole_vault/index.html]
[w.shekharpoint.com/polo/index.html]
[w.shekharpoint.com/pool/index.html]
[w.shekharpoint.com/racquetball/index.html]
[w.shekharpoint.com/racewalking/index.html]
[w.shekharpoint.com/rafting/index.html]
[w.shekharpoint.com/roller_hockey/index.html]
[w.shekharpoint.com/roller_skating/index.html]
[w.shekharpoint.com/rally/index.html]
[w.shekharpoint.com/rowing/index.html]
[w.shekharpoint.com/running/index.html]
[w.shekharpoint.com/sailing/index.html]
[w.shekharpoint.com/sambo/index.html]
[w.shekharpoint.com/scootering/index.html]
[w.shekharpoint.com/sepak_takraw/index.html]
[w.shekharpoint.com/shot_put/index.html]
[w.shekharpoint.com/ski_jumping/index.html]
[w.shekharpoint.com/sky_surfing/index.html]
[w.shekharpoint.com/snooker/index.html]
[w.shekharpoint.com/snowboarding/index.html]
[w.shekharpoint.com/softball/index.html]
[w.shekharpoint.com/speed_skating/index.html]
[w.shekharpoint.com/speedway/index.html]
[w.shekharpoint.com/squash/index.html]
[w.shekharpoint.com/swimming/index.html]
[w.shekharpoint.com/synchronized_swimming/index.html]
[w.shekharpoint.com/table_tennis/index.html]
[w.shekharpoint.com/ten_pin_bowling/index.html]
[w.shekharpoint.com/tennis/index.html]
[w.shekharpoint.com/touring_car_racing/index.html]
[w.shekharpoint.com/trampolining/index.html]
[w.shekharpoint.com/trial_biking/index.html]
[w.shekharpoint.com/triathlon/index.html]
[w.shekharpoint.com/volleyball/index.html]
[w.shekharpoint.com/wakeboarding/index.html]
[w.shekharpoint.com/water_polo/index.html]
[w.shekharpoint.com/water_skiing/index.html]
[w.shekharpoint.com/weightlifting/index.html]
[w.shekharpoint.com/windsurfing/index.html]
[w.shekharpoint.com/wrestling/index.html]
[w.shekharpoint.com/wushu/index.html]
[w.shekharpoint.com/unix_sockets/index.html]
[w.shekharpoint.com/apex/index.html]
[w.shekharpoint.com/arduino/index.html]
[w.shekharpoint.com/assembly_programming/index.html]
[w.shekharpoint.com/awk/index.html]
[w.shekharpoint.com/c_standard_library/index.html]
[w.shekharpoint.com/clojure/index.html]
[w.shekharpoint.com/cpp_standard_library/index.html]
[w.shekharpoint.com/dart_programming/index.html]
[w.shekharpoint.com/d_programming/index.html]
[w.shekharpoint.com/elixir/index.html]
[w.shekharpoint.com/elm/index.html]
[w.shekharpoint.com/erlang/index.html]
[w.shekharpoint.com/euphoria/index.html]
[w.shekharpoint.com/fortran/index.html]
[w.shekharpoint.com/go/index.html]
[w.shekharpoint.com/groovy/index.html]
[w.shekharpoint.com/haskell/index.html]
[w.shekharpoint.com/java_beanutils/index.html]
[w.shekharpoint.com/kdbplus/index.html]
[w.shekharpoint.com/lisp/index.html]
[w.shekharpoint.com/lolcode/index.html]
[w.shekharpoint.com/logo/index.html]
[w.shekharpoint.com/matlab/index.html]
[w.shekharpoint.com/nodejs/index.html]
[w.shekharpoint.com/objective_c/index.html]
[w.shekharpoint.com/oauth2.0/index.html]
[w.shekharpoint.com/pascal/index.html]
[w.shekharpoint.com/parrot/index.html]
[w.shekharpoint.com/perl/perl_cgi.html]
[w.shekharpoint.com/rexx/index.html]
[w.shekharpoint.com/rust/index.html]
[w.shekharpoint.com/scala_collections/index.html]
[w.shekharpoint.com/socket.io/index.html]
[w.shekharpoint.com/solidity/index.html]
[w.shekharpoint.com/webassembly/index.html]
[w.shekharpoint.com/ansible/index.html]
[w.shekharpoint.com/chef/index.html]
[w.shekharpoint.com/consul/index.html]
[w.shekharpoint.com/docker/index.html]
[w.shekharpoint.com/gerrit/index.html]
[w.shekharpoint.com/git/index.html]
[w.shekharpoint.com/gitlab/index.html]
[w.shekharpoint.com/jira/index.html]
[w.shekharpoint.com/kubernetes/index.html]
[w.shekharpoint.com/logstash/index.html]
[w.shekharpoint.com/makefile/index.html]
[w.shekharpoint.com/mantis/index.html]
[w.shekharpoint.com/nagios/index.html]
[w.shekharpoint.com/puppet/index.html]
[w.shekharpoint.com/saltstack/index.html]
[w.shekharpoint.com/servicenow/index.html]
[w.shekharpoint.com/scrapy/index.html]
[w.shekharpoint.com/svn/index.html]
[w.shekharpoint.com/unix/index.html]
[w.shekharpoint.com/linux_admin/index.html]
[w.shekharpoint.com/ubuntu/index.html]
[w.shekharpoint.com/virtualization2.0/index.html]
[w.shekharpoint.com/versionone/index.html]
[w.shekharpoint.com/apache_camel/index.html]
[w.shekharpoint.com/apache_flink/index.html]
[w.shekharpoint.com/cloudrail/index.html]
[w.shekharpoint.com/elasticsearch/index.html]
[w.shekharpoint.com/salesforce/index.html]
[w.shekharpoint.com/tweetdeck/index.html]
[w.shekharpoint.com/uipath/index.html]
[w.shekharpoint.com/unity/index.html]
[w.shekharpoint.com/5g/index.html]
[w.shekharpoint.com/cdma/index.html]
[w.shekharpoint.com/ftth/index.html]
[w.shekharpoint.com/gprs/index.html]
[w.shekharpoint.com/gsm/index.html]
[w.shekharpoint.com/i-mode/index.html]
[w.shekharpoint.com/lte/index.html]
[w.shekharpoint.com/ngn/index.html]
[w.shekharpoint.com/session_initiation_protocol/index.html]
[w.shekharpoint.com/telecom-billing/index.html]
[w.shekharpoint.com/telecommunication_switching_systems_and_networks/index.html]
[w.shekharpoint.com/umts/index.html]
[w.shekharpoint.com/wap/index.html]
[w.shekharpoint.com/wi-fi/index.html]
[w.shekharpoint.com/wimax/index.html]
[w.shekharpoint.com/wml/index.html]
[w.shekharpoint.com/exams_syllabus.html]
[w.shekharpoint.com/bihar_psc_syllabus/index.html]
[w.shekharpoint.com/cds_syllabus/index.html]
[w.shekharpoint.com/chhattisgarh_psc_syllabus/index.html]
[w.shekharpoint.com/civil_services_exam_syllabus/index.html]
[w.shekharpoint.com/gate_syllabus/index.html]
[w.shekharpoint.com/ibps_po_syllabus/index.html]
[w.shekharpoint.com/madhya_pradesh_psc_syllabus/index.html]
[w.shekharpoint.com/nda_syllabus/index.html]
[w.shekharpoint.com/rajasthan_psc_syllabus/index.html]
[w.shekharpoint.com/sbi_po_syllabus/index.html]
[w.shekharpoint.com/uttar_pradesh_psc_syllabus/index.html]
[w.shekharpoint.com/biology_part1/index.html]
[w.shekharpoint.com/biology_part2/index.html]
[w.shekharpoint.com/chemistry_part1/index.html]
[w.shekharpoint.com/chemistry_part2/index.html]
[w.shekharpoint.com/physics_part1/index.html]
[w.shekharpoint.com/physics_part2/index.html]
[w.shekharpoint.com/current_affairs/index.html]
[w.shekharpoint.com/quantitative_aptitude/index.html]
[w.shekharpoint.com/geography/index.html]
[w.shekharpoint.com/indian_economy/index.html]
[w.shekharpoint.com/indian_polity/index.html]
[w.shekharpoint.com/ancient_indian_history/index.html]
[w.shekharpoint.com/modern_indian_history/index.html]
[w.shekharpoint.com/medieval_indian_history/index.html]
[w.shekharpoint.com/general_knowledge/index.html]
[w.shekharpoint.com/verbal_ability/index.html]
[w.shekharpoint.com/reasoning/index.html]
[w.shekharpoint.com/apache_cxf/index.html]
[w.shekharpoint.com/ajax/index.html]
[w.shekharpoint.com/amazon_web_services/index.html]
[w.shekharpoint.com/angular_googlecharts/index.html]
[w.shekharpoint.com/angular_highcharts/index.html]
[w.shekharpoint.com/angular_material/index.html]
[w.shekharpoint.com/angular_material7/index.html]
[w.shekharpoint.com/angular2/index.html]
[w.shekharpoint.com/angular6/index.html]
[w.shekharpoint.com/angular7/index.html]
[w.shekharpoint.com/angularjs/index.html]
[w.shekharpoint.com/angular_cli/index.html]
[w.shekharpoint.com/apache_tapestry/index.html]
[w.shekharpoint.com/atomics/index.html]
[w.shekharpoint.com/axure_rp/index.html]
[w.shekharpoint.com/aws_lambda/index.html]
[w.shekharpoint.com/babeljs/index.html]
[w.shekharpoint.com/babylonjs/index.html]
[w.shekharpoint.com/backbonejs/index.html]
[w.shekharpoint.com/bootstrap/index.html]
[w.shekharpoint.com/bootstrap4/index.html]
[w.shekharpoint.com/bulma/index.html]
[w.shekharpoint.com/cakephp/index.html]
[w.shekharpoint.com/cherrypy/index.html]
[w.shekharpoint.com/codeigniter/index.html]
[w.shekharpoint.com/coffeescript/index.html]
[w.shekharpoint.com/cpanel/index.html]
[w.shekharpoint.com/css_buttons/index.html]
[w.shekharpoint.com/d3js/index.html]
[w.shekharpoint.com/dcjs/index.html]
[w.shekharpoint.com/django/index.html]
[w.shekharpoint.com/drupal/index.html]
[w.shekharpoint.com/electron/index.html]
[w.shekharpoint.com/emberjs/index.html]
[w.shekharpoint.com/expressjs/index.html]
[w.shekharpoint.com/extjs/index.html]
[w.shekharpoint.com/es6/index.html]
[w.shekharpoint.com/firebase/index.html]
[w.shekharpoint.com/flask/index.html]
[w.shekharpoint.com/flex/index.html]
[w.shekharpoint.com/flexbox/index.html]
[w.shekharpoint.com/foundation/index.html]
[w.shekharpoint.com/framework7/index.html]
[w.shekharpoint.com/fuelphp/index.html]
[w.shekharpoint.com/graphql/index.html]
[w.shekharpoint.com/grav/index.html]
[w.shekharpoint.com/google_maps/index.html]
[w.shekharpoint.com/grunt/index.html]
[w.shekharpoint.com/gulp/index.html]
[w.shekharpoint.com/gwt/index.html]
[w.shekharpoint.com/html5/index.html]
[w.shekharpoint.com/jasminejs/index.html]
[w.shekharpoint.com/joomla/index.html]
[w.shekharpoint.com/jquery/index.html]
[w.shekharpoint.com/jqueryui/index.html]
[w.shekharpoint.com/jsf/index.html]
[w.shekharpoint.com/knockoutjs/index.html]
[w.shekharpoint.com/koajs/index.html]
[w.shekharpoint.com/laravel/index.html]
[w.shekharpoint.com/less/index.html]
[w.shekharpoint.com/leafletjs/index.html]
[w.shekharpoint.com/nextjs/index.html]
[w.shekharpoint.com/mathml/index.html]
[w.shekharpoint.com/magento/index.html]
[w.shekharpoint.com/materialdesignlite/index.html]
[w.shekharpoint.com/materialize/index.html]
[w.shekharpoint.com/meanjs/index.html]
[w.shekharpoint.com/momentjs/index.html]
[w.shekharpoint.com/mootools/index.html]
[w.shekharpoint.com/mvc_framework/index.html]
[w.shekharpoint.com/parallax_scrolling_in_web_design/index.html]
[w.shekharpoint.com/phantomjs/index.html]
[w.shekharpoint.com/phalcon/index.html]
[w.shekharpoint.com/php7/index.html]
[w.shekharpoint.com/prototype/index.html]
[w.shekharpoint.com/polymer/index.html]
[w.shekharpoint.com/purecss/index.html]
[w.shekharpoint.com/requests/index.html]
[w.shekharpoint.com/redux/index.html]
[w.shekharpoint.com/richfaces/index.html]
[w.shekharpoint.com/riotjs/index.html]
[w.shekharpoint.com/reactjs/index.html]
[w.shekharpoint.com/requirejs/index.html]
[w.shekharpoint.com/restful/index.html]
[w.shekharpoint.com/ruby-on-rails-2.1/index.html]
[w.shekharpoint.com/ruby-on-rails/index.html]
[w.shekharpoint.com/rxjs/index.html]
[w.shekharpoint.com/sass/index.html]
[w.shekharpoint.com/sencha_touch/index.html]
[w.shekharpoint.com/script.aculo.us/index.html]
[w.shekharpoint.com/svg/index.html]
[w.shekharpoint.com/symfony/index.html]
[w.shekharpoint.com/turbogears/index.html]
[w.shekharpoint.com/typescript/index.html]
[w.shekharpoint.com/typeorm/index.html]
[w.shekharpoint.com/underscorejs/index.html]
[w.shekharpoint.com/vaadin/index.html]
[w.shekharpoint.com/vbscript/index.html]
[w.shekharpoint.com/vuejs/index.html]
[w.shekharpoint.com/w3css/index.html]
[w.shekharpoint.com/web_developers_guide/index.html]
[w.shekharpoint.com/web_icons/index.html]
[w.shekharpoint.com/web2py/index.html]
[w.shekharpoint.com/webgl/index.html]
[w.shekharpoint.com/webrtc/index.html]
[w.shekharpoint.com/webservices/index.html]
[w.shekharpoint.com/website_development/index.html]
[w.shekharpoint.com/websockets/index.html]
[w.shekharpoint.com/wordpress/index.html]
[w.shekharpoint.com/xhtml/index.html]
[w.shekharpoint.com/yii/index.html]
[w.shekharpoint.com/zend_framework/index.html]
[w.shekharpoint.com/lua/index.html]
[w.shekharpoint.com/perl/index.html]
[w.shekharpoint.com/ruby/index.html]
[w.shekharpoint.com/sed/index.html]
[w.shekharpoint.com/tcl-tk/index.html]
[w.shekharpoint.com/appreciative_inquiry/index.html]
[w.shekharpoint.com/advertisement_and_marketing_communications/index.html]
[w.shekharpoint.com/aviation_management/index.html]
[w.shekharpoint.com/bank_management/index.html]
[w.shekharpoint.com/brand_management/index.html]
[w.shekharpoint.com/business_analysis/index.html]
[w.shekharpoint.com/business_law/index.html]
[w.shekharpoint.com/business_sales_training/index.html]
[w.shekharpoint.com/classroom_management/index.html]
[w.shekharpoint.com/coaching_and_mentoring/index.html]
[w.shekharpoint.com/collaborative_management/index.html]
[w.shekharpoint.com/consumer_behavior/index.html]
[w.shekharpoint.com/customer_relationship_management/index.html]
[w.shekharpoint.com/customer_service/index.html]
[w.shekharpoint.com/earn_value_management/index.html]
[w.shekharpoint.com/employee_engagement/index.html]
[w.shekharpoint.com/employee_onboarding/index.html]
[w.shekharpoint.com/entrepreneurship_development/index.html]
[w.shekharpoint.com/entrepreneurship_skills/index.html]
[w.shekharpoint.com/food_and_beverage_services/index.html]
[w.shekharpoint.com/food_production_operations/index.html]
[w.shekharpoint.com/front_office_management/index.html]
[w.shekharpoint.com/functions_of_sales_manager/index.html]
[w.shekharpoint.com/hotel_housekeeping/index.html]
[w.shekharpoint.com/human_resource_management/index.html]
[w.shekharpoint.com/individual_and_group_behavior/index.html]
[w.shekharpoint.com/international_business_management/index.html]
[w.shekharpoint.com/international_finance/index.html]
[w.shekharpoint.com/international_marketing/index.html]
[w.shekharpoint.com/kanban/index.html]
[w.shekharpoint.com/knowledge_management/index.html]
[w.shekharpoint.com/management_concepts/index.html]
[w.shekharpoint.com/management_principles/index.html]
[w.shekharpoint.com/managerial_economics/index.html]
[w.shekharpoint.com/marketing_management/index.html]
[w.shekharpoint.com/outcome_measurement/index.html]
[w.shekharpoint.com/organizational_behavior/index.html]
[w.shekharpoint.com/organizational_design/index.html]
[w.shekharpoint.com/performance_management/index.html]
[w.shekharpoint.com/personal_branding/index.html]
[w.shekharpoint.com/public_library_management/index.html]
[w.shekharpoint.com/pmp-exams/index.html]
[w.shekharpoint.com/professional_ethics/index.html]
[w.shekharpoint.com/recruitment_and_selection/index.html]
[w.shekharpoint.com/retail_management/index.html]
[w.shekharpoint.com/rural_marketing/index.html]
[w.shekharpoint.com/sales_and_distribution_management/index.html]
[w.shekharpoint.com/scrum/index.html]
[w.shekharpoint.com/shop_floor_management/index.html]
[w.shekharpoint.com/strategic_management/index.html]
[w.shekharpoint.com/supply_chain_management/index.html]
[w.shekharpoint.com/talent_management/index.html]
[w.shekharpoint.com/tourism_management/index.html]
[w.shekharpoint.com/anger_management/index.html]
[w.shekharpoint.com/assertiveness/index.html]
[w.shekharpoint.com/attention_management/index.html]
[w.shekharpoint.com/body_language/index.html]
[w.shekharpoint.com/business_acumen/index.html]
[w.shekharpoint.com/business_dress_code/index.html]
[w.shekharpoint.com/business_ethics/index.html]
[w.shekharpoint.com/business_etiquette/index.html]
[w.shekharpoint.com/business_negotiation_skills/index.html]
[w.shekharpoint.com/business_writing_skills/index.html]
[w.shekharpoint.com/career_development_planning/index.html]
[w.shekharpoint.com/collaborative_writing/index.html]
[w.shekharpoint.com/cracking_interviews/index.html]
[w.shekharpoint.com/creative_problem_solving/index.html]
[w.shekharpoint.com/critical_thinking/index.html]
[w.shekharpoint.com/design_thinking/index.html]
[w.shekharpoint.com/developing_creativity/index.html]
[w.shekharpoint.com/effective_communication/index.html]
[w.shekharpoint.com/employee_motivation/index.html]
[w.shekharpoint.com/employee_retention/index.html]
[w.shekharpoint.com/employee_supervision/index.html]
[w.shekharpoint.com/evolution_of_etiquette/index.html]
[w.shekharpoint.com/executive_assistant_coaching/index.html]
[w.shekharpoint.com/generation_gap_at_workplace/index.html]
[w.shekharpoint.com/how_to_interview/index.html]
[w.shekharpoint.com/impromptu_speaking/index.html]
[w.shekharpoint.com/improving_personal_productivity/index.html]
[w.shekharpoint.com/incentive_planning/index.html]
[w.shekharpoint.com/interpersonal_skills/index.html]
[w.shekharpoint.com/job_search_skills/index.html]
[w.shekharpoint.com/managing_the_manager/index.html]
[w.shekharpoint.com/mid_level_managers/index.html]
[w.shekharpoint.com/motivating_skills/index.html]
[w.shekharpoint.com/occupational_health_management/index.html]
[w.shekharpoint.com/office_filing_procedure/index.html]
[w.shekharpoint.com/positive_body_language/index.html]
[w.shekharpoint.com/sales_forecasting/index.html]
[w.shekharpoint.com/sales_planning/index.html]
[w.shekharpoint.com/self_confidence/index.html]
[w.shekharpoint.com/self_esteem/index.html]
[w.shekharpoint.com/social_intelligence/index.html]
[w.shekharpoint.com/social_learning/index.html]
[w.shekharpoint.com/spoken_english_errors/index.html]
[w.shekharpoint.com/team_building/index.html]
[w.shekharpoint.com/the_art_of_happiness/index.html]
[w.shekharpoint.com/thematic_apperception_test/index.html]
[w.shekharpoint.com/women_in_leadership/index.html]
[w.shekharpoint.com/work_life_balance/index.html]
[w.shekharpoint.com/workplace_civility/index.html]
[w.shekharpoint.com/workplace_diversity/index.html]
[w.shekharpoint.com/workplace_politics/index.html]
[w.shekharpoint.com/workplace_safety/index.html]
[w.shekharpoint.com/workplace_stress/index.html]
[w.shekharpoint.com/workplace_wellness/index.html]
[w.shekharpoint.com/awselasticache/index.html]
[w.shekharpoint.com/adobe_indesign_cc/index.html]
[w.shekharpoint.com/adobe_robohelp/index.html]
[w.shekharpoint.com/abbreviations/index.html]
[w.shekharpoint.com/bpel/index.html]
[w.shekharpoint.com/dll/index.html]
[w.shekharpoint.com/drools/index.html]
[w.shekharpoint.com/google_colab/index.html]
[w.shekharpoint.com/gnu_debugger/index.html]
[w.shekharpoint.com/gradle/index.html]
[w.shekharpoint.com/ifsccode/index.html]
[w.shekharpoint.com/itil/index.html]
[w.shekharpoint.com/itext/index.html]
[w.shekharpoint.com/gensim/index.html]
[w.shekharpoint.com/jboss_fuse/index.html]
[w.shekharpoint.com/natural_language_toolkit/index.html]
[w.shekharpoint.com/pincode/index.html]
[w.shekharpoint.com/radius/index.html]
[w.shekharpoint.com/rss/index.html]
[w.shekharpoint.com/sublime_text/index.html]
[w.shekharpoint.com/tex_commands/index.html]
[w.shekharpoint.com/vim/index.html]
[w.shekharpoint.com/vlcj/index.html]
[w.shekharpoint.com/tutorialslibrary.html]
[w.shekharpoint.com/yaml/index.html]
[w.shekharpoint.com/videotutorials/css/videose3ba.css]
[w.shekharpoint.com/videotutorials/js/vendors.min.js]
[w.shekharpoint.com/videotutorials/js/fontawesomed3cb.js]
[w.shekharpoint.com/videotutorials/js/videos-custom7839.js]
[code.jquery.com/ui/1.10.4/jquery-ui.js]
[w.shekharpoint.com/videotutorials/js/videosdee1.js]
[w.shekharpoint.com/videotutorials/images/tp-diamond.png]
[w.shekharpoint.com/videotutorials/images/tp-diamond-text.png]
[w.shekharpoint.com/videotutorials/category/development.html]
[w.shekharpoint.com/videotutorials/category/data-science-and-ai-ml.html]
[w.shekharpoint.com/videotutorials/category/artificial_intelligence.html]
[w.shekharpoint.com/videotutorials/category/data_analysis.html]
[w.shekharpoint.com/videotutorials/category/deep_learning.html]
[w.shekharpoint.com/videotutorials/category/machine_learning.html]
[w.shekharpoint.com/videotutorials/category/python.html]
[w.shekharpoint.com/videotutorials/category/neural_networks.html]
[w.shekharpoint.com/videotutorials/category/tensorflow.html]
[w.shekharpoint.com/videotutorials/category/r-programming.html]
[w.shekharpoint.com/videotutorials/category/data_mining.html]
[w.shekharpoint.com/videotutorials/category/data_science_other.html]
[w.shekharpoint.com/videotutorials/category/databases.html]
[w.shekharpoint.com/videotutorials/category/apache_kafka.html]
[w.shekharpoint.com/videotutorials/category/database_management.html]
[w.shekharpoint.com/videotutorials/category/mongodb.html]
[w.shekharpoint.com/videotutorials/category/mysql.html]
[w.shekharpoint.com/videotutorials/category/oracle_certification.html]
[w.shekharpoint.com/videotutorials/category/oracle_sql.html]
[w.shekharpoint.com/videotutorials/category/sql.html]
[w.shekharpoint.com/videotutorials/category/sql_server.html]
[w.shekharpoint.com/videotutorials/category/database_programming.html]
[w.shekharpoint.com/videotutorials/category/databases_other.html]
[w.shekharpoint.com/videotutorials/category/development_tools.html]
[w.shekharpoint.com/videotutorials/category/aws_certification.html]
[w.shekharpoint.com/videotutorials/category/devops.html]
[w.shekharpoint.com/videotutorials/category/docker.html]
[w.shekharpoint.com/videotutorials/category/git.html]
[w.shekharpoint.com/videotutorials/category/jira.html]
[w.shekharpoint.com/videotutorials/category/kubernetes.html]
[w.shekharpoint.com/videotutorials/category/aws_certified_developer_associate.html]
[w.shekharpoint.com/videotutorials/category/jenkins.html]
[w.shekharpoint.com/videotutorials/category/development_tools_other.html]
[w.shekharpoint.com/videotutorials/category/game_development.html]
[w.shekharpoint.com/videotutorials/category/3d_game_development.html]
[w.shekharpoint.com/videotutorials/category/2d_game_development.html]
[w.shekharpoint.com/videotutorials/category/chash.html]
[w.shekharpoint.com/videotutorials/category/cplusplus.html]
[w.shekharpoint.com/videotutorials/category/game_development_fundamentals.html]
[w.shekharpoint.com/videotutorials/category/mobile_game_development.html]
[w.shekharpoint.com/videotutorials/category/unity.html]
[w.shekharpoint.com/videotutorials/category/unreal_engine.html]
[w.shekharpoint.com/videotutorials/category/unreal_engine_blueprints.html]
[w.shekharpoint.com/videotutorials/category/game_development_other.html]
[w.shekharpoint.com/videotutorials/category/mobile_apps.html]
[w.shekharpoint.com/videotutorials/category/android_development.html]
[w.shekharpoint.com/videotutorials/category/google_flutter.html]
[w.shekharpoint.com/videotutorials/category/ionic.html]
[w.shekharpoint.com/videotutorials/category/ios_development.html]
[w.shekharpoint.com/videotutorials/category/kotlin.html]
[w.shekharpoint.com/videotutorials/category/react_native.html]
[w.shekharpoint.com/videotutorials/category/swift.html]
[w.shekharpoint.com/videotutorials/category/dart_programming_language.html]
[w.shekharpoint.com/videotutorials/category/mobile_development.html]
[w.shekharpoint.com/videotutorials/category/mobile_apps_other.html]
[w.shekharpoint.com/videotutorials/category/programming_languages.html]
[w.shekharpoint.com/videotutorials/category/java.html]
[w.shekharpoint.com/videotutorials/category/javascript.html]
[w.shekharpoint.com/videotutorials/category/react.html]
[w.shekharpoint.com/videotutorials/category/spring_framework.html]
[w.shekharpoint.com/videotutorials/category/java_technologies.html]
[w.shekharpoint.com/videotutorials/category/c.html]
[w.shekharpoint.com/videotutorials/category/go_programming_language.html]
[w.shekharpoint.com/videotutorials/category/perl.html]
[w.shekharpoint.com/videotutorials/category/scratch-programming.html]
[w.shekharpoint.com/videotutorials/category/vb-net-4.html]
[w.shekharpoint.com/videotutorials/category/programming_languages_other.html]
[w.shekharpoint.com/videotutorials/category/software_engineering.html]
[w.shekharpoint.com/videotutorials/category/big_data.html]
[w.shekharpoint.com/videotutorials/category/microservices.html]
[w.shekharpoint.com/videotutorials/category/cloud_computing.html]
[w.shekharpoint.com/videotutorials/category/software_engineering_other.html]
[w.shekharpoint.com/videotutorials/category/software_testing.html]
[w.shekharpoint.com/videotutorials/category/api_testing.html]
[w.shekharpoint.com/videotutorials/category/appium.html]
[w.shekharpoint.com/videotutorials/category/selenium_testing_framework.html]
[w.shekharpoint.com/videotutorials/category/selenium_webdriver.html]
[w.shekharpoint.com/videotutorials/category/software_quality.html]
[w.shekharpoint.com/videotutorials/category/automation_testing.html]
[w.shekharpoint.com/videotutorials/category/rest_assured.html]
[w.shekharpoint.com/videotutorials/category/java_testing.html]
[w.shekharpoint.com/videotutorials/category/python_testing.html]
[w.shekharpoint.com/videotutorials/category/hp_uft.html]
[w.shekharpoint.com/videotutorials/category/software_testing_other.html]
[w.shekharpoint.com/videotutorials/category/web_development.html]
[w.shekharpoint.com/videotutorials/category/angular.html]
[w.shekharpoint.com/videotutorials/category/css.html]
[w.shekharpoint.com/videotutorials/category/html.html]
[w.shekharpoint.com/videotutorials/category/node_js.html]
[w.shekharpoint.com/videotutorials/category/php.html]
[w.shekharpoint.com/videotutorials/category/sapui_5.html]
[w.shekharpoint.com/videotutorials/category/html5.html]
[w.shekharpoint.com/videotutorials/category/net.html]
[w.shekharpoint.com/videotutorials/category/net-framework.html]
[w.shekharpoint.com/videotutorials/category/vue_js.html]
[w.shekharpoint.com/videotutorials/category/web_development_other.html]
[w.shekharpoint.com/videotutorials/category/jquery-42.html]
[w.shekharpoint.com/videotutorials/category/ecommerce.html]
[w.shekharpoint.com/videotutorials/category/confluence.html]
[w.shekharpoint.com/videotutorials/category/magento.html]
[w.shekharpoint.com/videotutorials/category/shopify.html]
[w.shekharpoint.com/videotutorials/category/woocommerce.html]
[w.shekharpoint.com/videotutorials/category/wordpress.html]
[w.shekharpoint.com/videotutorials/category/wordpress_for_ecommerce.html]
[w.shekharpoint.com/videotutorials/category/prestashop.html]
[w.shekharpoint.com/videotutorials/category/ecommerce_other.html]
[w.shekharpoint.com/videotutorials/category/development_other.html]
[w.shekharpoint.com/videotutorials/category/salesforce.html]
[w.shekharpoint.com/videotutorials/category/salesforce_administration.html]
[w.shekharpoint.com/videotutorials/category/salesforce_certification.html]
[w.shekharpoint.com/videotutorials/category/salesforce_other.html]
[w.shekharpoint.com/videotutorials/category/it_and_software.html]
[w.shekharpoint.com/videotutorials/category/hardware.html]
[w.shekharpoint.com/videotutorials/category/arduino.html]
[w.shekharpoint.com/videotutorials/category/electronics.html]
[w.shekharpoint.com/videotutorials/category/embedded_systems.html]
[w.shekharpoint.com/videotutorials/category/fpga.html]
[w.shekharpoint.com/videotutorials/category/microcontroller.html]
[w.shekharpoint.com/videotutorials/category/raspberry_pi.html]
[w.shekharpoint.com/videotutorials/category/rtos.html]
[w.shekharpoint.com/videotutorials/category/plc.html]
[w.shekharpoint.com/videotutorials/category/embedded_c.html]
[w.shekharpoint.com/videotutorials/category/iot.html]
[w.shekharpoint.com/videotutorials/category/hardware_other.html]
[w.shekharpoint.com/videotutorials/category/it_certification.html]
[w.shekharpoint.com/videotutorials/category/cisco_ccna.html]
[w.shekharpoint.com/videotutorials/category/comptia_aplus.html]
[w.shekharpoint.com/videotutorials/category/comptia_networkplus.html]
[w.shekharpoint.com/videotutorials/category/comptia_securityplus.html]
[w.shekharpoint.com/videotutorials/category/itil_certification.html]
[w.shekharpoint.com/videotutorials/category/aws_certified_cloud_practitioner.html]
[w.shekharpoint.com/videotutorials/category/aws_certified_solutions_architect_associate.html]
[w.shekharpoint.com/videotutorials/category/aws_certified_solutions_architect_professional.html]
[w.shekharpoint.com/videotutorials/category/icnd.html]
[w.shekharpoint.com/videotutorials/category/it_certification_other.html]
[w.shekharpoint.com/videotutorials/category/network_and_security.html]
[w.shekharpoint.com/videotutorials/category/active_directory.html]
[w.shekharpoint.com/videotutorials/category/cyber_security.html]
[w.shekharpoint.com/videotutorials/category/ethical_hacking.html]
[w.shekharpoint.com/videotutorials/category/it_networking_fundamentals.html]
[w.shekharpoint.com/videotutorials/category/network_security.html]
[w.shekharpoint.com/videotutorials/category/penetration_testing.html]
[w.shekharpoint.com/videotutorials/category/deep_web.html]
[w.shekharpoint.com/videotutorials/category/network_and_security_other.html]
[w.shekharpoint.com/videotutorials/category/operating_systems.html]
[w.shekharpoint.com/videotutorials/category/linux.html]
[w.shekharpoint.com/videotutorials/category/linux_administration.html]
[w.shekharpoint.com/videotutorials/category/powershell.html]
[w.shekharpoint.com/videotutorials/category/shell_scripting.html]
[w.shekharpoint.com/videotutorials/category/system_center_configuration.html]
[w.shekharpoint.com/videotutorials/category/vmware_vsphere.html]
[w.shekharpoint.com/videotutorials/category/windows_server.html]
[w.shekharpoint.com/videotutorials/category/computer_science.html]
[w.shekharpoint.com/videotutorials/category/lpic_1_linux_administrator.html]
[w.shekharpoint.com/videotutorials/category/operating_systems_other.html]
[w.shekharpoint.com/videotutorials/category/telecom.html]
[w.shekharpoint.com/videotutorials/category/telecom_other.html]
[w.shekharpoint.com/videotutorials/category/it_other.html]
[w.shekharpoint.com/videotutorials/category/business.html]
[w.shekharpoint.com/videotutorials/category/business_law.html]
[w.shekharpoint.com/videotutorials/category/contract_law.html]
[w.shekharpoint.com/videotutorials/category/gdpr.html]
[w.shekharpoint.com/videotutorials/category/law.html]
[w.shekharpoint.com/videotutorials/category/contract_negotiation.html]
[w.shekharpoint.com/videotutorials/category/intellectual_property.html]
[w.shekharpoint.com/videotutorials/category/business_law_other.html]
[w.shekharpoint.com/videotutorials/category/communication.html]
[w.shekharpoint.com/videotutorials/category/communication_skills.html]
[w.shekharpoint.com/videotutorials/category/fiction_writing.html]
[w.shekharpoint.com/videotutorials/category/novel_writing.html]
[w.shekharpoint.com/videotutorials/category/presentation_skills.html]
[w.shekharpoint.com/videotutorials/category/public_speaking.html]
[w.shekharpoint.com/videotutorials/category/storytelling.html]
[w.shekharpoint.com/videotutorials/category/writing.html]
[w.shekharpoint.com/videotutorials/category/non_fiction_writing.html]
[w.shekharpoint.com/videotutorials/category/technical_writing.html]
[w.shekharpoint.com/videotutorials/category/communication_other.html]
[w.shekharpoint.com/videotutorials/category/finance.html]
[w.shekharpoint.com/videotutorials/category/economics.html]
[w.shekharpoint.com/videotutorials/category/accounting_and_bookkeeping.html]
[w.shekharpoint.com/videotutorials/category/complaince.html]
[w.shekharpoint.com/videotutorials/category/crypptocurrency_and_blockchain.html]
[w.shekharpoint.com/videotutorials/category/financial_modeling_and_analysis.html]
[w.shekharpoint.com/videotutorials/category/investing_and_trading.html]
[w.shekharpoint.com/videotutorials/category/money_management_tools.html]
[w.shekharpoint.com/videotutorials/category/taxes.html]
[w.shekharpoint.com/videotutorials/category/finance_other.html]
[w.shekharpoint.com/videotutorials/category/home_business.html]
[w.shekharpoint.com/videotutorials/category/online_business.html]
[w.shekharpoint.com/videotutorials/category/passive_income.html]
[w.shekharpoint.com/videotutorials/category/seo.html]
[w.shekharpoint.com/videotutorials/category/home_business_other.html]
[w.shekharpoint.com/videotutorials/category/human_resources.html]
[w.shekharpoint.com/videotutorials/category/conflict_management.html]
[w.shekharpoint.com/videotutorials/category/emotional_intelligence.html]
[w.shekharpoint.com/videotutorials/category/instructional_design.html]
[w.shekharpoint.com/videotutorials/category/interviewing_skills.html]
[w.shekharpoint.com/videotutorials/category/talent_management.html]
[w.shekharpoint.com/videotutorials/category/diversity.html]
[w.shekharpoint.com/videotutorials/category/harassment.html]
[w.shekharpoint.com/videotutorials/category/recruitment_and_hiring.html]
[w.shekharpoint.com/videotutorials/category/human_resources_other.html]
[w.shekharpoint.com/videotutorials/category/industry.html]
[w.shekharpoint.com/videotutorials/category/electrical_engineering.html]
[w.shekharpoint.com/videotutorials/category/life_coaching.html]
[w.shekharpoint.com/videotutorials/category/management_consulting.html]
[w.shekharpoint.com/videotutorials/category/solar_energy.html]
[w.shekharpoint.com/videotutorials/category/manufacturing.html]
[w.shekharpoint.com/videotutorials/category/oil_and_gas_industry.html]
[w.shekharpoint.com/videotutorials/category/wind_energy.html]
[w.shekharpoint.com/videotutorials/category/industry_other.html]
[w.shekharpoint.com/videotutorials/category/management.html]
[w.shekharpoint.com/videotutorials/category/business_process_management.html]
[w.shekharpoint.com/videotutorials/category/management_skills.html]
[w.shekharpoint.com/videotutorials/category/quality_management.html]
[w.shekharpoint.com/videotutorials/category/management_other.html]
[w.shekharpoint.com/videotutorials/category/media.html]
[w.shekharpoint.com/videotutorials/category/after_effects.html]
[w.shekharpoint.com/videotutorials/category/environment_lighting.html]
[w.shekharpoint.com/videotutorials/category/motion_graphics.html]
[w.shekharpoint.com/videotutorials/category/podcasting.html]
[w.shekharpoint.com/videotutorials/category/screenwriting.html]
[w.shekharpoint.com/videotutorials/category/scrivener.html]
[w.shekharpoint.com/videotutorials/category/audiobook_creation.html]
[w.shekharpoint.com/videotutorials/category/media_other.html]
[w.shekharpoint.com/videotutorials/category/operations.html]
[w.shekharpoint.com/videotutorials/category/six_sigma.html]
[w.shekharpoint.com/videotutorials/category/supply_chain.html]
[w.shekharpoint.com/videotutorials/category/operations_other.html]
[w.shekharpoint.com/videotutorials/category/project_management.html]
[w.shekharpoint.com/videotutorials/category/agile.html]
[w.shekharpoint.com/videotutorials/category/capm.html]
[w.shekharpoint.com/videotutorials/category/pmbok.html]
[w.shekharpoint.com/videotutorials/category/pmi_acp.html]
[w.shekharpoint.com/videotutorials/category/prince2.html]
[w.shekharpoint.com/videotutorials/category/scrum.html]
[w.shekharpoint.com/videotutorials/category/microsoft_project.html]
[w.shekharpoint.com/videotutorials/category/pmi.html]
[w.shekharpoint.com/videotutorials/category/risk_management.html]
[w.shekharpoint.com/videotutorials/category/change_management.html]
[w.shekharpoint.com/videotutorials/category/project_management_other.html]
[w.shekharpoint.com/videotutorials/category/real_estate.html]
[w.shekharpoint.com/videotutorials/category/construction.html]
[w.shekharpoint.com/videotutorials/category/house_buying.html]
[w.shekharpoint.com/videotutorials/category/real_estate_investing.html]
[w.shekharpoint.com/videotutorials/category/mortgage.html]
[w.shekharpoint.com/videotutorials/category/property_management.html]
[w.shekharpoint.com/videotutorials/category/real_estate_other.html]
[w.shekharpoint.com/videotutorials/category/sales.html]
[w.shekharpoint.com/videotutorials/category/b2b_sales.html]
[w.shekharpoint.com/videotutorials/category/business_development.html]
[w.shekharpoint.com/videotutorials/category/lead_generation.html]
[w.shekharpoint.com/videotutorials/category/linkedin.html]
[w.shekharpoint.com/videotutorials/category/sales_skills.html]
[w.shekharpoint.com/videotutorials/category/sales_funnel.html]
[w.shekharpoint.com/videotutorials/category/cold_email.html]
[w.shekharpoint.com/videotutorials/category/sales_other.html]
[w.shekharpoint.com/videotutorials/category/customer_success_management.html]
[w.shekharpoint.com/videotutorials/category/strategy.html]
[w.shekharpoint.com/videotutorials/category/business_model.html]
[w.shekharpoint.com/videotutorials/category/forex.html]
[w.shekharpoint.com/videotutorials/category/innovation.html]
[w.shekharpoint.com/videotutorials/category/strategic_planning.html]
[w.shekharpoint.com/videotutorials/category/strategy_other.html]
[w.shekharpoint.com/videotutorials/category/entrepreneurship.html]
[w.shekharpoint.com/videotutorials/category/amazon_fba.html]
[w.shekharpoint.com/videotutorials/category/amazon_kindle.html]
[w.shekharpoint.com/videotutorials/category/blogging.html]
[w.shekharpoint.com/videotutorials/category/business_fundamentals.html]
[w.shekharpoint.com/videotutorials/category/business_plan.html]
[w.shekharpoint.com/videotutorials/category/business_strategy.html]
[w.shekharpoint.com/videotutorials/category/dropshipping.html]
[w.shekharpoint.com/videotutorials/category/entrepreneurship_fundamentals.html]
[w.shekharpoint.com/videotutorials/category/startup.html]
[w.shekharpoint.com/videotutorials/category/entrepreneurship_other.html]
[w.shekharpoint.com/videotutorials/category/data_analytics.html]
[w.shekharpoint.com/videotutorials/category/tableau.html]
[w.shekharpoint.com/videotutorials/category/business_analysis.html]
[w.shekharpoint.com/videotutorials/category/business_intelligence.html]
[w.shekharpoint.com/videotutorials/category/data_modeling.html]
[w.shekharpoint.com/videotutorials/category/hadoop.html]
[w.shekharpoint.com/videotutorials/category/microsoft_power_bi.html]
[w.shekharpoint.com/videotutorials/category/data_analytics_other.html]
[w.shekharpoint.com/videotutorials/category/business_other.html]
[w.shekharpoint.com/videotutorials/category/lifestyle.html]
[w.shekharpoint.com/videotutorials/category/arts_and_crafts.html]
[w.shekharpoint.com/videotutorials/category/drawing.html]
[w.shekharpoint.com/videotutorials/category/figure_drawing.html]
[w.shekharpoint.com/videotutorials/category/painting.html]
[w.shekharpoint.com/videotutorials/category/pencil_drawing.html]
[w.shekharpoint.com/videotutorials/category/procreate_digital_illustration_app.html]
[w.shekharpoint.com/videotutorials/category/sketching.html]
[w.shekharpoint.com/videotutorials/category/watercolor_painting.html]
[w.shekharpoint.com/videotutorials/category/colored_pencil_drawing.html]
[w.shekharpoint.com/videotutorials/category/portaiture.html]
[w.shekharpoint.com/videotutorials/category/arts_and_crafts_other.html]
[w.shekharpoint.com/videotutorials/category/beauty_and_makeup.html]
[w.shekharpoint.com/videotutorials/category/beauty.html]
[w.shekharpoint.com/videotutorials/category/cosmetics.html]
[w.shekharpoint.com/videotutorials/category/hair_styling.html]
[w.shekharpoint.com/videotutorials/category/herbalism.html]
[w.shekharpoint.com/videotutorials/category/makeup_artistry.html]
[w.shekharpoint.com/videotutorials/category/marketing_plan.html]
[w.shekharpoint.com/videotutorials/category/nail_art.html]
[w.shekharpoint.com/videotutorials/category/skincare.html]
[w.shekharpoint.com/videotutorials/category/cupping_therapy.html]
[w.shekharpoint.com/videotutorials/category/face_yoga.html]
[w.shekharpoint.com/videotutorials/category/beauty_and_makeup_other.html]
[w.shekharpoint.com/videotutorials/category/gaming.html]
[w.shekharpoint.com/videotutorials/category/chess.html]
[w.shekharpoint.com/videotutorials/category/esports.html]
[w.shekharpoint.com/videotutorials/category/league_of_legends.html]
[w.shekharpoint.com/videotutorials/category/poker.html]
[w.shekharpoint.com/videotutorials/category/rubiks_cube.html]
[w.shekharpoint.com/videotutorials/category/twitch.html]
[w.shekharpoint.com/videotutorials/category/kipper_cards.html]
[w.shekharpoint.com/videotutorials/category/texas_holdem.html]
[w.shekharpoint.com/videotutorials/category/gaming_other.html]
[w.shekharpoint.com/videotutorials/category/home_improvement.html]
[w.shekharpoint.com/videotutorials/category/aquaculture.html]
[w.shekharpoint.com/videotutorials/category/decluttering.html]
[w.shekharpoint.com/videotutorials/category/electricity.html]
[w.shekharpoint.com/videotutorials/category/farming.html]
[w.shekharpoint.com/videotutorials/category/feng_shui.html]
[w.shekharpoint.com/videotutorials/category/gardening.html]
[w.shekharpoint.com/videotutorials/category/electrical_writing.html]
[w.shekharpoint.com/videotutorials/category/home_repair.html]
[w.shekharpoint.com/videotutorials/category/home_improvement_other.html]
[w.shekharpoint.com/videotutorials/category/music.html]
[w.shekharpoint.com/videotutorials/category/instruments.html]
[w.shekharpoint.com/videotutorials/category/music_fundamentals.html]
[w.shekharpoint.com/videotutorials/category/music_software.html]
[w.shekharpoint.com/videotutorials/category/music_techniques.html]
[w.shekharpoint.com/videotutorials/category/production.html]
[w.shekharpoint.com/videotutorials/category/vocals.html]
[w.shekharpoint.com/videotutorials/category/music_other.html]
[w.shekharpoint.com/videotutorials/category/pet_care_and_training.html]
[w.shekharpoint.com/videotutorials/category/crystal_energy.html]
[w.shekharpoint.com/videotutorials/category/dog_care.html]
[w.shekharpoint.com/videotutorials/category/dog_training.html]
[w.shekharpoint.com/videotutorials/category/dog_walking.html]
[w.shekharpoint.com/videotutorials/category/pet_care.html]
[w.shekharpoint.com/videotutorials/category/pet_training.html]
[w.shekharpoint.com/videotutorials/category/animal_nutrition.html]
[w.shekharpoint.com/videotutorials/category/cat_behaviour.html]
[w.shekharpoint.com/videotutorials/category/dog_behaviour.html]
[w.shekharpoint.com/videotutorials/category/pet_care_and_training_other.html]
[w.shekharpoint.com/videotutorials/category/photography.html]
[w.shekharpoint.com/videotutorials/category/commercial_photography.html]
[w.shekharpoint.com/videotutorials/category/digital_photography.html]
[w.shekharpoint.com/videotutorials/category/photography_fundamentals.html]
[w.shekharpoint.com/videotutorials/category/photography_tools.html]
[w.shekharpoint.com/videotutorials/category/portraits.html]
[w.shekharpoint.com/videotutorials/category/video_design.html]
[w.shekharpoint.com/videotutorials/category/wedding_photography.html]
[w.shekharpoint.com/videotutorials/category/black_and_white.html]
[w.shekharpoint.com/videotutorials/category/landscape.html]
[w.shekharpoint.com/videotutorials/category/mobile_photography.html]
[w.shekharpoint.com/videotutorials/category/travel_photography.html]
[w.shekharpoint.com/videotutorials/category/wildlife_photography.html]
[w.shekharpoint.com/videotutorials/category/photography_other.html]
[w.shekharpoint.com/videotutorials/category/travel.html]
[w.shekharpoint.com/videotutorials/category/airbnb_hosting.html]
[w.shekharpoint.com/videotutorials/category/digital_nomad.html]
[w.shekharpoint.com/videotutorials/category/imovie.html]
[w.shekharpoint.com/videotutorials/category/journaling.html]
[w.shekharpoint.com/videotutorials/category/mac_basics.html]
[w.shekharpoint.com/videotutorials/category/travel_hacking.html]
[w.shekharpoint.com/videotutorials/category/travel_tips.html]
[w.shekharpoint.com/videotutorials/category/tavel_hacking.html]
[w.shekharpoint.com/videotutorials/category/travel_writing.html]
[w.shekharpoint.com/videotutorials/category/all_travel.html]
[w.shekharpoint.com/videotutorials/category/travel_other.html]
[w.shekharpoint.com/videotutorials/category/food_and_beverages.html]
[w.shekharpoint.com/videotutorials/category/baking.html]
[w.shekharpoint.com/videotutorials/category/bread_baking.html]
[w.shekharpoint.com/videotutorials/category/cake_decorating.html]
[w.shekharpoint.com/videotutorials/category/cooking.html]
[w.shekharpoint.com/videotutorials/category/sourdough_bread_baking.html]
[w.shekharpoint.com/videotutorials/category/wine.html]
[w.shekharpoint.com/videotutorials/category/bartending.html]
[w.shekharpoint.com/videotutorials/category/cake_baking.html]
[w.shekharpoint.com/videotutorials/category/pizza.html]
[w.shekharpoint.com/videotutorials/category/food_and_beverages_other.html]
[w.shekharpoint.com/videotutorials/category/health_and_fitness.html]
[w.shekharpoint.com/videotutorials/category/dance.html]
[w.shekharpoint.com/videotutorials/category/dieting.html]
[w.shekharpoint.com/videotutorials/category/fitness.html]
[w.shekharpoint.com/videotutorials/category/general_health.html]
[w.shekharpoint.com/videotutorials/category/meditation.html]
[w.shekharpoint.com/videotutorials/category/mental_health.html]
[w.shekharpoint.com/videotutorials/category/nutrition.html]
[w.shekharpoint.com/videotutorials/category/safety_and_first_aid.html]
[w.shekharpoint.com/videotutorials/category/self_defense.html]
[w.shekharpoint.com/videotutorials/category/sports.html]
[w.shekharpoint.com/videotutorials/category/meditation_and_yoga.html]
[w.shekharpoint.com/videotutorials/category/health_and_fitness_other.html]
[w.shekharpoint.com/videotutorials/category/lifestyle_other.html]
[w.shekharpoint.com/videotutorials/category/marketing.html]
[w.shekharpoint.com/videotutorials/category/advertising.html]
[w.shekharpoint.com/videotutorials/category/email_marketing.html]
[w.shekharpoint.com/videotutorials/category/facebook_marketing.html]
[w.shekharpoint.com/videotutorials/category/mailchimp.html]
[w.shekharpoint.com/videotutorials/category/ppc_advertising.html]
[w.shekharpoint.com/videotutorials/category/youtube_marketing.html]
[w.shekharpoint.com/videotutorials/category/google_ads_adwords.html]
[w.shekharpoint.com/videotutorials/category/google_ads_adwords_certification.html]
[w.shekharpoint.com/videotutorials/category/advertising_other.html]
[w.shekharpoint.com/videotutorials/category/affiliate_marketing.html]
[w.shekharpoint.com/videotutorials/category/amazon_affiliate_marketing.html]
[w.shekharpoint.com/videotutorials/category/clickbank.html]
[w.shekharpoint.com/videotutorials/category/cpa_marketing.html]
[w.shekharpoint.com/videotutorials/category/marketing_strategy.html]
[w.shekharpoint.com/videotutorials/category/teespring.html]
[w.shekharpoint.com/videotutorials/category/affiliate_marketing_other.html]
[w.shekharpoint.com/videotutorials/category/branding.html]
[w.shekharpoint.com/videotutorials/category/brand_management.html]
[w.shekharpoint.com/videotutorials/category/business_branding.html]
[w.shekharpoint.com/videotutorials/category/graphic_design.html]
[w.shekharpoint.com/videotutorials/category/personal_branding.html]
[w.shekharpoint.com/videotutorials/category/youtube_audience_growth.html]
[w.shekharpoint.com/videotutorials/category/branding_other.html]
[w.shekharpoint.com/videotutorials/category/content_marketing.html]
[w.shekharpoint.com/videotutorials/category/content_writing.html]
[w.shekharpoint.com/videotutorials/category/copywriting.html]
[w.shekharpoint.com/videotutorials/category/freelancing.html]
[w.shekharpoint.com/videotutorials/category/content_marketing_other.html]
[w.shekharpoint.com/videotutorials/category/digital_marketing.html]
[w.shekharpoint.com/videotutorials/category/google_analytics.html]
[w.shekharpoint.com/videotutorials/category/digital_marketing_other.html]
[w.shekharpoint.com/videotutorials/category/growth_hacking.html]
[w.shekharpoint.com/videotutorials/category/app_marketing.html]
[w.shekharpoint.com/videotutorials/category/website_traffic.html]
[w.shekharpoint.com/videotutorials/category/conversion_rate_optimization.html]
[w.shekharpoint.com/videotutorials/category/growth_hacking_other.html]
[w.shekharpoint.com/videotutorials/category/marketing_fundamentals.html]
[w.shekharpoint.com/videotutorials/category/event_planning.html]
[w.shekharpoint.com/videotutorials/category/persuasion.html]
[w.shekharpoint.com/videotutorials/category/career_coaching.html]
[w.shekharpoint.com/videotutorials/category/marketing_fundamentals_other.html]
[w.shekharpoint.com/videotutorials/category/public_relations.html]
[w.shekharpoint.com/videotutorials/category/media_training.html]
[w.shekharpoint.com/videotutorials/category/public_relations_other.html]
[w.shekharpoint.com/videotutorials/category/search_engine_optimization.html]
[w.shekharpoint.com/videotutorials/category/keyword_research.html]
[w.shekharpoint.com/videotutorials/category/local_seo.html]
[w.shekharpoint.com/videotutorials/category/seo_audit.html]
[w.shekharpoint.com/videotutorials/category/link_building.html]
[w.shekharpoint.com/videotutorials/category/search_engine_optimization_other.html]
[w.shekharpoint.com/videotutorials/category/social_media_marketing.html]
[w.shekharpoint.com/videotutorials/category/instagram_marketing.html]
[w.shekharpoint.com/videotutorials/category/pinterest_marketing.html]
[w.shekharpoint.com/videotutorials/category/social_media_management.html]
[w.shekharpoint.com/videotutorials/category/twitter_marketing.html]
[w.shekharpoint.com/videotutorials/category/social_media_marketing_other.html]
[w.shekharpoint.com/videotutorials/category/video_and_mobile_marketing.html]
[w.shekharpoint.com/videotutorials/category/app_store_optimization.html]
[w.shekharpoint.com/videotutorials/category/powerpoint.html]
[w.shekharpoint.com/videotutorials/category/video_creation.html]
[w.shekharpoint.com/videotutorials/category/video_marketing.html]
[w.shekharpoint.com/videotutorials/category/whiteboard_animation.html]
[w.shekharpoint.com/videotutorials/category/videoscribe.html]
[w.shekharpoint.com/videotutorials/category/video_and_mobile_marketing_other.html]
[w.shekharpoint.com/videotutorials/category/analytics_and_automaton.html]
[w.shekharpoint.com/videotutorials/category/google_tag_manager.html]
[w.shekharpoint.com/videotutorials/category/marketing_analytics.html]
[w.shekharpoint.com/videotutorials/category/marketing_automation.html]
[w.shekharpoint.com/videotutorials/category/activecampaign.html]
[w.shekharpoint.com/videotutorials/category/google_analytics_individual_qualification_iq.html]
[w.shekharpoint.com/videotutorials/category/analytics_and_automaton_other.html]
[w.shekharpoint.com/videotutorials/category/product_marketing.html]
[w.shekharpoint.com/videotutorials/category/amazon_sellers_account.html]
[w.shekharpoint.com/videotutorials/category/e_commerce.html]
[w.shekharpoint.com/videotutorials/category/product_management.html]
[w.shekharpoint.com/videotutorials/category/self_publishing.html]
[w.shekharpoint.com/videotutorials/category/etsy.html]
[w.shekharpoint.com/videotutorials/category/selling_on_amazon.html]
[w.shekharpoint.com/videotutorials/category/product_marketing_other.html]
[w.shekharpoint.com/videotutorials/category/marketing_other.html]
[w.shekharpoint.com/videotutorials/category/design.html]
[w.shekharpoint.com/videotutorials/category/3d_and_animation.html]
[w.shekharpoint.com/videotutorials/category/3d_animation.html]
[w.shekharpoint.com/videotutorials/category/3d_modeling.html]
[w.shekharpoint.com/videotutorials/category/3ds_max.html]
[w.shekharpoint.com/videotutorials/category/blender.html]
[w.shekharpoint.com/videotutorials/category/maya.html]
[w.shekharpoint.com/videotutorials/category/zbrush.html]
[w.shekharpoint.com/videotutorials/category/2d_animation.html]
[w.shekharpoint.com/videotutorials/category/3d_and_animation_other.html]
[w.shekharpoint.com/videotutorials/category/architectural_design.html]
[w.shekharpoint.com/videotutorials/category/autocad.html]
[w.shekharpoint.com/videotutorials/category/revit.html]
[w.shekharpoint.com/videotutorials/category/sketchup.html]
[w.shekharpoint.com/videotutorials/category/archicad.html]
[w.shekharpoint.com/videotutorials/category/photorealistic_rendering.html]
[w.shekharpoint.com/videotutorials/category/leed.html]
[w.shekharpoint.com/videotutorials/category/architectural_design_other.html]
[w.shekharpoint.com/videotutorials/category/design_thinking.html]
[w.shekharpoint.com/videotutorials/category/gamification.html]
[w.shekharpoint.com/videotutorials/category/logo_design.html]
[w.shekharpoint.com/videotutorials/category/vlsi.html]
[w.shekharpoint.com/videotutorials/category/solidworks.html]
[w.shekharpoint.com/videotutorials/category/autocad_electrical.html]
[w.shekharpoint.com/videotutorials/category/design_thinking_other.html]
[w.shekharpoint.com/videotutorials/category/design_tools.html]
[w.shekharpoint.com/videotutorials/category/adobe_illustrator.html]
[w.shekharpoint.com/videotutorials/category/adobe_premiere.html]
[w.shekharpoint.com/videotutorials/category/digital_art.html]
[w.shekharpoint.com/videotutorials/category/photoshop.html]
[w.shekharpoint.com/videotutorials/category/video_editing.html]
[w.shekharpoint.com/videotutorials/category/design_tools_other.html]
[w.shekharpoint.com/videotutorials/category/fashion.html]
[w.shekharpoint.com/videotutorials/category/fashion_design.html]
[w.shekharpoint.com/videotutorials/category/jewelry_design.html]
[w.shekharpoint.com/videotutorials/category/merch_by_amazon.html]
[w.shekharpoint.com/videotutorials/category/sewing.html]
[w.shekharpoint.com/videotutorials/category/t_shirt_design.html]
[w.shekharpoint.com/videotutorials/category/t_shirt_business.html]
[w.shekharpoint.com/videotutorials/category/fashion_other.html]
[w.shekharpoint.com/videotutorials/category/game_design.html]
[w.shekharpoint.com/videotutorials/category/digital_painting.html]
[w.shekharpoint.com/videotutorials/category/pixel_art.html]
[w.shekharpoint.com/videotutorials/category/vfx_visual_effects.html]
[w.shekharpoint.com/videotutorials/category/3d_and_animations.html]
[w.shekharpoint.com/videotutorials/category/game_design_other.html]
[w.shekharpoint.com/videotutorials/category/interior_design.html]
[w.shekharpoint.com/videotutorials/category/color_theory.html]
[w.shekharpoint.com/videotutorials/category/lighting_design.html]
[w.shekharpoint.com/videotutorials/category/minimalist_lifestyle.html]
[w.shekharpoint.com/videotutorials/category/hvac.html]
[w.shekharpoint.com/videotutorials/category/piping.html]
[w.shekharpoint.com/videotutorials/category/interior_design_other.html]
[w.shekharpoint.com/videotutorials/category/user_experience.html]
[w.shekharpoint.com/videotutorials/category/adobe_xd.html]
[w.shekharpoint.com/videotutorials/category/figma.html]
[w.shekharpoint.com/videotutorials/category/mobile_app_design.html]
[w.shekharpoint.com/videotutorials/category/usability_testing.html]
[w.shekharpoint.com/videotutorials/category/user_experience_design.html]
[w.shekharpoint.com/videotutorials/category/user_interface.html]
[w.shekharpoint.com/videotutorials/category/prototyping.html]
[w.shekharpoint.com/videotutorials/category/user_experience_other.html]
[w.shekharpoint.com/videotutorials/category/web_design.html]
[w.shekharpoint.com/videotutorials/category/landing_page_optimization.html]
[w.shekharpoint.com/videotutorials/category/web_design_business.html]
[w.shekharpoint.com/videotutorials/category/web_design_other.html]
[w.shekharpoint.com/videotutorials/category/design_other.html]
[w.shekharpoint.com/videotutorials/category/graphic-design-60.html]
[w.shekharpoint.com/videotutorials/category/teaching_and_academics.html]
[w.shekharpoint.com/videotutorials/category/engineering.html]
[w.shekharpoint.com/videotutorials/category/civil_engineering.html]
[w.shekharpoint.com/videotutorials/category/robotics.html]
[w.shekharpoint.com/videotutorials/category/mechanical_engineering.html]
[w.shekharpoint.com/videotutorials/category/algorithms.html]
[w.shekharpoint.com/videotutorials/category/data_structures.html]
[w.shekharpoint.com/videotutorials/category/structural_engineering.html]
[w.shekharpoint.com/videotutorials/category/engineering_other.html]
[w.shekharpoint.com/videotutorials/category/humanities.html]
[w.shekharpoint.com/videotutorials/category/academic_writing.html]
[w.shekharpoint.com/videotutorials/category/art_history.html]
[w.shekharpoint.com/videotutorials/category/chinese_language.html]
[w.shekharpoint.com/videotutorials/category/creative_writing.html]
[w.shekharpoint.com/videotutorials/category/critical_thinking.html]
[w.shekharpoint.com/videotutorials/category/philosophy.html]
[w.shekharpoint.com/videotutorials/category/psychology.html]
[w.shekharpoint.com/videotutorials/category/humanities_other.html]
[w.shekharpoint.com/videotutorials/category/math.html]
[w.shekharpoint.com/videotutorials/category/algebra.html]
[w.shekharpoint.com/videotutorials/category/calculus.html]
[w.shekharpoint.com/videotutorials/category/math_other.html]
[w.shekharpoint.com/videotutorials/category/online-education.html]
[w.shekharpoint.com/videotutorials/category/online-course-creation.html]
[w.shekharpoint.com/videotutorials/category/science.html]
[w.shekharpoint.com/videotutorials/category/chemistry.html]
[w.shekharpoint.com/videotutorials/category/physics.html]
[w.shekharpoint.com/videotutorials/category/biology.html]
[w.shekharpoint.com/videotutorials/category/science_other.html]
[w.shekharpoint.com/videotutorials/category/test_prep.html]
[w.shekharpoint.com/videotutorials/category/gre.html]
[w.shekharpoint.com/videotutorials/category/ielts.html]
[w.shekharpoint.com/videotutorials/category/toefl.html]
[w.shekharpoint.com/videotutorials/category/test_taking_skills.html]
[w.shekharpoint.com/videotutorials/category/grad_entry_exam.html]
[w.shekharpoint.com/videotutorials/category/international_high_school.html]
[w.shekharpoint.com/videotutorials/category/college_entry_exam.html]
[w.shekharpoint.com/videotutorials/category/test_prep_other.html]
[w.shekharpoint.com/videotutorials/category/schools.html]
[w.shekharpoint.com/videotutorials/category/12th_class.html]
[w.shekharpoint.com/videotutorials/category/11th_class.html]
[w.shekharpoint.com/videotutorials/category/9th_class.html]
[w.shekharpoint.com/videotutorials/category/10th_class.html]
[w.shekharpoint.com/videotutorials/category/5th_class.html]
[w.shekharpoint.com/videotutorials/category/6th_class.html]
[w.shekharpoint.com/videotutorials/category/7th_class.html]
[w.shekharpoint.com/videotutorials/category/8th_class.html]
[w.shekharpoint.com/videotutorials/category/schools_other.html]
[w.shekharpoint.com/videotutorials/category/social_sciences.html]
[w.shekharpoint.com/videotutorials/category/accounting.html]
[w.shekharpoint.com/videotutorials/category/counseling.html]
[w.shekharpoint.com/videotutorials/category/psychotherapy.html]
[w.shekharpoint.com/videotutorials/category/research_methods.html]
[w.shekharpoint.com/videotutorials/category/social_psychology.html]
[w.shekharpoint.com/videotutorials/category/history.html]
[w.shekharpoint.com/videotutorials/category/dialectical_behavior_therapy_dbt.html]
[w.shekharpoint.com/videotutorials/category/social_sciences_other.html]
[w.shekharpoint.com/videotutorials/category/teaching.html]
[w.shekharpoint.com/videotutorials/category/educational_development.html]
[w.shekharpoint.com/videotutorials/category/teaching_tools.html]
[w.shekharpoint.com/videotutorials/category/teaching_other.html]
[w.shekharpoint.com/videotutorials/category/languages.html]
[w.shekharpoint.com/videotutorials/category/english.html]
[w.shekharpoint.com/videotutorials/category/french.html]
[w.shekharpoint.com/videotutorials/category/german.html]
[w.shekharpoint.com/videotutorials/category/japanese.html]
[w.shekharpoint.com/videotutorials/category/portugese.html]
[w.shekharpoint.com/videotutorials/category/chinese.html]
[w.shekharpoint.com/videotutorials/category/russian.html]
[w.shekharpoint.com/videotutorials/category/latin.html]
[w.shekharpoint.com/videotutorials/category/arabic.html]
[w.shekharpoint.com/videotutorials/category/hebrew.html]
[w.shekharpoint.com/videotutorials/category/italian.html]
[w.shekharpoint.com/videotutorials/category/languages_other.html]
[w.shekharpoint.com/videotutorials/category/spanish-96.html]
[w.shekharpoint.com/videotutorials/category/academics_other.html]
[w.shekharpoint.com/videotutorials/category/office_productivity.html]
[w.shekharpoint.com/videotutorials/category/apple.html]
[w.shekharpoint.com/videotutorials/category/apple_keynote.html]
[w.shekharpoint.com/videotutorials/category/mac_pages.html]
[w.shekharpoint.com/videotutorials/category/macos.html]
[w.shekharpoint.com/videotutorials/category/microsoft_word.html]
[w.shekharpoint.com/videotutorials/category/numbers_for_mac.html]
[w.shekharpoint.com/videotutorials/category/apple_other.html]
[w.shekharpoint.com/videotutorials/category/google.html]
[w.shekharpoint.com/videotutorials/category/excel.html]
[w.shekharpoint.com/videotutorials/category/g_suite.html]
[w.shekharpoint.com/videotutorials/category/gmail_productivity.html]
[w.shekharpoint.com/videotutorials/category/google_apps.html]
[w.shekharpoint.com/videotutorials/category/google_sheets.html]
[w.shekharpoint.com/videotutorials/category/google_drive.html]
[w.shekharpoint.com/videotutorials/category/google_forms.html]
[w.shekharpoint.com/videotutorials/category/google_other.html]
[w.shekharpoint.com/videotutorials/category/microsoft.html]
[w.shekharpoint.com/videotutorials/category/excel_dashboard.html]
[w.shekharpoint.com/videotutorials/category/excel_vba.html]
[w.shekharpoint.com/videotutorials/category/microsoft_access.html]
[w.shekharpoint.com/videotutorials/category/microsoft-azure.html]
[w.shekharpoint.com/videotutorials/category/pivot_tables.html]
[w.shekharpoint.com/videotutorials/category/excel_formulas_and_functions.html]
[w.shekharpoint.com/videotutorials/category/microsoft_outlook.html]
[w.shekharpoint.com/videotutorials/category/microsoft_other.html]
[w.shekharpoint.com/videotutorials/category/oracle.html]
[w.shekharpoint.com/videotutorials/category/database_administration.html]
[w.shekharpoint.com/videotutorials/category/oracle_business_intelligence.html]
[w.shekharpoint.com/videotutorials/category/oracle_data_integrator.html]
[w.shekharpoint.com/videotutorials/category/oracle_database.html]
[w.shekharpoint.com/videotutorials/category/oracle_primavera.html]
[w.shekharpoint.com/videotutorials/category/pl_sql.html]
[w.shekharpoint.com/videotutorials/category/oracle_fusion_hcm.html]
[w.shekharpoint.com/videotutorials/category/oracle_other.html]
[w.shekharpoint.com/videotutorials/category/sap.html]
[w.shekharpoint.com/videotutorials/category/sap_abap.html]
[w.shekharpoint.com/videotutorials/category/sap_financial_accounting.html]
[w.shekharpoint.com/videotutorials/category/sap_mm.html]
[w.shekharpoint.com/videotutorials/category/sap_sd.html]
[w.shekharpoint.com/videotutorials/category/sap_basis.html]
[w.shekharpoint.com/videotutorials/category/sap_fico.html]
[w.shekharpoint.com/videotutorials/category/sap_s_4hana.html]
[w.shekharpoint.com/videotutorials/category/sap_lumira.html]
[w.shekharpoint.com/videotutorials/category/sap_bi.html]
[w.shekharpoint.com/videotutorials/category/sap_other.html]
[w.shekharpoint.com/videotutorials/category/office_other.html]
[w.shekharpoint.com/videotutorials/category/personal_development.html]
[w.shekharpoint.com/videotutorials/category/career_development.html]
[w.shekharpoint.com/videotutorials/category/job_search.html]
[w.shekharpoint.com/videotutorials/category/personal_networking.html]
[w.shekharpoint.com/videotutorials/category/shopify_dropshipping.html]
[w.shekharpoint.com/videotutorials/category/soft_skills.html]
[w.shekharpoint.com/videotutorials/category/resume_and_cv_writing.html]
[w.shekharpoint.com/videotutorials/category/career_development_other.html]
[w.shekharpoint.com/videotutorials/category/creativity.html]
[w.shekharpoint.com/videotutorials/category/aromatherapy.html]
[w.shekharpoint.com/videotutorials/category/art_therapy.html]
[w.shekharpoint.com/videotutorials/category/writing_a_book.html]
[w.shekharpoint.com/videotutorials/category/drawin.html]
[w.shekharpoint.com/videotutorials/category/creativity_other.html]
[w.shekharpoint.com/videotutorials/category/happiness.html]
[w.shekharpoint.com/videotutorials/category/cbt.html]
[w.shekharpoint.com/videotutorials/category/law_of_attraction.html]
[w.shekharpoint.com/videotutorials/category/mindfulness.html]
[w.shekharpoint.com/videotutorials/category/positive_psychology.html]
[w.shekharpoint.com/videotutorials/category/habits.html]
[w.shekharpoint.com/videotutorials/category/happiness_other.html]
[w.shekharpoint.com/videotutorials/category/influence.html]
[w.shekharpoint.com/videotutorials/category/body_language.html]
[w.shekharpoint.com/videotutorials/category/confidence.html]
[w.shekharpoint.com/videotutorials/category/negotiation.html]
[w.shekharpoint.com/videotutorials/category/voice_training.html]
[w.shekharpoint.com/videotutorials/category/influence_other.html]
[w.shekharpoint.com/videotutorials/category/leadership.html]
[w.shekharpoint.com/videotutorials/category/neuro_linguistic_programming.html]
[w.shekharpoint.com/videotutorials/category/charisma.html]
[w.shekharpoint.com/videotutorials/category/manager_training.html]
[w.shekharpoint.com/videotutorials/category/leadership_other.html]
[w.shekharpoint.com/videotutorials/category/memory_and_study_skills.html]
[w.shekharpoint.com/videotutorials/category/focus_mastery.html]
[w.shekharpoint.com/videotutorials/category/learning_disability.html]
[w.shekharpoint.com/videotutorials/category/learning_strategies.html]
[w.shekharpoint.com/videotutorials/category/memory.html]
[w.shekharpoint.com/videotutorials/category/mental_math.html]
[w.shekharpoint.com/videotutorials/category/mind_mapping.html]
[w.shekharpoint.com/videotutorials/category/speed_reading.html]
[w.shekharpoint.com/videotutorials/category/study_skills.html]
[w.shekharpoint.com/videotutorials/category/memory_and_study_skills_other.html]
[w.shekharpoint.com/videotutorials/category/parenting_and_relationships.html]
[w.shekharpoint.com/videotutorials/category/child_psychology.html]
[w.shekharpoint.com/videotutorials/category/dating.html]
[w.shekharpoint.com/videotutorials/category/early_childhood_education.html]
[w.shekharpoint.com/videotutorials/category/love.html]
[w.shekharpoint.com/videotutorials/category/neuroscience.html]
[w.shekharpoint.com/videotutorials/category/parenting.html]
[w.shekharpoint.com/videotutorials/category/couples_counseling.html]
[w.shekharpoint.com/videotutorials/category/relationship_building.html]
[w.shekharpoint.com/videotutorials/category/parenting_and_relationships_other.html]
[w.shekharpoint.com/videotutorials/category/personal_brand_building.html]
[w.shekharpoint.com/videotutorials/category/french_language.html]
[w.shekharpoint.com/videotutorials/category/business_communication.html]
[w.shekharpoint.com/videotutorials/category/meetings.html]
[w.shekharpoint.com/videotutorials/category/personal_brand_building_other.html]
[w.shekharpoint.com/videotutorials/category/personal_finance.html]
[w.shekharpoint.com/videotutorials/category/investing.html]
[w.shekharpoint.com/videotutorials/category/options_trading.html]
[w.shekharpoint.com/videotutorials/category/stock_trading.html]
[w.shekharpoint.com/videotutorials/category/technical_analysis.html]
[w.shekharpoint.com/videotutorials/category/value_investing.html]
[w.shekharpoint.com/videotutorials/category/day_trading.html]
[w.shekharpoint.com/videotutorials/category/stock_options.html]
[w.shekharpoint.com/videotutorials/category/personal_finance_other.html]
[w.shekharpoint.com/videotutorials/category/personal_transformation.html]
[w.shekharpoint.com/videotutorials/category/energy_healing.html]
[w.shekharpoint.com/videotutorials/category/hypnotherapy.html]
[w.shekharpoint.com/videotutorials/category/reiki.html]
[w.shekharpoint.com/videotutorials/category/personal_transformation_other.html]
[w.shekharpoint.com/videotutorials/category/productivity.html]
[w.shekharpoint.com/videotutorials/category/goal_setting.html]
[w.shekharpoint.com/videotutorials/category/organization.html]
[w.shekharpoint.com/videotutorials/category/personal_productivity.html]
[w.shekharpoint.com/videotutorials/category/procrastination.html]
[w.shekharpoint.com/videotutorials/category/time_management.html]
[w.shekharpoint.com/videotutorials/category/productivity_other.html]
[w.shekharpoint.com/videotutorials/category/religion_and_spirituality.html]
[w.shekharpoint.com/videotutorials/category/past_lives.html]
[w.shekharpoint.com/videotutorials/category/psychic.html]
[w.shekharpoint.com/videotutorials/category/spiritual_healing.html]
[w.shekharpoint.com/videotutorials/category/spirituality.html]
[w.shekharpoint.com/videotutorials/category/tarot_reading.html]
[w.shekharpoint.com/videotutorials/category/mediumship.html]
[w.shekharpoint.com/videotutorials/category/shamanism.html]
[w.shekharpoint.com/videotutorials/category/religion_and_spirituality_other.html]
[w.shekharpoint.com/videotutorials/category/self_esteem.html]
[w.shekharpoint.com/videotutorials/category/conversation_skills.html]
[w.shekharpoint.com/videotutorials/category/social_skills.html]
[w.shekharpoint.com/videotutorials/category/self_esteem_other.html]
[w.shekharpoint.com/videotutorials/category/stress_management.html]
[w.shekharpoint.com/videotutorials/category/anger_management.html]
[w.shekharpoint.com/videotutorials/category/eft.html]
[w.shekharpoint.com/videotutorials/category/resilience.html]
[w.shekharpoint.com/videotutorials/category/anxiety_management.html]
[w.shekharpoint.com/videotutorials/category/stress_management_other.html]
[w.shekharpoint.com/videotutorials/category/motivation_and_others.html]
[w.shekharpoint.com/videotutorials/category/goal_achievement.html]
[w.shekharpoint.com/videotutorials/category/neuroplasticity.html]
[w.shekharpoint.com/videotutorials/category/personal_success.html]
[w.shekharpoint.com/videotutorials/category/personal_development_other.html]
[w.shekharpoint.com/videotutorials/images/Enrich-your-Life-in-no-time-videosb0af.png]
[w.shekharpoint.com/videotutorials/images/Get-UnLimited-Access-To-Our-Cutting-Edge-Contentb73c.png]
[w.shekharpoint.com/videotutorials/js/slick.min.js]
[w.shekharpoint.com/videotutorials/js/app-menu.js]
[w.shekharpoint.com/videotutorials/js/app.js]
[w.shekharpoint.com/videotutorials/index.html]
[w.shekharpoint.com/tutor_connect/images/passionate_about_teaching.png]
[w.shekharpoint.com/tutor_connect/images/channelize_your_growth.png]
[w.shekharpoint.com/tutor_connect/images/qualified_tutor.png]
[w.shekharpoint.com/tutor_connect/images/online_offline.png]
[w.shekharpoint.com/tutor_connect/images/noservice_nocharges.png]
[w.shekharpoint.com/tutor_connect/search_tutors.html]
[w.shekharpoint.com/tutor_connect/search_students.html]
[w.shekharpoint.com/tutor_connect/faq.html]
[w.shekharpoint.com/tutor_connect/images/loading-cg.gif]
[w.shekharpoint.com/tutor/chetan_machhi/32211.html]
[w.shekharpoint.com/tutor/rajeev_saha/32339.html]
[w.shekharpoint.com/tutor/ramin/31488.html]
[w.shekharpoint.com/tutor/nikhil_sethi/31344.html]
[w.shekharpoint.com/tutor/p_shanker_/31320.html]
[w.shekharpoint.com/tutor/mrajkumar/31255.html]
[w.shekharpoint.com/tutor/gandla_nikhil_kumar_/31191.html]
[w.shekharpoint.com/tutor/gopal/31163.html]
[w.shekharpoint.com/tutor_connect/indexdc0b.html]
[w.shekharpoint.com/tutor_connect/indexe3d7.html]
[w.shekharpoint.com/tutor_connect/indexf64e.html]
[w.shekharpoint.com/tutor_connect/index22c1.html]
[w.shekharpoint.com/tutor_connect/index6580.html]
[w.shekharpoint.com/tutor_connect/index5f18.html]
[w.shekharpoint.com/tutor_connect/indexc6fd.html]
[w.shekharpoint.com/images/facebookIcon.jpg]
[w.shekharpoint.com/images/twitterIcon.jpg]
[w.shekharpoint.com/images/linkedinIcon.jpg]
[w.shekharpoint.com/images/googlePlusIcon.jpg]
[w.shekharpoint.com/images/StumbleUponIcon.jpg]
[w.shekharpoint.com/images/reddit.jpg]
[w.shekharpoint.com/themes/js/custom-min.js]
[w.shekharpoint.com/tutor_connect/index-2.html]
[w.shekharpoint.com/cg/cg.css]
[w.shekharpoint.com/codingground/images/logo.png]
[w.shekharpoint.com/online_html_editor.html]
[w.shekharpoint.com/codingground/images/cg_html5.png]
[w.shekharpoint.com/online_css_editor.html]
[w.shekharpoint.com/codingground/images/cg_css3.png]
[w.shekharpoint.com/online_jquery_editor.html]
[w.shekharpoint.com/codingground/images/cg_jquery.png]
[w.shekharpoint.com/online_bootstrap_editor.html]
[w.shekharpoint.com/codingground/images/cg_bootstrap.png]
[w.shekharpoint.com/execute_ruby_online.html]
[w.shekharpoint.com/codingground/images/cg_ruby.png]
[w.shekharpoint.com/execute_python_online.html]
[w.shekharpoint.com/codingground/images/cg_python.png]
[w.shekharpoint.com/online_angularjs_editor.html]
[w.shekharpoint.com/online_coffeescript_compiler.html]
[w.shekharpoint.com/online_d3js_editor.html]
[w.shekharpoint.com/online_javascript_editor.html]
[w.shekharpoint.com/online_jquerymobile_editor.html]
[w.shekharpoint.com/online_jqueryui_editor.html]
[w.shekharpoint.com/online_processingjs_editor.html]
[w.shekharpoint.com/online_typescript_compiler.html]
[w.shekharpoint.com/online_p5js_editor.html]
[w.shekharpoint.com/online_vuejs_editor.html]
[w.shekharpoint.com/online_asciidoc_editor.html]
[w.shekharpoint.com/online_markdown_editor.html]
[w.shekharpoint.com/online_mathml_editor.html]
[w.shekharpoint.com/online_restructure_editor.html]
[w.shekharpoint.com/online_tex_editor.html]
[w.shekharpoint.com/compile_ada_online.html]
[w.shekharpoint.com/execute_algol_online.html]
[w.shekharpoint.com/compile_assembly_online.html]
[w.shekharpoint.com/execute_awk_online.html]
[w.shekharpoint.com/execute_bash_online.html]
[w.shekharpoint.com/compile_befunge_online.html]
[w.shekharpoint.com/execute_brainfk_online.html]
[w.shekharpoint.com/compile_c_online.html]
[w.shekharpoint.com/execute_cbasic_online.html]
[w.shekharpoint.com/execute_clojure_online.html]
[w.shekharpoint.com/compile_cobol_online.html]
[w.shekharpoint.com/execute_coldfusion_online.html]
[w.shekharpoint.com/compile_c99_online.html]
[w.shekharpoint.com/compile_cpp_online.html]
[w.shekharpoint.com/compile_cpp0x_online.html]
[w.shekharpoint.com/compile_cpp11_online.html]
[w.shekharpoint.com/compile_csharp_online.html]
[w.shekharpoint.com/execute_dart_online.html]
[w.shekharpoint.com/compile_d_online.html]
[w.shekharpoint.com/compile_erlang_online.html]
[w.shekharpoint.com/execute_elixir_online.html]
[w.shekharpoint.com/execute_factor_online.html]
[w.shekharpoint.com/execute_fantom_online.html]
[w.shekharpoint.com/execute_falcon_online.html]
[w.shekharpoint.com/compile_fortran_online.html]
[w.shekharpoint.com/execute_forth_online.html]
[w.shekharpoint.com/compile_fsharp_online.html]
[w.shekharpoint.com/compile_freebasic_online.html]
[w.shekharpoint.com/execute_groovy_online.html]
[w.shekharpoint.com/execute_golang_online.html]
[w.shekharpoint.com/execute_haxe_online.html]
[w.shekharpoint.com/compile_haskell_online.html]
[w.shekharpoint.com/compile_ilasm_online.html]
[w.shekharpoint.com/compile_intercal_online.html]
[w.shekharpoint.com/compile_icon_online.html]
[w.shekharpoint.com/compile_java_online.html]
[w.shekharpoint.com/compile_java8_online.html]
[w.shekharpoint.com/compile_jdbc_online.html]
[w.shekharpoint.com/execute_jsp_online.html]
[w.shekharpoint.com/execute_julia_online.html]
[w.shekharpoint.com/execute_jython_online.html]
[w.shekharpoint.com/compile_kotlin_online.html]
[w.shekharpoint.com/execute_ksh_online.html]
[w.shekharpoint.com/execute_lisp_online.html]
[w.shekharpoint.com/execute_lolcode_online.html]
[w.shekharpoint.com/execute_lua_online.html]
[w.shekharpoint.com/execute_matlab_online.html]
[w.shekharpoint.com/execute_malbolge_online.html]
[w.shekharpoint.com/compile_mozart-oz_online.html]
[w.shekharpoint.com/compile_nimrod_online.html]
[w.shekharpoint.com/execute_nodejs_online.html]
[w.shekharpoint.com/compile_objective-c_online.html]
[w.shekharpoint.com/compile_ocaml_online.html]
[w.shekharpoint.com/oracle_terminal_online.html]
[w.shekharpoint.com/compile_pascal_online.html]
[w.shekharpoint.com/execute_pari_online.html]
[w.shekharpoint.com/compile_pawn_online.html]
[w.shekharpoint.com/execute_perl_online.html]
[w.shekharpoint.com/perl_mysql_online.html]
[w.shekharpoint.com/execute_php_online.html]
[w.shekharpoint.com/php_mysql_online.html]
[w.shekharpoint.com/php_webview_online.html]
[w.shekharpoint.com/execute_pike_online.html]
[w.shekharpoint.com/execute_prolog_online.html]
[w.shekharpoint.com/execute_python3_online.html]
[w.shekharpoint.com/python_mysql_online.html]
[w.shekharpoint.com/execute_rexx_online.html]
[w.shekharpoint.com/ruby_mysql_online.html]
[w.shekharpoint.com/compile_rust_online.html]
[w.shekharpoint.com/execute_r_online.html]
[w.shekharpoint.com/compile_scala_online.html]
[w.shekharpoint.com/execute_scheme_online.html]
[w.shekharpoint.com/execute_smalltalk_online.html]
[w.shekharpoint.com/execute_smlnj_online.html]
[w.shekharpoint.com/compile_simula_online.html]
[w.shekharpoint.com/execute_sql_online.html]
[w.shekharpoint.com/compile_swift_online.html]
[w.shekharpoint.com/execute_tcl_online.html]
[w.shekharpoint.com/execute_unlambda_online.html]
[w.shekharpoint.com/compile_vb.net_online.html]
[w.shekharpoint.com/compile_verilog_online.html]
[w.shekharpoint.com/execute_whitespace_online.html]
[w.shekharpoint.com/execute_basic_online.html]
[w.shekharpoint.com/codingground.html]
[w.shekharpoint.com/compile_yasm_online.html]
[w.shekharpoint.com/tutor_connect/images/upload-bg-optim.png]
[w.shekharpoint.com/tutor_connect/images/fabric-of-squares.png]
[w.shekharpoint.com/tutor_connect/images/list-icon.png]
[w.shekharpoint.com/tutor_connect/images/checks.png]
[w.shekharpoint.com/tutor_connect/images/social-sprites.png]
[w.shekharpoint.com/tutor_connect/images/jquery-te.png]
[w.shekharpoint.com/tutor_connect/images/chat-unread.png]
[w.shekharpoint.com/images/loading-optim.gif]
[w.shekharpoint.com/images/prev-optim.png]
[w.shekharpoint.com/images/next-optim.png]
[w.shekharpoint.com/images/close-optim.png]
[w.shekharpoint.com/tutor_connect/css/tutors.css]
[w.shekharpoint.com/tutor_connect/disclaimer.html]
[w.shekharpoint.com/about/index.html]
[w.shekharpoint.com/about/about_team.html]
[w.shekharpoint.com/about/about_privacy.html]
[w.shekharpoint.com/about/about_cookies.html]
[w.shekharpoint.com/about/about_terms_of_use.html]
[w.shekharpoint.com/investors/images/logo.png]
[w.shekharpoint.com/search.html]
[w.shekharpoint.com/investors/images/investor-relations-mini-logo.jpg]
[w.shekharpoint.com/investors/board-of-directors.html]
[w.shekharpoint.com/investors/corporate-governance.html]
[w.shekharpoint.com/investors/financial-results.html]
[w.shekharpoint.com/investors/prospectuses.html]
[w.shekharpoint.com/investors/investors-presentation.html]
[w.shekharpoint.com/investors/investors-relations-contact.html]
[w.shekharpoint.com/investors/issue-detail.html]
[w.shekharpoint.com/investors/how-to-apply.html]
[w.tutorix.com/images/team-photo.jpg]
[w.shekharpoint.com/investors/images/ayushmann.png]
[w.shekharpoint.com/investors/index.html]
[w.shekharpoint.com/articles.html]
[w.shekharpoint.com/free_web_graphics/images/logo.png]
[w.shekharpoint.com/free_web_graphics/images/fwg-mini-logo.jpg]
[w.shekharpoint.com/free_web_graphicsb77a.html]
[w.shekharpoint.com/free_web_graphicsd6d6.html]
[w.shekharpoint.com/free_web_graphics5c75.html]
[w.shekharpoint.com/free_web_graphics1598.html]
[w.shekharpoint.com/free_web_graphics6aa6.html]
[w.shekharpoint.com/free_web_graphics93ba.html]
[w.shekharpoint.com/free_web_graphics63d1.html]
[w.shekharpoint.com/free_web_graphics3f4c.html]
[w.shekharpoint.com/free_web_graphics352f.html]
[w.shekharpoint.com/free_web_graphics76fc.html]
[w.shekharpoint.com/free_web_graphics9f08.html]
[w.shekharpoint.com/free_web_graphicsc815.html]
[w.shekharpoint.com/free_web_graphics4ca7.html]
[w.shekharpoint.com/free_web_graphics4b98.html]
[w.shekharpoint.com/free_web_graphics23d2.html]
[w.shekharpoint.com/free_web_graphicsa7a3.html]
[w.shekharpoint.com/free_web_graphicsd674.html]
[w.shekharpoint.com/free_web_graphicsab27.html]
[w.shekharpoint.com/free_web_graphics14a3.html]
[w.shekharpoint.com/free_web_graphicse987.html]
[w.shekharpoint.com/free_web_graphics629c.html]
[w.shekharpoint.com/free_web_graphicscc68.html]
[w.shekharpoint.com/free_web_graphics3e50.html]
[w.shekharpoint.com/free_web_graphicsaf03.html]
[w.shekharpoint.com/free_web_graphicsdc23.html]
[w.shekharpoint.com/free_web_graphics58e3.html]
[w.shekharpoint.com/free_web_graphicsc29d.html]
[w.shekharpoint.com/free_web_graphics1b4d.html]
[w.shekharpoint.com/free_web_graphics28d2.html]
[w.shekharpoint.com/free_web_graphics/images/free-web-graphics.jpg]
[w.shekharpoint.com/free_web_graphicsd4f3.html]
[w.shekharpoint.com/images/clipart/flow/flow1.gif]
[w.shekharpoint.com/images/clipart/flow/flow1.jpg]
[w.shekharpoint.com/images/clipart/flow/flow2.gif]
[w.shekharpoint.com/images/clipart/flow/flow2.jpg]
[w.shekharpoint.com/images/clipart/flow/flow3.gif]
[w.shekharpoint.com/images/clipart/flow/flow3.jpg]
[w.shekharpoint.com/images/clipart/flow/flow4.gif]
[w.shekharpoint.com/images/clipart/flow/flow4.jpg]
[w.shekharpoint.com/images/clipart/flow/flow5.gif]
[w.shekharpoint.com/images/clipart/flow/flow5.jpg]
[w.shekharpoint.com/images/clipart/flow/flow6.gif]
[w.shekharpoint.com/images/clipart/flow/flow6.jpg]
[w.shekharpoint.com/images/clipart/flow/flow7.gif]
[w.shekharpoint.com/images/clipart/flow/flow7.jpg]
[w.shekharpoint.com/images/clipart/flow/flow8.gif]
[w.shekharpoint.com/images/clipart/flow/flow8.jpg]
[w.shekharpoint.com/images/clipart/flow/flow9.gif]
[w.shekharpoint.com/images/clipart/flow/flow9.jpg]
[w.shekharpoint.com/images/clipart/flow/flow10.gif]
[w.shekharpoint.com/images/clipart/flow/flow10.jpg]
[w.shekharpoint.com/images/clipart/flow/flow11.gif]
[w.shekharpoint.com/images/clipart/flow/flow11.jpg]
[w.shekharpoint.com/images/clipart/flow/flow12.gif]
[w.shekharpoint.com/images/clipart/flow/flow12.jpg]
[w.shekharpoint.com/images/clipart/flow/flow13.gif]
[w.shekharpoint.com/images/clipart/flow/flow13.jpg]
[w.shekharpoint.com/images/clipart/flow/flow14.gif]
[w.shekharpoint.com/images/clipart/flow/flow14.jpg]
[w.shekharpoint.com/images/clipart/flow/flow15.gif]
[w.shekharpoint.com/images/clipart/flow/flow15.jpg]
[w.shekharpoint.com/images/clipart/flow/flow16.gif]
[w.shekharpoint.com/images/clipart/flow/flow16.jpg]
[w.shekharpoint.com/images/clipart/flow/flow17.gif]
[w.shekharpoint.com/images/clipart/flow/flow17.jpg]
[w.shekharpoint.com/images/clipart/flow/flow18.gif]
[w.shekharpoint.com/images/clipart/flow/flow18.jpg]
[w.shekharpoint.com/images/clipart/flow/flow19.gif]
[w.shekharpoint.com/images/clipart/flow/flow19.jpg]
[w.shekharpoint.com/images/clipart/flow/flow20.gif]
[w.shekharpoint.com/images/clipart/flow/flow20.jpg]
[w.shekharpoint.com/free_web_graphicse8a7.html]
[w.shekharpoint.com/free_web_graphics.html]
[w.shekharpoint.com/convert_png_to_pdf.html]
[w.shekharpoint.com/images/convert_png_to_pdf.jpg]
[w.shekharpoint.com/convert_jpg_to_pdf.html]
[w.shekharpoint.com/images/convert_jpg_to_pdf.jpg]
[w.shekharpoint.com/convert_rtf_to_pdf.html]
[w.shekharpoint.com/images/convert_rtf_to_pdf.jpg]
[w.shekharpoint.com/convert_tiff_to_pdf.html]
[w.shekharpoint.com/images/convert_tiff_to_pdf.jpg]
[w.shekharpoint.com/convert_word_to_pdf.html]
[w.shekharpoint.com/images/convert_word_to_pdf.jpg]
[w.shekharpoint.com/convert_excel_to_pdf.html]
[w.shekharpoint.com/images/convert_excel_to_pdf.jpg]
[w.shekharpoint.com/convert_powerpoint_to_pdf.html]
[w.shekharpoint.com/images/convert_powerpoint_to_pdf.jpg]
[w.shekharpoint.com/convert_visio_to_pdf.html]
[w.shekharpoint.com/images/convert_visio_to_pdf.jpg]
[w.shekharpoint.com/convert_publisher_to_pdf.html]
[w.shekharpoint.com/images/convert_publisher_to_pdf.jpg]
[w.shekharpoint.com/convert_odt_to_pdf.html]
[w.shekharpoint.com/images/convert_odt_to_pdf.jpg]
[w.shekharpoint.com/convert_odp_to_pdf.html]
[w.shekharpoint.com/images/convert_odp_to_pdf.jpg]
[w.shekharpoint.com/convert_odg_to_pdf.html]
[w.shekharpoint.com/images/convert_odg_to_pdf.jpg]
[w.shekharpoint.com/convert_odf_to_pdf.html]
[w.shekharpoint.com/images/convert_odf_to_pdf.jpg]
[w.shekharpoint.com/convert_avi_to_flv.html]
[w.shekharpoint.com/images/convert_avi_to_flv.jpg]
[w.shekharpoint.com/convert_avi_to_mp4.html]
[w.shekharpoint.com/images/convert_avi_to_mp4.jpg]
[w.shekharpoint.com/convert_avi_to_mpeg.html]
[w.shekharpoint.com/images/convert_avi_to_mpeg.jpg]
[w.shekharpoint.com/convert_avi_to_wmv.html]
[w.shekharpoint.com/images/convert_avi_to_wmv.jpg]
[w.shekharpoint.com/convert_m4a_to_mp3.html]
[w.shekharpoint.com/images/convert_m4a_to_mp3.jpg]
[w.shekharpoint.com/convert_m4a_to_wav.html]
[w.shekharpoint.com/images/convert_m4a_to_wav.jpg]
[w.shekharpoint.com/convert_mp4_to_mp3.html]
[w.shekharpoint.com/images/convert_mp4_to_mp3.jpg]
[w.shekharpoint.com/convert_mp4_to_wav.html]
[w.shekharpoint.com/images/convert_mp4_to_wav.jpg]
[w.shekharpoint.com/convert_wav_to_mp3.html]
[w.shekharpoint.com/images/convert_wav_to_mp3.jpg]
[w.shekharpoint.com/convert_webm_to_mp3.html]
[w.shekharpoint.com/images/convert_webm_to_mp3.jpg]
[w.shekharpoint.com/convert_webm_to_mp4.html]
[w.shekharpoint.com/images/convert_webm_to_mp4.jpg]
[w.shekharpoint.com/online_file_conversion.html]
[w.shekharpoint.com/scripts/shared.css]
[w.shekharpoint.com/images/shared-tutorials.png]
[w.shekharpoint.com/shared_tutorials/login.html]
[w.shekharpoint.com/shared_tutorials/register.html]
[w.shekharpoint.com/shared_tutorials/add-white-paper.html]
[w.shekharpoint.com/shared_tutorials/white-papers.html]
[w.shekharpoint.com/listtutorial/How-To-Install-Lighttpd-With-MariaDB-and-PHP-on-Ubuntu/10308.html]
[w.shekharpoint.com/images/one.gif]
[w.shekharpoint.com/images/half.gif]
[w.shekharpoint.com/images/zero.gif]
[w.shekharpoint.com/listtutorial/How-To-Use-Linux-Screen/10307.html]
[w.shekharpoint.com/listtutorial/How-to-Install-Xfce-Desktop-Environment-on-CentOS-7/10306.html]
[w.shekharpoint.com/listtutorial/How-to-Install-Curl-on-Ubuntu-1804/10305.html]
[w.shekharpoint.com/listtutorial/How-to-Install-Go-on-Ubuntu-1804/10301.html]
[w.shekharpoint.com/listtutorial/How-To-Install-Nodejs-on-Ubuntu-1804-LTS/10300.html]
[w.shekharpoint.com/listtutorial/How-To-Install-Drupal-on-Ubuntu-1804-LTS/10299.html]
[w.shekharpoint.com/listtutorial/How-to-Install-ELK-Stack-on-CentOS-7/10298.html]
[w.shekharpoint.com/listtutorial/How-To-Install-Jekyll-on-CentOS-7/10297.html]
[w.shekharpoint.com/listtutorial/How-To-Install-and-Configure-GitLab-on-Ubuntu-1804/10296.html]
[w.shekharpoint.com/listtutorial/How-to-List-All-Databases-in-MySQL/10295.html]
[w.shekharpoint.com/listtutorial/How-to-Install-the-ELK-Stack-on-CentOS-7/10294.html]
[w.shekharpoint.com/listtutorial/How-To-Install-Pip-on-Ubuntu-1804-LTS/10293.html]
[w.shekharpoint.com/listtutorial/How-to-Install-Matomo-on-Ubuntu-1804/10292.html]
[w.shekharpoint.com/listtutorial/How-to-Backup-Computer-Windows-10-System-to-Cloud-Drive/10291.html]
[w.shekharpoint.com/listtutorial/How-To-Install-Sublime-Text-on-Ubuntu-1804-LTS/10290.html]
[w.shekharpoint.com/listtutorial/Set-up-a-mail-server-with-PostfixAdmin/10288.html]
[w.shekharpoint.com/listtutorial/Install-and-configure-Postfix-and-Dovecot/10287.html]
[w.shekharpoint.com/listtutorial/Install-and-configure-Roundcube-Webmail/10286.html]
[w.shekharpoint.com/listtutorial/Install-and-integrate-Rspamd/10285.html]
[w.shekharpoint.com/listtutorial/How-to-install-Tomcat-85-on-Debian-9/10284.html]
[w.shekharpoint.com/listtutorial/How-to-Install-Android-Studio-on-Ubuntu-1804/10283.html]
[w.shekharpoint.com/shared-tutorials.html]
[w.shekharpoint.com/theme/js/jquery.js]
[w.shekharpoint.com/free_online_whiteboard.html]
[w.shekharpoint.com/about/contact_us.html]
[w.shekharpoint.com/theme/css/menu-style-min3860.css]
[w.shekharpoint.com/tutor_connect/mobile-verification4825.html]
[w.shekharpoint.com/tutor_connect/mobile-verification75a8.html]
[w.shekharpoint.com/themes/css/style-min-v1a6fa.css]
[w.shekharpoint.com/current_affairs_august_2020/index.html]
[w.shekharpoint.com/current_affairs_august_2020/images/current-affairs-august-2020-mini-logo.jpg]
[w.shekharpoint.com/current_affairs_january_2019/index.html]
[w.shekharpoint.com/current_affairs_january_2019/images/current-affairs-january-2019-mini-logo.jpg]
[w.shekharpoint.com/current_affairs_february_2019/index.html]
[w.shekharpoint.com/current_affairs_february_2019/images/current-affairs-february-2019-mini-logo.jpg]
[w.shekharpoint.com/current_affairs_march_2019/index.html]
[w.shekharpoint.com/current_affairs_march_2019/images/current-affairs-march-2019-mini-logo.jpg]
[w.shekharpoint.com/current_affairs_april_2019/index.html]
[w.shekharpoint.com/current_affairs_april_2019/images/current-affairs-april-2019-mini-logo.jpg]
[w.shekharpoint.com/current_affairs_may_2019/index.html]
[w.shekharpoint.com/current_affairs_may_2019/images/current-affairs-may-2019-mini-logo.jpg]
[w.shekharpoint.com/current_affairs_june_2019/index.html]
[w.shekharpoint.com/current_affairs_june_2019/images/current-affairs-june-2019-mini-logo.jpg]
[w.shekharpoint.com/current_affairs_july_2019/index.html]
[w.shekharpoint.com/current_affairs_july_2019/images/current-affairs-july-2019-mini-logo.jpg]
[w.shekharpoint.com/current_affairs_august_2019/index.html]
[w.shekharpoint.com/current_affairs_august_2019/images/current-affairs-august-2019-mini-logo.jpg]
[w.shekharpoint.com/current_affairs_september_2019/index.html]
[w.shekharpoint.com/current_affairs_september_2019/images/current-affairs-september-2019-mini-logo.jpg]
[w.shekharpoint.com/current_affairs_october_2019/index.html]
[w.shekharpoint.com/current_affairs_october_2019/images/current-affairs-october-2019-mini-logo.jpg]
[w.shekharpoint.com/current_affairs_november_2019/index.html]
[w.shekharpoint.com/current_affairs_november_2019/images/current-affairs-november-2019-mini-logo.jpg]
[w.shekharpoint.com/current_affairs_december_2019/index.html]
[w.shekharpoint.com/current_affairs_december_2019/images/current-affairs-december-2019-mini-logo.jpg]
[w.shekharpoint.com/current_affairs_january_2018/index.html]
[w.shekharpoint.com/current_affairs_january_2018/images/current-affairs-january-2018-mini-logo.jpg]
[w.shekharpoint.com/current_affairs_february_2018/index.html]
[w.shekharpoint.com/current_affairs_february_2018/images/current-affairs-february-2018-mini-logo.jpg]
[w.shekharpoint.com/current_affairs_march_2018/index.html]
[w.shekharpoint.com/current_affairs_march_2018/images/current-affairs-march-2018-mini-logo.jpg]
[w.shekharpoint.com/current_affairs_april_2018/index.html]
[w.shekharpoint.com/current_affairs_april_2018/images/current-affairs-april-2018-mini-logo.jpg]
[w.shekharpoint.com/current_affairs_may_2018/index.html]
[w.shekharpoint.com/current_affairs_may_2018/images/current-affairs-may-2018-mini-logo.jpg]
[w.shekharpoint.com/current_affairs_june_2018/index.html]
[w.shekharpoint.com/current_affairs_june_2018/images/current-affairs-june-2018-mini-logo.jpg]
[w.shekharpoint.com/current_affairs_july_2018/index.html]
[w.shekharpoint.com/current_affairs_july_2018/images/current-affairs-july-2018-mini-logo.jpg]
[w.shekharpoint.com/current_affairs_august_2018/index.html]
[w.shekharpoint.com/current_affairs_august_2018/images/current-affairs-august-2018-mini-logo.jpg]
[w.shekharpoint.com/current_affairs_september_2018/index.html]
[w.shekharpoint.com/current_affairs_september_2018/images/current-affairs-september-2018-mini-logo.jpg]
[w.shekharpoint.com/current_affairs_october_2018/index.html]
[w.shekharpoint.com/current_affairs_october_2018/images/current-affairs-october-2018-mini-logo.jpg]
[w.shekharpoint.com/current_affairs_november_2018/index.html]
[w.shekharpoint.com/current_affairs_november_2018/images/current-affairs-november-2018-mini-logo.jpg]
[w.shekharpoint.com/current_affairs_december_2018/index.html]
[w.shekharpoint.com/current_affairs_december_2018/images/current-affairs-december-2018-mini-logo.jpg]
[w.shekharpoint.com/current_affairs_january_2017/index.html]
[w.shekharpoint.com/current_affairs_january_2017/images/current-affairs-january-2017-mini-logo.jpg]
[w.shekharpoint.com/current_affairs_february_2017/index.html]
[w.shekharpoint.com/current_affairs_february_2017/images/current-affairs-february-2017-mini-logo.jpg]
[w.shekharpoint.com/current_affairs_march_2017/index.html]
[w.shekharpoint.com/current_affairs_march_2017/images/current-affairs-march-2017-mini-logo.jpg]
[w.shekharpoint.com/current_affairs_april_2017/index.html]
[w.shekharpoint.com/current_affairs_april_2017/images/current-affairs-april-2017-mini-logo.jpg]
[w.shekharpoint.com/current_affairs_may_2017/index.html]
[w.shekharpoint.com/current_affairs_may_2017/images/current-affairs-may-2017-mini-logo.jpg]
[w.shekharpoint.com/current_affairs_june_2017/index.html]
[w.shekharpoint.com/current_affairs_june_2017/images/current-affairs-june-2017-mini-logo.jpg]
[w.shekharpoint.com/current_affairs_july_2017/index.html]
[w.shekharpoint.com/current_affairs_july_2017/images/current-affairs-july-2017-mini-logo.jpg]
[w.shekharpoint.com/current_affairs_august_2017/index.html]
[w.shekharpoint.com/current_affairs_august_2017/images/current-affairs-august-2017-mini-logo.jpg]
[w.shekharpoint.com/current_affairs_september_2017/index.html]
[w.shekharpoint.com/current_affairs_september_2017/images/current-affairs-september-2017-mini-logo.jpg]
[w.shekharpoint.com/current_affairs_october_2017/index.html]
[w.shekharpoint.com/current_affairs_october_2017/images/current-affairs-october-2017-mini-logo.jpg]
[w.shekharpoint.com/current_affairs_november_2017/index.html]
[w.shekharpoint.com/current_affairs_november_2017/images/current-affairs-november-2017-mini-logo.jpg]
[w.shekharpoint.com/current_affairs_december_2017/index.html]
[w.shekharpoint.com/current_affairs_december_2017/images/current-affairs-december-2017-mini-logo.jpg]
[w.shekharpoint.com/current_affairs_january_2016/index.html]
[w.shekharpoint.com/current_affairs_january_2016/images/current-affairs-january-2016-mini-logo.jpg]
[w.shekharpoint.com/current_affairs_february_2016/index.html]
[w.shekharpoint.com/current_affairs_february_2016/images/current-affairs-february-2016-mini-logo.jpg]
[w.shekharpoint.com/current_affairs_march_2016/index.html]
[w.shekharpoint.com/current_affairs_march_2016/images/current-affairs-march-2016-mini-logo.jpg]
[w.shekharpoint.com/current_affairs_april_2016/index.html]
[w.shekharpoint.com/current_affairs_april_2016/images/current-affairs-april-2016-mini-logo.jpg]
[w.shekharpoint.com/current_affairs_may_2016/index.html]
[w.shekharpoint.com/current_affairs_may_2016/images/current-affairs-may-2016-mini-logo.jpg]
[w.shekharpoint.com/current_affairs_june_2016/index.html]
[w.shekharpoint.com/current_affairs_june_2016/images/current-affairs-june-2016-mini-logo.jpg]
[w.shekharpoint.com/current_affairs_july_2016/index.html]
[w.shekharpoint.com/current_affairs_july_2016/images/current-affairs-july-2016-mini-logo.jpg]
[w.shekharpoint.com/current_affairs_august_2016/index.html]
[w.shekharpoint.com/current_affairs_august_2016/images/current-affairs-august-2016-mini-logo.jpg]
[w.shekharpoint.com/current_affairs_september_2016/index.html]
[w.shekharpoint.com/current_affairs_september_2016/images/current-affairs-september-2016-mini-logo.jpg]
[w.shekharpoint.com/current_affairs_october_2016/index.html]
[w.shekharpoint.com/current_affairs_october_2016/images/current-affairs-october-2016-mini-logo.jpg]
[w.shekharpoint.com/current_affairs_november_2016/index.html]
[w.shekharpoint.com/current_affairs_november_2016/images/current-affairs-november-2016-mini-logo.jpg]
[w.shekharpoint.com/current_affairs_december_2016/index.html]
[w.shekharpoint.com/current_affairs_december_2016/images/current-affairs-december-2016-mini-logo.jpg]
[w.shekharpoint.com/current_affairs.html]
[w.shekharpoint.com/biology_part1/images/biology-mini-logo.jpg]
[w.shekharpoint.com/biology_part2/images/biology-mini-logo.jpg]
[w.shekharpoint.com/chemistry_part1/images/chemistry-mini-logo.jpg]
[w.shekharpoint.com/chemistry_part2/images/chemistry-mini-logo.jpg]
[w.shekharpoint.com/physics_part1/images/physics-mini-logo.jpg]
[w.shekharpoint.com/physics_part2/images/physics-mini-logo.jpg]
[w.shekharpoint.com/geography/images/geography-mini-logo.jpg]
[w.shekharpoint.com/indian_economy/images/indian-economy-mini-logo.jpg]
[w.shekharpoint.com/indian_polity/images/indian-polity-mini-logo.jpg]
[w.shekharpoint.com/ancient_indian_history/images/ancient-indian-history-mini-logo.jpg]
[w.shekharpoint.com/medieval_indian_history/images/medieval-indian-history-mini-logo.jpg]
[w.shekharpoint.com/modern_indian_history/images/modern-indian-history-mini-logo.jpg]
[w.shekharpoint.com/verbal_ability/images/verbal-ability-mini-logo.jpg]
[w.shekharpoint.com/quantitative_aptitude/images/aptitude-mini-logo.jpg]
[w.shekharpoint.com/general_knowledge/images/general-knowledge-mini-logo.jpg]
[w.shekharpoint.com/reasoning/images/reasoning-mini-logo.jpg]
[w.shekharpoint.com/upsc_ias_exams.html]
[w.shekharpoint.com/videotutorials/js/fontawesome1d5e.js]
[w.shekharpoint.com/videotutorials/css/login4128.css]
[w.shekharpoint.com/videotutorials/css/videos4128.css]
[w.google.com/recaptcha/apib42a.js]
[w.shekharpoint.com/videotutorials/js/jquery.js]
[w.shekharpoint.com/videotutorials/js/videos_login1036.js]
[w.shekharpoint.com/videotutorials/images/logo-login.png]
[w.shekharpoint.com/videotutorials/login.html]
[w.shekharpoint.com/videotutorials/images/starter_icon.png]
[w.shekharpoint.com/videotutorials/images/standard_icon.png]
[w.shekharpoint.com/videotutorials/member_courses.html]
[w.shekharpoint.com/videotutorials/images/premium_icon.png]
[w.shekharpoint.com/videotutorials/subscription.html]
[w.shekharpoint.com/add_free_sample.html]
[w.shekharpoint.com/red/images/logo.png]
[w.shekharpoint.com/images/cbse_syllabus_icon.png]
[w.shekharpoint.com/images/accounting_basics_icon.png]
[w.shekharpoint.com/images/auditing_icon.png]
[w.shekharpoint.com/images/computer_concepts_icon.png]
[w.shekharpoint.com/images/financial_accounting_icon.png]
[w.shekharpoint.com/images/forex_trading_icon.png]
[w.shekharpoint.com/images/statistics_icon.png]
[w.shekharpoint.com/academic_tutorials.html]
[w.shekharpoint.com/images/advanced_excel_charts_icon.png]
[w.shekharpoint.com/images/advanced_excel_functions_icon.png]
[w.shekharpoint.com/images/apache_flume_icon.png]
[w.shekharpoint.com/images/apache_kafka_icon.png]
[w.shekharpoint.com/images/apache_pig_icon.png]
[w.shekharpoint.com/images/apache_solr_icon.png]
[w.shekharpoint.com/images/apache_spark_icon.png]
[w.shekharpoint.com/images/apache_storm_icon.png]
[w.shekharpoint.com/images/apache_tajo_icon.png]
[w.shekharpoint.com/images/avro_icon.png]
[w.shekharpoint.com/images/aws_quicksight_icon.png]
[w.shekharpoint.com/images/big_data_analytics_icon.png]
[w.shekharpoint.com/images/cassandra_icon.png]
[w.shekharpoint.com/images/cognos_icon.png]
[w.shekharpoint.com/images/couchdb_icon.png]
[w.shekharpoint.com/images/dax_functions_icon.png]
[w.shekharpoint.com/images/data_modeling_with_dax_icon.png]
[w.shekharpoint.com/images/excel_dashboards_icon.png]
[w.shekharpoint.com/images/excel_dax_icon.png]
[w.shekharpoint.com/images/excel_data_analysis_icon.png]
[w.shekharpoint.com/images/excel_pivot_tables_icon.png]
[w.shekharpoint.com/images/excel_macros_icon.png]
[w.shekharpoint.com/images/excel_power_pivot_icon.png]
[w.shekharpoint.com/images/excel_power_view_icon.png]
[w.shekharpoint.com/images/googlecharts_icon.png]
[w.shekharpoint.com/images/ggplot2_icon.png]
[w.shekharpoint.com/images/hadoop_icon.png]
[w.shekharpoint.com/images/hbase_icon.png]
[w.shekharpoint.com/images/hcatalog_icon.png]
[w.shekharpoint.com/images/highcharts_icon.png]
[w.shekharpoint.com/images/hive_icon.png]
[w.shekharpoint.com/images/impala_icon.png]
[w.shekharpoint.com/images/jfreechart_icon.png]
[w.shekharpoint.com/images/kibana_icon.png]
[w.shekharpoint.com/images/mahout_icon.png]
[w.shekharpoint.com/images/map_reduce_icon.png]
[w.shekharpoint.com/images/pentaho_icon.png]
[w.shekharpoint.com/images/plotly_icon.png]
[w.shekharpoint.com/images/power_bi_icon.png]
[w.shekharpoint.com/images/qlikview_icon.png]
[w.shekharpoint.com/images/r_icon.png]
[w.shekharpoint.com/images/sas_icon.png]
[w.shekharpoint.com/images/spark_sql_icon.png]
[w.shekharpoint.com/images/splunk_icon.png]
[w.shekharpoint.com/images/sqoop_icon.png]
[w.shekharpoint.com/images/tableau_icon.png]
[w.shekharpoint.com/images/talend_icon.png]
[w.shekharpoint.com/images/teradata_icon.png]
[w.shekharpoint.com/images/weka_icon.png]
[w.shekharpoint.com/images/zookeeper_icon.png]
[w.shekharpoint.com/big_data_tutorials.html]
[w.shekharpoint.com/purple/images/logo.png]
[w.shekharpoint.com/images/unix_sockets_icon.png]
[w.shekharpoint.com/images/apex_icon.png]
[w.shekharpoint.com/images/arduino_icon.png]
[w.shekharpoint.com/images/assembly_programming_icon.png]
[w.shekharpoint.com/images/awk_icon.png]
[w.shekharpoint.com/images/c_standard_library_icon.png]
[w.shekharpoint.com/images/clojure_icon.png]
[w.shekharpoint.com/images/cobol_icon.png]
[w.shekharpoint.com/images/cprogramming_icon.png]
[w.shekharpoint.com/images/cplusplus_icon.png]
[w.shekharpoint.com/images/cpp_standard_library_icon.png]
[w.shekharpoint.com/images/csharp_icon.png]
[w.shekharpoint.com/images/dart_programming_icon.png]
[w.shekharpoint.com/images/d_programming_icon.png]
[w.shekharpoint.com/images/elixir_icon.png]
[w.shekharpoint.com/images/elm_icon.png]
[w.shekharpoint.com/images/erlang_icon.png]
[w.shekharpoint.com/images/euphoria_icon.png]
[w.shekharpoint.com/images/fortran_icon.png]
[w.shekharpoint.com/images/fsharp_icon.png]
[w.shekharpoint.com/images/go_icon.png]
[w.shekharpoint.com/images/groovy_icon.png]
[w.shekharpoint.com/images/haskell_icon.png]
[w.shekharpoint.com/images/java_icon.png]
[w.shekharpoint.com/images/java8_icon.png]
[w.shekharpoint.com/images/java_beanutils_icon.png]
[w.shekharpoint.com/images/jcl_icon.png]
[w.shekharpoint.com/images/kdbplus_icon.png]
[w.shekharpoint.com/images/lisp_icon.png]
[w.shekharpoint.com/images/lolcode_icon.png]
[w.shekharpoint.com/images/logo_icon.png]
[w.shekharpoint.com/images/matlab_icon.png]
[w.shekharpoint.com/images/nodejs_icon.png]
[w.shekharpoint.com/images/objective_c_icon.png]
[w.shekharpoint.com/images/oauth2.0_icon.png]
[w.shekharpoint.com/images/pascal_icon.png]
[w.shekharpoint.com/images/parrot_icon.png]
[w.shekharpoint.com/images/perl_icon.png]
[w.shekharpoint.com/images/rexx_icon.png]
[w.shekharpoint.com/images/rust_icon.png]
[w.shekharpoint.com/images/scala_icon.png]
[w.shekharpoint.com/images/scala_collections_icon.png]
[w.shekharpoint.com/images/socket.io_icon.png]
[w.shekharpoint.com/images/solidity_icon.png]
[w.shekharpoint.com/images/swift_icon.png]
[w.shekharpoint.com/images/vb.net_icon.png]
[w.shekharpoint.com/images/vba_icon.png]
[w.shekharpoint.com/images/webassembly_icon.png]
[w.shekharpoint.com/computer_programming_tutorials.html]
[w.shekharpoint.com/images/adaptive_software_development_icon.png]
[w.shekharpoint.com/images/agile_icon.png]
[w.shekharpoint.com/images/agile_data_science_icon.png]
[w.shekharpoint.com/images/artificial_intelligence_icon.png]
[w.shekharpoint.com/images/computer_programming_icon.png]
[w.shekharpoint.com/images/inter_process_communication_icon.png]
[w.shekharpoint.com/images/learn_c_by_examples_icon.png]
[w.shekharpoint.com/images/basics_of_computers_icon.png]
[w.shekharpoint.com/images/basics_of_computer_science_icon.png]
[w.shekharpoint.com/images/basic_electronics_icon.png]
[w.shekharpoint.com/images/behavior_driven_development_icon.png]
[w.shekharpoint.com/images/cloud_computing_icon.png]
[w.shekharpoint.com/images/compiler_design_icon.png]
[w.shekharpoint.com/images/computer_fundamentals_icon.png]
[w.shekharpoint.com/images/computer_graphics_icon.png]
[w.shekharpoint.com/images/computer_logical_organization_icon.png]
[w.shekharpoint.com/images/cryptography_icon.png]
[w.shekharpoint.com/images/data_communication_computer_network_icon.png]
[w.shekharpoint.com/images/data_mining_icon.png]
[w.shekharpoint.com/images/data_structures_algorithms_icon.png]
[w.shekharpoint.com/images/design_and_analysis_of_algorithms_icon.png]
[w.shekharpoint.com/images/dbms_icon.png]
[w.shekharpoint.com/images/digital_circuits_icon.png]
[w.shekharpoint.com/images/dip_icon.png]
[w.shekharpoint.com/images/discrete_mathematics_icon.png]
[w.shekharpoint.com/images/distributed_dbms_icon.png]
[w.shekharpoint.com/images/dwh_icon.png]
[w.shekharpoint.com/images/e_commerce_icon.png]
[w.shekharpoint.com/images/embedded_systems_icon.png]
[w.shekharpoint.com/images/estimation_techniques_icon.png]
[w.shekharpoint.com/images/extreme_programming_icon.png]
[w.shekharpoint.com/images/functional_programming_icon.png]
[w.shekharpoint.com/images/graph_theory_icon.png]
[w.shekharpoint.com/images/http_icon.png]
[w.shekharpoint.com/images/human_computer_interface_icon.png]
[w.shekharpoint.com/images/information_security_cyber_law_icon.png]
[w.shekharpoint.com/images/internet_of_things_icon.png]
[w.shekharpoint.com/images/internet_technologies_icon.png]
[w.shekharpoint.com/images/ipv4_icon.png]
[w.shekharpoint.com/images/ipv6_icon.png]
[w.shekharpoint.com/images/java_dip_icon.png]
[w.shekharpoint.com/images/management_information_system_icon.png]
[w.shekharpoint.com/images/microprocessor_icon.png]
[w.shekharpoint.com/images/mobile_computing_icon.png]
[w.shekharpoint.com/images/network_theory_icon.png]
[w.shekharpoint.com/images/object_oriented_analysis_design_icon.png]
[w.shekharpoint.com/images/operating_system_icon.png]
[w.shekharpoint.com/images/parallel_algorithm_icon.png]
[w.shekharpoint.com/images/parallel_computer_architecture_icon.png]
[w.shekharpoint.com/images/programming_methodologies_icon.png]
[w.shekharpoint.com/images/seo_icon.png]
[w.shekharpoint.com/images/soa_icon.png]
[w.shekharpoint.com/images/soap_icon.png]
[w.shekharpoint.com/images/software_architecture_design_icon.png]
[w.shekharpoint.com/images/software_engineering_icon.png]
[w.shekharpoint.com/images/sdlc_icon.png]
[w.shekharpoint.com/images/uddi_icon.png]
[w.shekharpoint.com/images/uml_icon.png]
[w.shekharpoint.com/computer_science_tutorials.html]
[w.shekharpoint.com/teal/images/logo.png]
[w.shekharpoint.com/images/amazonrds_icon.png]
[w.shekharpoint.com/images/apache_derby_icon.png]
[w.shekharpoint.com/images/arangodb_icon.png]
[w.shekharpoint.com/images/apache_presto_icon.png]
[w.shekharpoint.com/images/db2_icon.png]
[w.shekharpoint.com/images/documentdb_sql_icon.png]
[w.shekharpoint.com/images/documentdb_icon.png]
[w.shekharpoint.com/images/dynamodb_icon.png]
[w.shekharpoint.com/images/h2_database_icon.png]
[w.shekharpoint.com/images/hsqldb_icon.png]
[w.shekharpoint.com/images/ims_db_icon.png]
[w.shekharpoint.com/images/mariadb_icon.png]
[w.shekharpoint.com/images/memcached_icon.png]
[w.shekharpoint.com/images/mongodb_icon.png]
[w.shekharpoint.com/images/mysql_icon.png]
[w.shekharpoint.com/images/mysqli_icon.png]
[w.shekharpoint.com/images/neo4j_icon.png]
[w.shekharpoint.com/images/obiee_icon.png]
[w.shekharpoint.com/images/orientdb_icon.png]
[w.shekharpoint.com/images/plsql_icon.png]
[w.shekharpoint.com/images/postgresql_icon.png]
[w.shekharpoint.com/images/pouchdb_icon.png]
[w.shekharpoint.com/images/redis_icon.png]
[w.shekharpoint.com/images/sqlalchemy_icon.png]
[w.shekharpoint.com/images/sql_certificate_icon.png]
[w.shekharpoint.com/images/sql_icon.png]
[w.shekharpoint.com/images/sqlite_icon.png]
[w.shekharpoint.com/images/t_sql_icon.png]
[w.shekharpoint.com/database_tutorials.html]
[w.shekharpoint.com/images/ansible_icon.png]
[w.shekharpoint.com/images/bugzilla_icon.png]
[w.shekharpoint.com/images/chef_icon.png]
[w.shekharpoint.com/images/consul_icon.png]
[w.shekharpoint.com/images/docker_icon.png]
[w.shekharpoint.com/images/gerrit_icon.png]
[w.shekharpoint.com/images/git_icon.png]
[w.shekharpoint.com/images/gitlab_icon.png]
[w.shekharpoint.com/images/jira_icon.png]
[w.shekharpoint.com/images/kubernetes_icon.png]
[w.shekharpoint.com/images/logstash_icon.png]
[w.shekharpoint.com/images/makefile_icon.png]
[w.shekharpoint.com/images/mantis_icon.png]
[w.shekharpoint.com/images/nagios_icon.png]
[w.shekharpoint.com/images/openshift_icon.png]
[w.shekharpoint.com/images/puppet_icon.png]
[w.shekharpoint.com/images/saltstack_icon.png]
[w.shekharpoint.com/images/servicenow_icon.png]
[w.shekharpoint.com/images/scrapy_icon.png]
[w.shekharpoint.com/images/svn_icon.png]
[w.shekharpoint.com/images/unix_icon.png]
[w.shekharpoint.com/images/linux_admin_icon.png]
[w.shekharpoint.com/images/ubuntu_icon.png]
[w.shekharpoint.com/images/virtualization2.0_icon.png]
[w.shekharpoint.com/images/versionone_icon.png]
[w.shekharpoint.com/devops_tutorials.html]
[w.shekharpoint.com/images/amazon_marketplace_icon.png]
[w.shekharpoint.com/images/ab_testing_icon.png]
[w.shekharpoint.com/images/content_marketing_icon.png]
[w.shekharpoint.com/images/conversion_rate_optimization_icon.png]
[w.shekharpoint.com/images/digital_marketing_icon.png]
[w.shekharpoint.com/images/email_marketing_icon.png]
[w.shekharpoint.com/images/facebook_marketing_icon.png]
[w.shekharpoint.com/images/google_plus_icon.png]
[w.shekharpoint.com/images/google_tag_manager_icon.png]
[w.shekharpoint.com/images/instagram_marketing_icon.png]
[w.shekharpoint.com/images/mobile_marketing_icon.png]
[w.shekharpoint.com/images/online_marketing_icon.png]
[w.shekharpoint.com/images/pay_per_click_icon.png]
[w.shekharpoint.com/images/pinterest_marketing_icon.png]
[w.shekharpoint.com/images/social_media_marketing_icon.png]
[w.shekharpoint.com/images/twitter_marketing_icon.png]
[w.shekharpoint.com/images/youtube_marketing_icon.png]
[w.shekharpoint.com/images/web_analytics_icon.png]
[w.shekharpoint.com/digital_marketing_tutorials.html]
[w.shekharpoint.com/images/amplifiers_icon.png]
[w.shekharpoint.com/images/artificial_neural_network_icon.png]
[w.shekharpoint.com/images/analog_communication_icon.png]
[w.shekharpoint.com/images/antenna_theory_icon.png]
[w.shekharpoint.com/images/automata_theory_icon.png]
[w.shekharpoint.com/images/biometrics_icon.png]
[w.shekharpoint.com/images/communication_technologies_icon.png]
[w.shekharpoint.com/images/control_systems_icon.png]
[w.shekharpoint.com/images/convex_optimization_icon.png]
[w.shekharpoint.com/images/cosmology_icon.png]
[w.shekharpoint.com/images/digital_communication_icon.png]
[w.shekharpoint.com/images/digital_signal_processing_icon.png]
[w.shekharpoint.com/images/dsl_icon.png]
[w.shekharpoint.com/images/electronic_circuits_icon.png]
[w.shekharpoint.com/images/electrical_safety_icon.png]
[w.shekharpoint.com/images/electronic_measuring_instruments_icon.png]
[w.shekharpoint.com/images/environmental_studies_icon.png]
[w.shekharpoint.com/images/engineering_ethics_icon.png]
[w.shekharpoint.com/images/fundamentals_of_science_and_technology_icon.png]
[w.shekharpoint.com/images/fuzzy_logic_icon.png]
[w.shekharpoint.com/images/genetic_algorithms_icon.png]
[w.shekharpoint.com/images/linear_integrated_circuits_applications_icon.png]
[w.shekharpoint.com/images/microservice_architecture_icon.png]
[w.shekharpoint.com/images/microwave_engineering_icon.png]
[w.shekharpoint.com/images/mobile_learning_essentials_icon.png]
[w.shekharpoint.com/images/modelling_and_simulation_icon.png]
[w.shekharpoint.com/images/natural_language_processing_icon.png]
[w.shekharpoint.com/images/opennlp_icon.png]
[w.shekharpoint.com/images/opencv_icon.png]
[w.shekharpoint.com/images/optical_networks_icon.png]
[w.shekharpoint.com/images/power_electronics_icon.png]
[w.shekharpoint.com/images/principles_of_communication_icon.png]
[w.shekharpoint.com/images/pulse_circuits_icon.png]
[w.shekharpoint.com/images/radar_systems_icon.png]
[w.shekharpoint.com/images/renewable_energy_icon.png]
[w.shekharpoint.com/images/satellite_communication_icon.png]
[w.shekharpoint.com/images/semiconductor_devices_icon.png]
[w.shekharpoint.com/images/signals_and_systems_icon.png]
[w.shekharpoint.com/images/sinusoidal_oscillators_icon.png]
[w.shekharpoint.com/images/vlsi_design_icon.png]
[w.shekharpoint.com/images/wireless_communication_icon.png]
[w.shekharpoint.com/engineering_tutorials.html]
[w.shekharpoint.com/images/adhai_din_ka_jhonpra_icon.png]
[w.shekharpoint.com/images/aihole_icon.png]
[w.shekharpoint.com/images/ajanta_caves_icon.png]
[w.shekharpoint.com/images/agra_fort_icon.png]
[w.shekharpoint.com/images/aguada_fort_icon.png]
[w.shekharpoint.com/images/akbars_tomb_icon.png]
[w.shekharpoint.com/images/amer_fort_icon.png]
[w.shekharpoint.com/images/badami_caves_icon.png]
[w.shekharpoint.com/images/bandel_church_icon.png]
[w.shekharpoint.com/images/basilica_of_bom_jesus_church_icon.png]
[w.shekharpoint.com/images/bhadra_fort_icon.png]
[w.shekharpoint.com/images/bara_imambara_icon.png]
[w.shekharpoint.com/images/bibi_ka_maqbara_icon.png]
[w.shekharpoint.com/images/bijapur_fort_icon.png]
[w.shekharpoint.com/images/brihadeeswara_temple_icon.png]
[w.shekharpoint.com/images/chittorgarh_fort_icon.png]
[w.shekharpoint.com/images/chunar_fort_icon.png]
[w.shekharpoint.com/images/diu_fort_icon.png]
[w.shekharpoint.com/images/fatehpur_sikri_fort_icon.png]
[w.shekharpoint.com/images/feroz_shah_kotla_fort_icon.png]
[w.shekharpoint.com/images/golconda_fort_icon.png]
[w.shekharpoint.com/images/golden_temple_icon.png]
[w.shekharpoint.com/images/gwalior_fort_icon.png]
[w.shekharpoint.com/images/jahanpanah_fort_icon.png]
[w.shekharpoint.com/images/jagannath_temple_icon.png]
[w.shekharpoint.com/images/jaigarh_fort_icon.png]
[w.shekharpoint.com/images/jaisalmer_fort_icon.png]
[w.shekharpoint.com/images/junagarh_fort_icon.png]
[w.shekharpoint.com/images/kumbhalgarh_fort_icon.png]
[w.shekharpoint.com/images/lohagarh_fort_icon.png]
[w.shekharpoint.com/images/mehrangarh_fort_icon.png]
[w.shekharpoint.com/images/purana_qila_icon.png]
[w.shekharpoint.com/images/ranthambore_fort_icon.png]
[w.shekharpoint.com/images/red_fort_icon.png]
[w.shekharpoint.com/images/rohtasgarh_fort_icon.png]
[w.shekharpoint.com/images/salimgarh_fort_icon.png]
[w.shekharpoint.com/images/taj_mahal_icon.png]
[w.shekharpoint.com/famous_monuments.html]
[w.shekharpoint.com/images/gate_syllabus_icon.png]
[w.shekharpoint.com/computer_fundamentals_online_training/index.html]
[w.shekharpoint.com/dbms_for_gate_exams/index.html]
[w.shekharpoint.com/computer_networks/index.html]
[w.shekharpoint.com/digital_electronics/index.html]
[w.shekharpoint.com/computer_organization/index.html]
[w.shekharpoint.com/operating_system/index-2.html]
[w.shekharpoint.com/finite_automata/index.html]
[w.shekharpoint.com/compiler_design_online_training/index.html]
[w.shekharpoint.com/analysis_of_algorithm/index.html]
[w.shekharpoint.com/data_structure_online_training/index.html]
[w.shekharpoint.com/programming_techniques_in_c/index.html]
[w.shekharpoint.com/sequential_circuit_design/index.html]
[w.shekharpoint.com/images/sequential_circuit_design_icon.png]
[w.shekharpoint.com/gate_exams_tutorials.html]
[w.shekharpoint.com/black/images/logo.png]
[w.shekharpoint.com/images/apache_camel_icon.png]
[w.shekharpoint.com/images/apache_flink_icon.png]
[w.shekharpoint.com/images/bitcoin_icon.png]
[w.shekharpoint.com/images/blockchain_icon.png]
[w.shekharpoint.com/images/blue_prism_icon.png]
[w.shekharpoint.com/images/cloudrail_icon.png]
[w.shekharpoint.com/images/elasticsearch_icon.png]
[w.shekharpoint.com/images/ethereum_icon.png]
[w.shekharpoint.com/images/python_blockchain_icon.png]
[w.shekharpoint.com/images/salesforce_icon.png]
[w.shekharpoint.com/images/tweetdeck_icon.png]
[w.shekharpoint.com/images/uipath_icon.png]
[w.shekharpoint.com/images/unity_icon.png]
[w.shekharpoint.com/latest_technologies.html]
[w.shekharpoint.com/images/artificial_intelligence_with_python_icon.png]
[w.shekharpoint.com/images/caffe2_icon.png]
[w.shekharpoint.com/images/deep_learning_with_keras_icon.png]
[w.shekharpoint.com/images/h2o_icon.png]
[w.shekharpoint.com/images/python_deep_learning_icon.png]
[w.shekharpoint.com/images/keras_icon.png]
[w.shekharpoint.com/images/knime_icon.png]
[w.shekharpoint.com/images/logistic_regression_in_python_icon.png]
[w.shekharpoint.com/images/machine_learning_icon.png]
[w.shekharpoint.com/images/apache_mxnet_icon.png]
[w.shekharpoint.com/images/pybrain_icon.png]
[w.shekharpoint.com/images/pytorch_icon.png]
[w.shekharpoint.com/images/scikit_learn_icon.png]
[w.shekharpoint.com/images/tensorflow_icon.png]
[w.shekharpoint.com/images/theano_icon.png]
[w.shekharpoint.com/images/time_series_icon.png]
[w.shekharpoint.com/images/machine_learning_with_python_icon.png]
[w.shekharpoint.com/images/microsoft_cognitive_toolkit_icon.png]
[w.shekharpoint.com/images/python_data_science_icon.png]
[w.shekharpoint.com/machine_learning_tutorials.html]
[w.shekharpoint.com/images/cics_icon.png]
[w.shekharpoint.com/images/vsam_icon.png]
[w.shekharpoint.com/mainframe_tutorials.html]
[w.shekharpoint.com/images/appreciative_inquiry_icon.png]
[w.shekharpoint.com/images/advertisement_and_marketing_communications_icon.png]
[w.shekharpoint.com/images/aviation_management_icon.png]
[w.shekharpoint.com/images/bank_management_icon.png]
[w.shekharpoint.com/images/brand_management_icon.png]
[w.shekharpoint.com/images/business_analysis_icon.png]
[w.shekharpoint.com/images/business_law_icon.png]
[w.shekharpoint.com/images/business_sales_training_icon.png]
[w.shekharpoint.com/images/classroom_management_icon.png]
[w.shekharpoint.com/images/coaching_and_mentoring_icon.png]
[w.shekharpoint.com/images/collaborative_management_icon.png]
[w.shekharpoint.com/images/consumer_behavior_icon.png]
[w.shekharpoint.com/images/customer_relationship_management_icon.png]
[w.shekharpoint.com/images/customer_service_icon.png]
[w.shekharpoint.com/images/earn_value_management_icon.png]
[w.shekharpoint.com/images/employee_engagement_icon.png]
[w.shekharpoint.com/images/employee_onboarding_icon.png]
[w.shekharpoint.com/images/entrepreneurship_development_icon.png]
[w.shekharpoint.com/images/entrepreneurship_skills_icon.png]
[w.shekharpoint.com/images/food_and_beverage_services_icon.png]
[w.shekharpoint.com/images/food_production_operations_icon.png]
[w.shekharpoint.com/images/front_office_management_icon.png]
[w.shekharpoint.com/images/functions_of_sales_manager_icon.png]
[w.shekharpoint.com/images/hotel_housekeeping_icon.png]
[w.shekharpoint.com/images/human_resource_management_icon.png]
[w.shekharpoint.com/images/individual_and_group_behavior_icon.png]
[w.shekharpoint.com/images/international_business_management_icon.png]
[w.shekharpoint.com/images/international_finance_icon.png]
[w.shekharpoint.com/images/international_marketing_icon.png]
[w.shekharpoint.com/images/kanban_icon.png]
[w.shekharpoint.com/images/knowledge_management_icon.png]
[w.shekharpoint.com/images/management_concepts_icon.png]
[w.shekharpoint.com/images/management_principles_icon.png]
[w.shekharpoint.com/images/managerial_economics_icon.png]
[w.shekharpoint.com/images/marketing_management_icon.png]
[w.shekharpoint.com/images/outcome_measurement_icon.png]
[w.shekharpoint.com/images/organizational_behavior_icon.png]
[w.shekharpoint.com/images/organizational_design_icon.png]
[w.shekharpoint.com/images/performance_management_icon.png]
[w.shekharpoint.com/images/personal_branding_icon.png]
[w.shekharpoint.com/images/public_library_management_icon.png]
[w.shekharpoint.com/images/pmp-exams_icon.png]
[w.shekharpoint.com/images/professional_ethics_icon.png]
[w.shekharpoint.com/images/recruitment_and_selection_icon.png]
[w.shekharpoint.com/images/retail_management_icon.png]
[w.shekharpoint.com/images/rural_marketing_icon.png]
[w.shekharpoint.com/images/sales_and_distribution_management_icon.png]
[w.shekharpoint.com/images/scrum_icon.png]
[w.shekharpoint.com/images/shop_floor_management_icon.png]
[w.shekharpoint.com/images/strategic_management_icon.png]
[w.shekharpoint.com/images/supply_chain_management_icon.png]
[w.shekharpoint.com/images/talent_management_icon.png]
[w.shekharpoint.com/images/tourism_management_icon.png]
[w.shekharpoint.com/management_tutorials.html]
[w.shekharpoint.com/images/3d_figures_and_volumes_icon.png]
[w.shekharpoint.com/images/angles_lines_and_polygons_icon.png]
[w.shekharpoint.com/images/add_and_subtract_fractions_icon.png]
[w.shekharpoint.com/images/add_and_subtract_whole_numbers_icon.png]
[w.shekharpoint.com/images/adding_and_subtracting_decimals_icon.png]
[w.shekharpoint.com/images/circumference_and_area_of_circles_icon.png]
[w.shekharpoint.com/images/converting_between_fractions_decimals_percents_icon.png]
[w.shekharpoint.com/images/converting_fractions_to_decimals_icon.png]
[w.shekharpoint.com/images/converting_decimals_to_fractions_icon.png]
[w.shekharpoint.com/images/equations_and_applications_icon.png]
[w.shekharpoint.com/images/equivalent_plotting_ordering_fractions_icon.png]
[w.shekharpoint.com/images/evaluating_and_writing_expressions_icon.png]
[w.shekharpoint.com/images/finding_percents_and_percent_equations_icon.png]
[w.shekharpoint.com/images/mean_median_and_mode_icon.png]
[w.shekharpoint.com/images/metric_units_of_measurement_icon.png]
[w.shekharpoint.com/images/mixed_numbers_icon.png]
[w.shekharpoint.com/images/multiply_and_divide_decimals_icon.png]
[w.shekharpoint.com/images/multiply_and_divide_fractions_icon.png]
[w.shekharpoint.com/images/multiply_and_divide_whole_numbers_icon.png]
[w.shekharpoint.com/images/ordered_pairs_icon.png]
[w.shekharpoint.com/images/ordering_rounding_and_order_of_operations_icon.png]
[w.shekharpoint.com/images/operations_with_integers_icon.png]
[w.shekharpoint.com/images/percentage_increase_and_decrease_icon.png]
[w.shekharpoint.com/images/perimeter_and_area_icon.png]
[w.shekharpoint.com/images/perimeter_and_area_of_polygons_icon.png]
[w.shekharpoint.com/images/place_value_ordering_and_rounding_icon.png]
[w.shekharpoint.com/images/plotting_and_comparing_signed_numbers_icon.png]
[w.shekharpoint.com/images/prime_numbers_factors_and_multiples_icon.png]
[w.shekharpoint.com/images/properties_of_real_numbers_icon.png]
[w.shekharpoint.com/images/ratios_and_unit_rates_icon.png]
[w.shekharpoint.com/images/surface_areas_icon.png]
[w.shekharpoint.com/images/tables_graphs_functions_and_sequences_icon.png]
[w.shekharpoint.com/images/writing_and_solving_one_step_equations_icon.png]
[w.shekharpoint.com/images/writing_graphing_and_solving_inequalities_icon.png]
[w.shekharpoint.com/images/us_customary_units_icon.png]
[w.shekharpoint.com/maths_tutorials.html]
[w.shekharpoint.com/images/advanced_excel_icon.png]
[w.shekharpoint.com/images/asp.net_core_icon.png]
[w.shekharpoint.com/images/asp.net_mvc_icon.png]
[w.shekharpoint.com/images/asp.net_wp_icon.png]
[w.shekharpoint.com/images/asp.net_icon.png]
[w.shekharpoint.com/images/dotnet_core_icon.png]
[w.shekharpoint.com/images/batch_script_icon.png]
[w.shekharpoint.com/images/entity_framework_icon.png]
[w.shekharpoint.com/images/excel_charts_icon.png]
[w.shekharpoint.com/images/excel_icon.png]
[w.shekharpoint.com/images/linq_icon.png]
[w.shekharpoint.com/images/mfc_icon.png]
[w.shekharpoint.com/images/microsoft_azure_icon.png]
[w.shekharpoint.com/images/microsoft_crm_icon.png]
[w.shekharpoint.com/images/microsoft_expression_web_icon.png]
[w.shekharpoint.com/images/microsoft_flow_icon.png]
[w.shekharpoint.com/images/microsoft_visio_icon.png]
[w.shekharpoint.com/images/microstrategy_icon.png]
[w.shekharpoint.com/images/ms_access_icon.png]
[w.shekharpoint.com/images/ms_project_icon.png]
[w.shekharpoint.com/images/ms_sql_server_icon.png]
[w.shekharpoint.com/images/mvvm_icon.png]
[w.shekharpoint.com/images/nhibernate_icon.png]
[w.shekharpoint.com/images/powerpoint_icon.png]
[w.shekharpoint.com/images/powershell_icon.png]
[w.shekharpoint.com/images/sharepoint_icon.png]
[w.shekharpoint.com/images/silverlight_icon.png]
[w.shekharpoint.com/images/wcf_icon.png]
[w.shekharpoint.com/images/windows_server_2012_icon.png]
[w.shekharpoint.com/images/windows10_development_icon.png]
[w.shekharpoint.com/images/windows10_icon.png]
[w.shekharpoint.com/images/word_icon.png]
[w.shekharpoint.com/images/wpf_icon.png]
[w.shekharpoint.com/images/xaml_icon.png]
[w.shekharpoint.com/microsoft_technologies_tutorials.html]
[w.shekharpoint.com/images/apache_httpclient_icon.png]
[w.shekharpoint.com/images/awselasticache_icon.png]
[w.shekharpoint.com/images/adobe_indesign_cc_icon.png]
[w.shekharpoint.com/images/adobe_robohelp_icon.png]
[w.shekharpoint.com/images/abbreviations_icon.png]
[w.shekharpoint.com/images/bpel_icon.png]
[w.shekharpoint.com/images/dll_icon.png]
[w.shekharpoint.com/images/drools_icon.png]
[w.shekharpoint.com/images/google_colab_icon.png]
[w.shekharpoint.com/images/gnu_debugger_icon.png]
[w.shekharpoint.com/images/gradle_icon.png]
[w.shekharpoint.com/images/ifsccode_icon.png]
[w.shekharpoint.com/images/itil_icon.png]
[w.shekharpoint.com/images/itext_icon.png]
[w.shekharpoint.com/images/gensim_icon.png]
[w.shekharpoint.com/images/jboss_fuse_icon.png]
[w.shekharpoint.com/images/natural_language_toolkit_icon.png]
[w.shekharpoint.com/images/pincode_icon.png]
[w.shekharpoint.com/images/radius_icon.png]
[w.shekharpoint.com/images/rss_icon.png]
[w.shekharpoint.com/images/sublime_text_icon.png]
[w.shekharpoint.com/images/tex_commands_icon.png]
[w.shekharpoint.com/images/vim_icon.png]
[w.shekharpoint.com/images/vlcj_icon.png]
[w.shekharpoint.com/images/yaml_icon.png]
[w.shekharpoint.com/misc_tutorials.html]
[w.shekharpoint.com/images/android_icon.png]
[w.shekharpoint.com/images/aurelia_icon.png]
[w.shekharpoint.com/images/cordova_icon.png]
[w.shekharpoint.com/images/flutter_icon.png]
[w.shekharpoint.com/images/google_amp_icon.png]
[w.shekharpoint.com/images/ionic_icon.png]
[w.shekharpoint.com/images/ios_icon.png]
[w.shekharpoint.com/images/ios_development_with_swift2_icon.png]
[w.shekharpoint.com/images/jquery_mobile_icon.png]
[w.shekharpoint.com/images/kotlin_icon.png]
[w.shekharpoint.com/images/mobile_angular_ui_icon.png]
[w.shekharpoint.com/images/meteor_icon.png]
[w.shekharpoint.com/images/nativescript_icon.png]
[w.shekharpoint.com/images/phonegap_icon.png]
[w.shekharpoint.com/images/react_native_icon.png]
[w.shekharpoint.com/images/sl4a_icon.png]
[w.shekharpoint.com/images/xamarin_icon.png]
[w.shekharpoint.com/mobile_development_tutorials.html]
[w.shekharpoint.com/images/ant_icon.png]
[w.shekharpoint.com/images/apache_ivy_icon.png]
[w.shekharpoint.com/images/commons_collections_icon.png]
[w.shekharpoint.com/images/commons_io_icon.png]
[w.shekharpoint.com/images/apache_nifi_icon.png]
[w.shekharpoint.com/images/apache_poi_ppt_icon.png]
[w.shekharpoint.com/images/apache_poi_word_icon.png]
[w.shekharpoint.com/images/apache_poi_icon.png]
[w.shekharpoint.com/images/awt_icon.png]
[w.shekharpoint.com/images/boon_icon.png]
[w.shekharpoint.com/images/commons_cli_icon.png]
[w.shekharpoint.com/images/dbutils_icon.png]
[w.shekharpoint.com/images/design_pattern_icon.png]
[w.shekharpoint.com/images/easymock_icon.png]
[w.shekharpoint.com/images/eclipse_icon.png]
[w.shekharpoint.com/images/ejb_icon.png]
[w.shekharpoint.com/images/gson_icon.png]
[w.shekharpoint.com/images/guava_icon.png]
[w.shekharpoint.com/images/guice_icon.png]
[w.shekharpoint.com/images/gwt_googlecharts_icon.png]
[w.shekharpoint.com/images/gwt_highcharts_icon.png]
[w.shekharpoint.com/images/hibernate_icon.png]
[w.shekharpoint.com/images/ibatis_icon.png]
[w.shekharpoint.com/images/intellij_idea_icon.png]
[w.shekharpoint.com/images/jackson_icon.png]
[w.shekharpoint.com/images/jackson_annotations_icon.png]
[w.shekharpoint.com/images/jasper_reports_icon.png]
[w.shekharpoint.com/images/json_simple_icon.png]
[w.shekharpoint.com/images/java9_icon.png]
[w.shekharpoint.com/images/java_cryptography_icon.png]
[w.shekharpoint.com/images/java_concurrency_icon.png]
[w.shekharpoint.com/images/java_generics_icon.png]
[w.shekharpoint.com/images/java_rmi_icon.png]
[w.shekharpoint.com/images/java_io_icon.png]
[w.shekharpoint.com/images/java_i18n_icon.png]
[w.shekharpoint.com/images/java_lang_icon.png]
[w.shekharpoint.com/images/java_nio_icon.png]
[w.shekharpoint.com/images/javareflect_icon.png]
[w.shekharpoint.com/images/javaregex_icon.png]
[w.shekharpoint.com/images/javatime_icon.png]
[w.shekharpoint.com/images/java_math_icon.png]
[w.shekharpoint.com/images/java_util_icon.png]
[w.shekharpoint.com/images/java_xml_icon.png]
[w.shekharpoint.com/images/javazip_icon.png]
[w.shekharpoint.com/images/javaexamples_icon.png]
[w.shekharpoint.com/images/javafx_icon.png]
[w.shekharpoint.com/images/javamail_api_icon.png]
[w.shekharpoint.com/images/java_virtual_machine_icon.png]
[w.shekharpoint.com/images/jbpm5_icon.png]
[w.shekharpoint.com/images/jdb_icon.png]
[w.shekharpoint.com/images/jdbc_icon.png]
[w.shekharpoint.com/images/jmeter_icon.png]
[w.shekharpoint.com/images/jsoup_icon.png]
[w.shekharpoint.com/images/jogl_icon.png]
[w.shekharpoint.com/images/jpa_icon.png]
[w.shekharpoint.com/images/json_icon.png]
[w.shekharpoint.com/images/jsp_icon.png]
[w.shekharpoint.com/images/junit_icon.png]
[w.shekharpoint.com/images/log4j_icon.png]
[w.shekharpoint.com/images/lucene_icon.png]
[w.shekharpoint.com/images/maven_icon.png]
[w.shekharpoint.com/images/mulesoft_icon.png]
[w.shekharpoint.com/images/org_json_icon.png]
[w.shekharpoint.com/images/pdfbox_icon.png]
[w.shekharpoint.com/images/passay_icon.png]
[w.shekharpoint.com/images/rxjava_icon.png]
[w.shekharpoint.com/images/servlets_icon.png]
[w.shekharpoint.com/images/slf4j_icon.png]
[w.shekharpoint.com/images/spring_icon.png]
[w.shekharpoint.com/images/springaop_icon.png]
[w.shekharpoint.com/images/spring_batch_icon.png]
[w.shekharpoint.com/images/spring_boot_icon.png]
[w.shekharpoint.com/images/springbootcli_icon.png]
[w.shekharpoint.com/images/springjdbc_icon.png]
[w.shekharpoint.com/images/springmvc_icon.png]
[w.shekharpoint.com/images/springws_icon.png]
[w.shekharpoint.com/images/struts_2_icon.png]
[w.shekharpoint.com/images/swing_icon.png]
[w.shekharpoint.com/images/swingexamples_icon.png]
[w.shekharpoint.com/images/testng_icon.png]
[w.shekharpoint.com/images/tika_icon.png]
[w.shekharpoint.com/images/xerces_icon.png]
[w.shekharpoint.com/images/xstream_icon.png]
[w.shekharpoint.com/java_technology_tutorials.html]
[w.shekharpoint.com/images/beautiful_soup_icon.png]
[w.shekharpoint.com/images/biopython_icon.png]
[w.shekharpoint.com/images/bokeh_icon.png]
[w.shekharpoint.com/images/concurrency_in_python_icon.png]
[w.shekharpoint.com/images/cryptography_with_python_icon.png]
[w.shekharpoint.com/images/jupyter_icon.png]
[w.shekharpoint.com/images/jython_icon.png]
[w.shekharpoint.com/images/matplotlib_icon.png]
[w.shekharpoint.com/images/numpy_icon.png]
[w.shekharpoint.com/images/object_oriented_python_icon.png]
[w.shekharpoint.com/images/pygtk_icon.png]
[w.shekharpoint.com/images/pyqt_icon.png]
[w.shekharpoint.com/images/python_icon.png]
[w.shekharpoint.com/images/python3_icon.png]
[w.shekharpoint.com/images/pycharm_icon.png]
[w.shekharpoint.com/images/python_data_access_icon.png]
[w.shekharpoint.com/images/python_data_persistence_icon.png]
[w.shekharpoint.com/images/python_design_patterns_icon.png]
[w.shekharpoint.com/images/python_digital_forensics_icon.png]
[w.shekharpoint.com/images/python_web_scraping_icon.png]
[w.shekharpoint.com/images/python_data_structure_icon.png]
[w.shekharpoint.com/images/python_mongodb_icon.png]
[w.shekharpoint.com/images/python_mysql_icon.png]
[w.shekharpoint.com/images/python_pillow_icon.png]
[w.shekharpoint.com/images/python_postgresql_icon.png]
[w.shekharpoint.com/images/python_sqlite_icon.png]
[w.shekharpoint.com/images/python_network_programming_icon.png]
[w.shekharpoint.com/images/pytest_icon.png]
[w.shekharpoint.com/images/python_text_processing_icon.png]
[w.shekharpoint.com/images/python_forensics_icon.png]
[w.shekharpoint.com/images/python_pandas_icon.png]
[w.shekharpoint.com/images/python_web_development_libraries_icon.png]
[w.shekharpoint.com/images/pyspark_icon.png]
[w.shekharpoint.com/images/rxpy_icon.png]
[w.shekharpoint.com/images/seaborn_icon.png]
[w.shekharpoint.com/images/scipy_icon.png]
[w.shekharpoint.com/images/sympy_icon.png]
[w.shekharpoint.com/images/wxpython_icon.png]
[w.shekharpoint.com/python_technologies_tutorials.html]
[w.shekharpoint.com/images/crystal_reports_icon.png]
[w.shekharpoint.com/images/sap_abap_icon.png]
[w.shekharpoint.com/images/sap_apo_icon.png]
[w.shekharpoint.com/images/sap_ariba_icon.png]
[w.shekharpoint.com/images/sap_analytics_cloud_icon.png]
[w.shekharpoint.com/images/sap_bex_icon.png]
[w.shekharpoint.com/images/sap_basis_icon.png]
[w.shekharpoint.com/images/sap_bods_icon.png]
[w.shekharpoint.com/images/sap_bo_analysis_edition_for_olap_icon.png]
[w.shekharpoint.com/images/sap_bpc_icon.png]
[w.shekharpoint.com/images/sap_business_workflow_icon.png]
[w.shekharpoint.com/images/sap_bw_on_hana_icon.png]
[w.shekharpoint.com/images/sap_bw_icon.png]
[w.shekharpoint.com/images/sap_c4c_icon.png]
[w.shekharpoint.com/images/sap_cca_icon.png]
[w.shekharpoint.com/images/sap_cloud_platform_icon.png]
[w.shekharpoint.com/images/sap_crm_icon.png]
[w.shekharpoint.com/images/sap_dashboards_icon.png]
[w.shekharpoint.com/images/sap_design_studio_icon.png]
[w.shekharpoint.com/images/sap_ewm_icon.png]
[w.shekharpoint.com/images/sap_fico_icon.png]
[w.shekharpoint.com/images/sap_fiori_icon.png]
[w.shekharpoint.com/images/sap_grc_icon.png]
[w.shekharpoint.com/images/sap_hana_icon.png]
[w.shekharpoint.com/images/sap_hana_administration_icon.png]
[w.shekharpoint.com/images/sap_hana_bi_development_icon.png]
[w.shekharpoint.com/images/sap_hr_icon.png]
[w.shekharpoint.com/images/sap_hybris_icon.png]
[w.shekharpoint.com/images/sap_idt_icon.png]
[w.shekharpoint.com/images/sap_lumira_icon.png]
[w.shekharpoint.com/images/sap_mm_icon.png]
[w.shekharpoint.com/images/sap_netweaver_icon.png]
[w.shekharpoint.com/images/sap_payroll_icon.png]
[w.shekharpoint.com/images/sap_pi_icon.png]
[w.shekharpoint.com/images/sap_pm_icon.png]
[w.shekharpoint.com/images/sap_pp_icon.png]
[w.shekharpoint.com/images/sap_ps_icon.png]
[w.shekharpoint.com/images/sap_qm_icon.png]
[w.shekharpoint.com/images/sap_simple_finance_icon.png]
[w.shekharpoint.com/images/sap_simple_logistics_icon.png]
[w.shekharpoint.com/images/sap_scm_icon.png]
[w.shekharpoint.com/images/sap_smart_forms_icon.png]
[w.shekharpoint.com/images/sap_scripts_icon.png]
[w.shekharpoint.com/images/sap_sd_icon.png]
[w.shekharpoint.com/images/sap_security_icon.png]
[w.shekharpoint.com/images/sap_solman_icon.png]
[w.shekharpoint.com/images/sap_srm_icon.png]
[w.shekharpoint.com/images/sap_successfactors_icon.png]
[w.shekharpoint.com/images/sap_testing_icon.png]
[w.shekharpoint.com/images/sap_ui5_icon.png]
[w.shekharpoint.com/images/sap_universe_designer_icon.png]
[w.shekharpoint.com/images/sap_web_dynpro_icon.png]
[w.shekharpoint.com/images/sap_webi_icon.png]
[w.shekharpoint.com/images/sap_icon.png]
[w.shekharpoint.com/sap_tutorials.html]
[w.shekharpoint.com/images/javascript_icon.png]
[w.shekharpoint.com/images/jquery_icon.png]
[w.shekharpoint.com/images/jqueryui_icon.png]
[w.shekharpoint.com/images/lua_icon.png]
[w.shekharpoint.com/images/php_icon.png]
[w.shekharpoint.com/images/php7_icon.png]
[w.shekharpoint.com/images/rspec_icon.png]
[w.shekharpoint.com/images/ruby_icon.png]
[w.shekharpoint.com/images/sed_icon.png]
[w.shekharpoint.com/images/tcl-tk_icon.png]
[w.shekharpoint.com/images/vbscript_icon.png]
[w.shekharpoint.com/scripting_lnaguage_tutorials.html]
[w.shekharpoint.com/selected_reading.html]
[w.shekharpoint.com/images/agile_testing_icon.png]
[w.shekharpoint.com/images/apache_bench_icon.png]
[w.shekharpoint.com/images/balsamiq_mockups_icon.png]
[w.shekharpoint.com/images/cmmi_icon.png]
[w.shekharpoint.com/images/computer_security_icon.png]
[w.shekharpoint.com/images/concordion_icon.png]
[w.shekharpoint.com/images/continuous_integration_icon.png]
[w.shekharpoint.com/images/cucumber_icon.png]
[w.shekharpoint.com/images/database_testing_icon.png]
[w.shekharpoint.com/images/espresso_testing_icon.png]
[w.shekharpoint.com/images/ethical_hacking_icon.png]
[w.shekharpoint.com/images/etl_testing_icon.png]
[w.shekharpoint.com/images/internet_security_icon.png]
[w.shekharpoint.com/images/jenkins_icon.png]
[w.shekharpoint.com/images/kali_linux_icon.png]
[w.shekharpoint.com/images/malware_removal_icon.png]
[w.shekharpoint.com/images/metasploit_icon.png]
[w.shekharpoint.com/images/mobile_security_icon.png]
[w.shekharpoint.com/images/mobile_testing_icon.png]
[w.shekharpoint.com/images/mockito_icon.png]
[w.shekharpoint.com/images/network_security_icon.png]
[w.shekharpoint.com/images/protractor_icon.png]
[w.shekharpoint.com/images/penetration_testing_icon.png]
[w.shekharpoint.com/images/python_penetration_testing_icon.png]
[w.shekharpoint.com/images/qc_icon.png]
[w.shekharpoint.com/images/qtp_icon.png]
[w.shekharpoint.com/images/qunit_icon.png]
[w.shekharpoint.com/images/qtest_icon.png]
[w.shekharpoint.com/images/robot_framework_icon.png]
[w.shekharpoint.com/images/security_testing_icon.png]
[w.shekharpoint.com/images/selenium_icon.png]
[w.shekharpoint.com/images/six_sigma_icon.png]
[w.shekharpoint.com/images/software_testing_dictionary_icon.png]
[w.shekharpoint.com/images/software_testing_icon.png]
[w.shekharpoint.com/images/software_quality_management_icon.png]
[w.shekharpoint.com/images/soapui_icon.png]
[w.shekharpoint.com/images/stlc_icon.png]
[w.shekharpoint.com/images/system_analysis_and_design_icon.png]
[w.shekharpoint.com/images/testlink_icon.png]
[w.shekharpoint.com/images/testlodge_icon.png]
[w.shekharpoint.com/images/tesults_icon.png]
[w.shekharpoint.com/images/testrail_icon.png]
[w.shekharpoint.com/images/unittest_framework_icon.png]
[w.shekharpoint.com/images/watir_icon.png]
[w.shekharpoint.com/images/wireless_security_icon.png]
[w.shekharpoint.com/software_quality_tutorials.html]
[w.shekharpoint.com/images/anger_management_icon.png]
[w.shekharpoint.com/images/assertiveness_icon.png]
[w.shekharpoint.com/images/attention_management_icon.png]
[w.shekharpoint.com/images/body_language_icon.png]
[w.shekharpoint.com/images/business_acumen_icon.png]
[w.shekharpoint.com/images/business_dress_code_icon.png]
[w.shekharpoint.com/images/business_ethics_icon.png]
[w.shekharpoint.com/images/business_etiquette_icon.png]
[w.shekharpoint.com/images/business_negotiation_skills_icon.png]
[w.shekharpoint.com/images/business_writing_skills_icon.png]
[w.shekharpoint.com/images/career_development_planning_icon.png]
[w.shekharpoint.com/images/collaborative_writing_icon.png]
[w.shekharpoint.com/images/cracking_interviews_icon.png]
[w.shekharpoint.com/images/creative_problem_solving_icon.png]
[w.shekharpoint.com/images/critical_thinking_icon.png]
[w.shekharpoint.com/images/design_thinking_icon.png]
[w.shekharpoint.com/images/developing_creativity_icon.png]
[w.shekharpoint.com/images/effective_communication_icon.png]
[w.shekharpoint.com/images/employee_motivation_icon.png]
[w.shekharpoint.com/images/employee_retention_icon.png]
[w.shekharpoint.com/images/employee_supervision_icon.png]
[w.shekharpoint.com/images/evolution_of_etiquette_icon.png]
[w.shekharpoint.com/images/executive_assistant_coaching_icon.png]
[w.shekharpoint.com/images/generation_gap_at_workplace_icon.png]
[w.shekharpoint.com/images/how_to_interview_icon.png]
[w.shekharpoint.com/images/impromptu_speaking_icon.png]
[w.shekharpoint.com/images/improving_personal_productivity_icon.png]
[w.shekharpoint.com/images/incentive_planning_icon.png]
[w.shekharpoint.com/images/interpersonal_skills_icon.png]
[w.shekharpoint.com/images/job_search_skills_icon.png]
[w.shekharpoint.com/images/managing_the_manager_icon.png]
[w.shekharpoint.com/images/mid_level_managers_icon.png]
[w.shekharpoint.com/images/motivating_skills_icon.png]
[w.shekharpoint.com/images/occupational_health_management_icon.png]
[w.shekharpoint.com/images/office_filing_procedure_icon.png]
[w.shekharpoint.com/images/positive_body_language_icon.png]
[w.shekharpoint.com/images/sales_forecasting_icon.png]
[w.shekharpoint.com/images/sales_planning_icon.png]
[w.shekharpoint.com/images/self_confidence_icon.png]
[w.shekharpoint.com/images/self_esteem_icon.png]
[w.shekharpoint.com/images/social_intelligence_icon.png]
[w.shekharpoint.com/images/social_learning_icon.png]
[w.shekharpoint.com/images/spoken_english_errors_icon.png]
[w.shekharpoint.com/images/team_building_icon.png]
[w.shekharpoint.com/images/the_art_of_happiness_icon.png]
[w.shekharpoint.com/images/thematic_apperception_test_icon.png]
[w.shekharpoint.com/images/verbal_ability_icon.png]
[w.shekharpoint.com/images/women_in_leadership_icon.png]
[w.shekharpoint.com/images/work_life_balance_icon.png]
[w.shekharpoint.com/images/workplace_civility_icon.png]
[w.shekharpoint.com/images/workplace_diversity_icon.png]
[w.shekharpoint.com/images/workplace_politics_icon.png]
[w.shekharpoint.com/images/workplace_safety_icon.png]
[w.shekharpoint.com/images/workplace_stress_icon.png]
[w.shekharpoint.com/images/workplace_wellness_icon.png]
[w.shekharpoint.com/soft_skill_tutorials.html]
[w.shekharpoint.com/images/5g_icon.png]
[w.shekharpoint.com/images/cdma_icon.png]
[w.shekharpoint.com/images/ftth_icon.png]
[w.shekharpoint.com/images/gprs_icon.png]
[w.shekharpoint.com/images/gsm_icon.png]
[w.shekharpoint.com/images/i-mode_icon.png]
[w.shekharpoint.com/images/lte_icon.png]
[w.shekharpoint.com/images/ngn_icon.png]
[w.shekharpoint.com/images/session_initiation_protocol_icon.png]
[w.shekharpoint.com/images/telecom-billing_icon.png]
[w.shekharpoint.com/images/telecommunication_switching_systems_and_networks_icon.png]
[w.shekharpoint.com/images/umts_icon.png]
[w.shekharpoint.com/images/wap_icon.png]
[w.shekharpoint.com/images/wi-fi_icon.png]
[w.shekharpoint.com/images/wimax_icon.png]
[w.shekharpoint.com/images/wml_icon.png]
[w.shekharpoint.com/telecom_tutorials.html]
[w.shekharpoint.com/images/apache_cxf_icon.png]
[w.shekharpoint.com/images/ajax_icon.png]
[w.shekharpoint.com/images/amazon_web_services_icon.png]
[w.shekharpoint.com/images/angular_googlecharts_icon.png]
[w.shekharpoint.com/images/angular_highcharts_icon.png]
[w.shekharpoint.com/images/angular_material_icon.png]
[w.shekharpoint.com/images/angular_material7_icon.png]
[w.shekharpoint.com/images/angular2_icon.png]
[w.shekharpoint.com/images/angular4_icon.png]
[w.shekharpoint.com/images/angular6_icon.png]
[w.shekharpoint.com/images/angular7_icon.png]
[w.shekharpoint.com/images/angularjs_icon.png]
[w.shekharpoint.com/images/angular_cli_icon.png]
[w.shekharpoint.com/images/apache_tapestry_icon.png]
[w.shekharpoint.com/images/atomics_icon.png]
[w.shekharpoint.com/images/axure_rp_icon.png]
[w.shekharpoint.com/images/aws_lambda_icon.png]
[w.shekharpoint.com/images/babeljs_icon.png]
[w.shekharpoint.com/images/babylonjs_icon.png]
[w.shekharpoint.com/images/backbonejs_icon.png]
[w.shekharpoint.com/images/bootstrap_icon.png]
[w.shekharpoint.com/images/bootstrap4_icon.png]
[w.shekharpoint.com/images/bulma_icon.png]
[w.shekharpoint.com/images/cakephp_icon.png]
[w.shekharpoint.com/images/cherrypy_icon.png]
[w.shekharpoint.com/images/codeigniter_icon.png]
[w.shekharpoint.com/images/coffeescript_icon.png]
[w.shekharpoint.com/images/cpanel_icon.png]
[w.shekharpoint.com/images/css_icon.png]
[w.shekharpoint.com/images/css_buttons_icon.png]
[w.shekharpoint.com/images/d3js_icon.png]
[w.shekharpoint.com/images/dcjs_icon.png]
[w.shekharpoint.com/images/django_icon.png]
[w.shekharpoint.com/images/drupal_icon.png]
[w.shekharpoint.com/images/electron_icon.png]
[w.shekharpoint.com/images/emberjs_icon.png]
[w.shekharpoint.com/images/expressjs_icon.png]
[w.shekharpoint.com/images/extjs_icon.png]
[w.shekharpoint.com/images/es6_icon.png]
[w.shekharpoint.com/images/firebase_icon.png]
[w.shekharpoint.com/images/flask_icon.png]
[w.shekharpoint.com/images/flex_icon.png]
[w.shekharpoint.com/images/flexbox_icon.png]
[w.shekharpoint.com/images/foundation_icon.png]
[w.shekharpoint.com/images/framework7_icon.png]
[w.shekharpoint.com/images/fuelphp_icon.png]
[w.shekharpoint.com/images/graphql_icon.png]
[w.shekharpoint.com/images/grav_icon.png]
[w.shekharpoint.com/images/google_maps_icon.png]
[w.shekharpoint.com/images/grunt_icon.png]
[w.shekharpoint.com/images/gulp_icon.png]
[w.shekharpoint.com/images/gwt_icon.png]
[w.shekharpoint.com/images/html_icon.png]
[w.shekharpoint.com/images/html5_icon.png]
[w.shekharpoint.com/images/jasminejs_icon.png]
[w.shekharpoint.com/images/joomla_icon.png]
[w.shekharpoint.com/images/jsf_icon.png]
[w.shekharpoint.com/images/knockoutjs_icon.png]
[w.shekharpoint.com/images/koajs_icon.png]
[w.shekharpoint.com/images/laravel_icon.png]
[w.shekharpoint.com/images/less_icon.png]
[w.shekharpoint.com/images/leafletjs_icon.png]
[w.shekharpoint.com/images/nextjs_icon.png]
[w.shekharpoint.com/images/mathml_icon.png]
[w.shekharpoint.com/images/magento_icon.png]
[w.shekharpoint.com/images/materialdesignlite_icon.png]
[w.shekharpoint.com/images/materialize_icon.png]
[w.shekharpoint.com/images/meanjs_icon.png]
[w.shekharpoint.com/images/momentjs_icon.png]
[w.shekharpoint.com/images/mootools_icon.png]
[w.shekharpoint.com/images/mvc_framework_icon.png]
[w.shekharpoint.com/images/parallax_scrolling_in_web_design_icon.png]
[w.shekharpoint.com/images/phantomjs_icon.png]
[w.shekharpoint.com/images/phalcon_icon.png]
[w.shekharpoint.com/images/prototype_icon.png]
[w.shekharpoint.com/images/polymer_icon.png]
[w.shekharpoint.com/images/purecss_icon.png]
[w.shekharpoint.com/images/requests_icon.png]
[w.shekharpoint.com/images/redux_icon.png]
[w.shekharpoint.com/images/richfaces_icon.png]
[w.shekharpoint.com/images/riotjs_icon.png]
[w.shekharpoint.com/images/reactjs_icon.png]
[w.shekharpoint.com/images/requirejs_icon.png]
[w.shekharpoint.com/images/restful_icon.png]
[w.shekharpoint.com/images/ruby-on-rails-2.1_icon.png]
[w.shekharpoint.com/images/ruby-on-rails_icon.png]
[w.shekharpoint.com/images/rxjs_icon.png]
[w.shekharpoint.com/images/sass_icon.png]
[w.shekharpoint.com/images/sencha_touch_icon.png]
[w.shekharpoint.com/images/script.aculo.us_icon.png]
[w.shekharpoint.com/images/svg_icon.png]
[w.shekharpoint.com/images/symfony_icon.png]
[w.shekharpoint.com/images/turbogears_icon.png]
[w.shekharpoint.com/images/typescript_icon.png]
[w.shekharpoint.com/images/typeorm_icon.png]
[w.shekharpoint.com/images/underscorejs_icon.png]
[w.shekharpoint.com/images/vaadin_icon.png]
[w.shekharpoint.com/images/vuejs_icon.png]
[w.shekharpoint.com/images/w3css_icon.png]
[w.shekharpoint.com/images/web_developers_guide_icon.png]
[w.shekharpoint.com/images/web_icons_icon.png]
[w.shekharpoint.com/images/web2py_icon.png]
[w.shekharpoint.com/images/webgl_icon.png]
[w.shekharpoint.com/images/webrtc_icon.png]
[w.shekharpoint.com/images/webservices_icon.png]
[w.shekharpoint.com/images/website_development_icon.png]
[w.shekharpoint.com/images/websockets_icon.png]
[w.shekharpoint.com/images/wordpress_icon.png]
[w.shekharpoint.com/images/xhtml_icon.png]
[w.shekharpoint.com/images/yii_icon.png]
[w.shekharpoint.com/images/zend_framework_icon.png]
[w.shekharpoint.com/web_development_tutorials.html]
[w.shekharpoint.com/images/american_football_icon.png]
[w.shekharpoint.com/images/archery_icon.png]
[w.shekharpoint.com/images/athletics_icon.png]
[w.shekharpoint.com/images/australian_football_icon.png]
[w.shekharpoint.com/images/badminton_icon.png]
[w.shekharpoint.com/images/bandy_icon.png]
[w.shekharpoint.com/images/barefoot_skiing_icon.png]
[w.shekharpoint.com/images/baseball_icon.png]
[w.shekharpoint.com/images/basketball_icon.png]
[w.shekharpoint.com/images/beach_volleyball_icon.png]
[w.shekharpoint.com/images/biathlon_icon.png]
[w.shekharpoint.com/images/billiards_icon.png]
[w.shekharpoint.com/images/bmx_icon.png]
[w.shekharpoint.com/images/bobsleigh_icon.png]
[w.shekharpoint.com/images/boxing_icon.png]
[w.shekharpoint.com/images/brazilian_jiu_jitsu_icon.png]
[w.shekharpoint.com/images/bull_riding_icon.png]
[w.shekharpoint.com/images/canoeing_icon.png]
[w.shekharpoint.com/images/carrom_icon.png]
[w.shekharpoint.com/images/competitive_climbing_icon.png]
[w.shekharpoint.com/images/competitive_dance_icon.png]
[w.shekharpoint.com/images/cricket_icon.png]
[w.shekharpoint.com/images/croquet_icon.png]
[w.shekharpoint.com/images/curling_icon.png]
[w.shekharpoint.com/images/cycling_icon.png]
[w.shekharpoint.com/images/darts_icon.png]
[w.shekharpoint.com/images/discus_throw_icon.png]
[w.shekharpoint.com/images/diving_icon.png]
[w.shekharpoint.com/images/downhill_skiing_icon.png]
[w.shekharpoint.com/images/drag_racing_icon.png]
[w.shekharpoint.com/images/dragon_boating_icon.png]
[w.shekharpoint.com/images/equestrian_icon.png]
[w.shekharpoint.com/images/fencing_icon.png]
[w.shekharpoint.com/images/football_icon.png]
[w.shekharpoint.com/images/formula_one_icon.png]
[w.shekharpoint.com/images/freestyle_skiing_icon.png]
[w.shekharpoint.com/images/golf_icon.png]
[w.shekharpoint.com/images/gymkhana_grid_icon.png]
[w.shekharpoint.com/images/hammer_throw_icon.png]
[w.shekharpoint.com/images/handball_icon.png]
[w.shekharpoint.com/images/high_jump_icon.png]
[w.shekharpoint.com/images/hockey_icon.png]
[w.shekharpoint.com/images/horse_racing_icon.png]
[w.shekharpoint.com/images/ice_hockey_icon.png]
[w.shekharpoint.com/images/ice_mountaineering_icon.png]
[w.shekharpoint.com/images/indycar_icon.png]
[w.shekharpoint.com/images/javelin_throw_icon.png]
[w.shekharpoint.com/images/judo_icon.png]
[w.shekharpoint.com/images/kabaddi_icon.png]
[w.shekharpoint.com/images/karate_icon.png]
[w.shekharpoint.com/images/kickboxing_icon.png]
[w.shekharpoint.com/images/lacrosse_icon.png]
[w.shekharpoint.com/images/lawn_bowling_icon.png]
[w.shekharpoint.com/images/long_jump_icon.png]
[w.shekharpoint.com/images/mixed_martial_arts_icon.png]
[w.shekharpoint.com/images/modern_pentathlon_icon.png]
[w.shekharpoint.com/images/mountain_biking_icon.png]
[w.shekharpoint.com/images/nordic_combined_icon.png]
[w.shekharpoint.com/images/paragliding_icon.png]
[w.shekharpoint.com/images/pole_vault_icon.png]
[w.shekharpoint.com/images/polo_icon.png]
[w.shekharpoint.com/images/pool_icon.png]
[w.shekharpoint.com/images/racquetball_icon.png]
[w.shekharpoint.com/images/racewalking_icon.png]
[w.shekharpoint.com/images/rafting_icon.png]
[w.shekharpoint.com/images/roller_hockey_icon.png]
[w.shekharpoint.com/images/roller_skating_icon.png]
[w.shekharpoint.com/images/rally_icon.png]
[w.shekharpoint.com/images/rowing_icon.png]
[w.shekharpoint.com/images/running_icon.png]
[w.shekharpoint.com/images/sailing_icon.png]
[w.shekharpoint.com/images/sambo_icon.png]
[w.shekharpoint.com/images/scootering_icon.png]
[w.shekharpoint.com/images/sepak_takraw_icon.png]
[w.shekharpoint.com/images/shot_put_icon.png]
[w.shekharpoint.com/images/ski_jumping_icon.png]
[w.shekharpoint.com/images/sky_surfing_icon.png]
[w.shekharpoint.com/images/snooker_icon.png]
[w.shekharpoint.com/images/snowboarding_icon.png]
[w.shekharpoint.com/images/softball_icon.png]
[w.shekharpoint.com/images/speed_skating_icon.png]
[w.shekharpoint.com/images/speedway_icon.png]
[w.shekharpoint.com/images/squash_icon.png]
[w.shekharpoint.com/images/swimming_icon.png]
[w.shekharpoint.com/images/synchronized_swimming_icon.png]
[w.shekharpoint.com/images/table_tennis_icon.png]
[w.shekharpoint.com/images/ten_pin_bowling_icon.png]
[w.shekharpoint.com/images/tennis_icon.png]
[w.shekharpoint.com/images/touring_car_racing_icon.png]
[w.shekharpoint.com/images/trampolining_icon.png]
[w.shekharpoint.com/images/trial_biking_icon.png]
[w.shekharpoint.com/images/triathlon_icon.png]
[w.shekharpoint.com/images/volleyball_icon.png]
[w.shekharpoint.com/images/wakeboarding_icon.png]
[w.shekharpoint.com/images/water_polo_icon.png]
[w.shekharpoint.com/images/water_skiing_icon.png]
[w.shekharpoint.com/images/weightlifting_icon.png]
[w.shekharpoint.com/images/windsurfing_icon.png]
[w.shekharpoint.com/images/wrestling_icon.png]
[w.shekharpoint.com/images/wushu_icon.png]
[w.shekharpoint.com/sports_tutorials.html]
[w.shekharpoint.com/images/aiml_icon.png]
[w.shekharpoint.com/images/dom_icon.png]
[w.shekharpoint.com/images/dtd_icon.png]
[w.shekharpoint.com/images/ebxml_icon.png]
[w.shekharpoint.com/images/wsdl_icon.png]
[w.shekharpoint.com/images/xml-rpc_icon.png]
[w.shekharpoint.com/images/xml_icon.png]
[w.shekharpoint.com/images/xpath_icon.png]
[w.shekharpoint.com/images/xquery_icon.png]
[w.shekharpoint.com/images/xsd_icon.png]
[w.shekharpoint.com/images/xslt_icon.png]
[w.shekharpoint.com/xml_technologies_tutorials.html]
[w.shekharpoint.com/img/slide-title-border.png]
[w.shekharpoint.com/de/software_engineering/index.html]
[w.shekharpoint.com/images/germany_flag.jpg]
[w.shekharpoint.com/ru/software_engineering/index.html]
[w.shekharpoint.com/images/russian_flag.jpg]
[w.shekharpoint.com/es/software_engineering/index.html]
[w.shekharpoint.com/images/spanish_flag.jpg]
[w.shekharpoint.com/ch/software_engineering/index.html]
[w.shekharpoint.com/images/china_flag.jpg]
[w.shekharpoint.com/pg/software_engineering/index.html]
[w.shekharpoint.com/images/portuguese_flag.jpg]
[w.shekharpoint.com/de/computer_fundamentals/index.html]
[w.shekharpoint.com/ru/computer_fundamentals/index.html]
[w.shekharpoint.com/es/computer_fundamentals/index.html]
[w.shekharpoint.com/ch/computer_fundamentals/index.html]
[w.shekharpoint.com/pg/computer_fundamentals/index.html]
[w.shekharpoint.com/de/xml/index.html]
[w.shekharpoint.com/ru/xml/index.html]
[w.shekharpoint.com/es/xml/index.html]
[w.shekharpoint.com/ch/xml/index.html]
[w.shekharpoint.com/pg/xml/index.html]
[w.shekharpoint.com/de/dtd/index.html]
[w.shekharpoint.com/ru/dtd/index.html]
[w.shekharpoint.com/es/dtd/index.html]
[w.shekharpoint.com/pg/dtd/index.html]
[w.shekharpoint.com/de/jpa/index.html]
[w.shekharpoint.com/ru/jpa/index.html]
[w.shekharpoint.com/es/jpa/index.html]
[w.shekharpoint.com/pg/jpa/index.html]
[w.shekharpoint.com/de/ims_db/index.html]
[w.shekharpoint.com/ru/ims_db/index.html]
[w.shekharpoint.com/es/ims_db/index.html]
[w.shekharpoint.com/pg/ims_db/index.html]
[w.shekharpoint.com/de/ngn/index.html]
[w.shekharpoint.com/ru/ngn/index.html]
[w.shekharpoint.com/es/ngn/index.html]
[w.shekharpoint.com/pg/ngn/index.html]
[w.shekharpoint.com/de/xhtml/index.html]
[w.shekharpoint.com/ru/xhtml/index.html]
[w.shekharpoint.com/es/xhtml/index.html]
[w.shekharpoint.com/de/developers_best_practices/index.html]
[w.shekharpoint.com/es/developers_best_practices/index.html]
[w.shekharpoint.com/pg/developers_best_practices/index.html]
[w.shekharpoint.com/de/parrot/index.html]
[w.shekharpoint.com/ru/parrot/index.html]
[w.shekharpoint.com/es/parrot/index.html]
[w.shekharpoint.com/de/cobol/index.html]
[w.shekharpoint.com/ru/cobol/index.html]
[w.shekharpoint.com/es/cobol/index.html]
[w.shekharpoint.com/pg/cobol/index.html]
[w.shekharpoint.com/de/hadoop/index.html]
[w.shekharpoint.com/es/hadoop/index.html]
[w.shekharpoint.com/pg/hadoop/index.html]
[w.shekharpoint.com/de/html/index.html]
[w.shekharpoint.com/ru/html/index.html]
[w.shekharpoint.com/it/html/index.html]
[w.shekharpoint.com/images/italian_flag.jpg]
[w.shekharpoint.com/de/ipv6/index.html]
[w.shekharpoint.com/es/ipv6/index.html]
[w.shekharpoint.com/de/cmmi/index.html]
[w.shekharpoint.com/es/cmmi/index.html]
[w.shekharpoint.com/de/compiler_design/index.html]
[w.shekharpoint.com/es/compiler_design/index.html]
[w.shekharpoint.com/de/ipv4/index.html]
[w.shekharpoint.com/es/ipv4/index.html]
[w.shekharpoint.com/de/hbase/index.html]
[w.shekharpoint.com/es/hbase/index.html]
[w.shekharpoint.com/de/hive/index.html]
[w.shekharpoint.com/es/hive/index.html]
[w.shekharpoint.com/de/data_communication_computer_network/index.html]
[w.shekharpoint.com/de/http/index.html]
[w.shekharpoint.com/de/object_oriented_analysis_design/index.html]
[w.shekharpoint.com/de/accounting_basics/index.html]
[w.shekharpoint.com/de/earn_value_management/index.html]
[w.shekharpoint.com/de/gnu_debugger/index.html]
[w.shekharpoint.com/hi/business_writing_skills/index.html]
[w.shekharpoint.com/images/india_flag.jpg]
[w.shekharpoint.com/hi/business_acumen/index.html]
[w.shekharpoint.com/hi/critical_thinking/index.html]
[w.shekharpoint.com/hi/career_development_planning/index.html]
[w.shekharpoint.com/hi/design_thinking/index.html]
[w.shekharpoint.com/hi/entrepreneurship_skills/index.html]
[w.shekharpoint.com/hi/executive_assistant_coaching/index.html]
[w.shekharpoint.com/hi/evolution_of_etiquette/index.html]
[w.shekharpoint.com/hi/improving_personal_productivity/index.html]
[w.shekharpoint.com/hi/incentive_planning/index.html]
[w.shekharpoint.com/hi/managing_the_manager/index.html]
[w.shekharpoint.com/multi_language_tutorials.html]
[w.shekharpoint.com/images/Interview-Questions.png]
[w.shekharpoint.com/android/android_interview_questions.html]
[w.shekharpoint.com/angularjs/angularjs_interview_questions.html]
[w.shekharpoint.com/bootstrap/bootstrap_interview_questions.html]
[w.shekharpoint.com/cprogramming/cprogramming_interview_questions.html]
[w.shekharpoint.com/cplusplus/cpp_interview_questions.html]
[w.shekharpoint.com/cics/cics_interview_questions.html]
[w.shekharpoint.com/cobol/cobol_interview_questions.html]
[w.shekharpoint.com/csharp/csharp_interview_questions.html]
[w.shekharpoint.com/css/css_interview_questions.html]
[w.shekharpoint.com/data_structures_algorithms/data_structures_algorithms_interview_questions.html]
[w.shekharpoint.com/db2/db2_interview_questions.html]
[w.shekharpoint.com/design_pattern/design_pattern_interview_questions.html]
[w.shekharpoint.com/ejb/ejb_interview_questions.html]
[w.shekharpoint.com/go/go_interview_questions.html]
[w.shekharpoint.com/gwt/gwt_interview_questions.html]
[w.shekharpoint.com/hadoop/hadoop_interview_questions.html]
[w.shekharpoint.com/hibernate/hibernate_interview_questions.html]
[w.shekharpoint.com/hive/hive_interview_questions.html]
[w.shekharpoint.com/hbase/hbase_interview_questions.html]
[w.shekharpoint.com/html5/html5_interview_questions.html]
[w.shekharpoint.com/ims_db/ims_db_interview_questions.html]
[w.shekharpoint.com/javascript/javascript_interview_questions.html]
[w.shekharpoint.com/java_xml/java_xml_interview_questions.html]
[w.shekharpoint.com/jcl/jcl_interview_questions.html]
[w.shekharpoint.com/jsp/jsp_interview_questions.html]
[w.shekharpoint.com/jdbc/jdbc_interview_questions.html]
[w.shekharpoint.com/junit/junit_interview_questions.html]
[w.shekharpoint.com/jquery/jquery_interview_questions.html]
[w.shekharpoint.com/java8/java8_interview_questions.html]
[w.shekharpoint.com/log4j/log4j_interview_questions.html]
[w.shekharpoint.com/maven/maven_interview_questions.html]
[w.shekharpoint.com/mvc_framework/mvc_framework_interview_questions.html]
[w.shekharpoint.com/mongodb/mongodb_interview_questions.html]
[w.shekharpoint.com/nodejs/nodejs_interview_questions.html]
[w.shekharpoint.com/obiee/obiee_interview_questions.html]
[w.shekharpoint.com/perl/perl_interview_questions.html]
[w.shekharpoint.com/python/python_interview_questions.html]
[w.shekharpoint.com/php/php_interview_questions.html]
[w.shekharpoint.com/plsql/plsql_interview_questions.html]
[w.shekharpoint.com/qc/qc_interview_questions.html]
[w.shekharpoint.com/qtp/qtp_interview_questions.html]
[w.shekharpoint.com/restful/restful_interview_questions.html]
[w.shekharpoint.com/servlets/servlets_interview_questions.html]
[w.shekharpoint.com/spring/spring_interview_questions.html]
[w.shekharpoint.com/sqoop/sqoop_interview_questions.html]
[w.shekharpoint.com/struts_2/struts_interview_questions.html]
[w.shekharpoint.com/sap_abap/sap_abap_interview_questions.html]
[w.shekharpoint.com/sap_basis/sap_basis_interview_questions.html]
[w.shekharpoint.com/sap_bods/sap_bods_interview_questions.html]
[w.shekharpoint.com/sap_bw/sap_bw_interview_questions.html]
[w.shekharpoint.com/sap_cca/sap_cca_interview_questions.html]
[w.shekharpoint.com/sap_crm/sap_crm_interview_questions.html]
[w.shekharpoint.com/sap_ewm/sap_ewm_interview_questions.html]
[w.shekharpoint.com/sap_fico/sap_fico_interview_questions.html]
[w.shekharpoint.com/sap_fiori/sap_fiori_interview_questions.html]
[w.shekharpoint.com/sap_hana/sap_hana_interview_questions.html]
[w.shekharpoint.com/sap_idt/sap_idt_interview_questions.html]
[w.shekharpoint.com/sap_lumira/sap_lumira_interview_questions.html]
[w.shekharpoint.com/sap_pi/sap_pi_interview_questions.html]
[w.shekharpoint.com/sap_pm/sap_pm_interview_questions.html]
[w.shekharpoint.com/sap_pp/sap_pp_interview_questions.html]
[w.shekharpoint.com/sap_qm/sap_qm_interview_questions.html]
[w.shekharpoint.com/sap_scm/sap_scm_interview_questions.html]
[w.shekharpoint.com/sap_sd/sap_sd_interview_questions.html]
[w.shekharpoint.com/sap_solman/sap_solman_interview_questions.html]
[w.shekharpoint.com/sap_srm/sap_srm_interview_questions.html]
[w.shekharpoint.com/sap_web_dynpro/sap_web_dynpro_interview_questions.html]
[w.shekharpoint.com/sap_webi/sap_webi_interview_questions.html]
[w.shekharpoint.com/sql/sql_interview_questions.html]
[w.shekharpoint.com/svg/svg_interview_questions.html]
[w.shekharpoint.com/vbscript/vbscript_interview_questions.html]
[w.shekharpoint.com/vb.net/vb.net_interview_questions.html]
[w.shekharpoint.com/webservices/webservices_interview_questions.html]
[w.shekharpoint.com/images/Online-Quize.png]
[w.shekharpoint.com/android/android_online_quiz.html]
[w.shekharpoint.com/angularjs/angularjs_online_quiz.html]
[w.shekharpoint.com/bootstrap/bootstrap_online_quiz.html]
[w.shekharpoint.com/cprogramming/cprogramming_online_quiz.html]
[w.shekharpoint.com/cplusplus/cpp_online_quiz.html]
[w.shekharpoint.com/cics/cics_online_quiz.html]
[w.shekharpoint.com/cobol/cobol_online_quiz.html]
[w.shekharpoint.com/csharp/csharp_online_quiz.html]
[w.shekharpoint.com/css/css_online_quiz.html]
[w.shekharpoint.com/data_structures_algorithms/data_structures_algorithms_online_quiz.html]
[w.shekharpoint.com/db2/db2_online_quiz.html]
[w.shekharpoint.com/design_pattern/design_pattern_online_quiz.html]
[w.shekharpoint.com/ejb/ejb_online_quiz.html]
[w.shekharpoint.com/go/go_online_quiz.html]
[w.shekharpoint.com/gwt/gwt_online_quiz.html]
[w.shekharpoint.com/hadoop/hadoop_online_quiz.html]
[w.shekharpoint.com/hibernate/hibernate_online_quiz.html]
[w.shekharpoint.com/hive/hive_online_quiz.html]
[w.shekharpoint.com/hbase/hbase_online_quiz.html]
[w.shekharpoint.com/html5/html5_online_quiz.html]
[w.shekharpoint.com/ims_db/ims_db_online_quiz.html]
[w.shekharpoint.com/java/java_online_quiz.html]
[w.shekharpoint.com/javascript/javascript_online_quiz.html]
[w.shekharpoint.com/java_xml/java_xml_online_quiz.html]
[w.shekharpoint.com/jcl/jcl_online_quiz.html]
[w.shekharpoint.com/jsp/jsp_online_quiz.html]
[w.shekharpoint.com/jdbc/jdbc_online_quiz.html]
[w.shekharpoint.com/junit/junit_online_quiz.html]
[w.shekharpoint.com/jquery/jquery_online_quiz.html]
[w.shekharpoint.com/java8/java8_online_quiz.html]
[w.shekharpoint.com/log4j/log4j_online_quiz.html]
[w.shekharpoint.com/maven/maven_online_quiz.html]
[w.shekharpoint.com/mvc_framework/mvc_framework_online_quiz.html]
[w.shekharpoint.com/mongodb/mongodb_online_quiz.html]
[w.shekharpoint.com/nodejs/nodejs_online_quiz.html]
[w.shekharpoint.com/obiee/obiee_online_quiz.html]
[w.shekharpoint.com/perl/perl_online_quiz.html]
[w.shekharpoint.com/python/python_online_quiz.html]
[w.shekharpoint.com/php/php_online_quiz.html]
[w.shekharpoint.com/plsql/plsql_online_quiz.html]
[w.shekharpoint.com/qc/qc_online_quiz.html]
[w.shekharpoint.com/qtp/qtp_online_quiz.html]
[w.shekharpoint.com/restful/restful_online_quiz.html]
[w.shekharpoint.com/servlets/servlets_online_quiz.html]
[w.shekharpoint.com/spring/spring_online_quiz.html]
[w.shekharpoint.com/sqoop/sqoop_online_quiz.html]
[w.shekharpoint.com/struts_2/struts_online_quiz.html]
[w.shekharpoint.com/sap_abap/sap_abap_online_quiz.html]
[w.shekharpoint.com/sap_basis/sap_basis_online_quiz.html]
[w.shekharpoint.com/sap_bods/sap_bods_online_quiz.html]
[w.shekharpoint.com/sap_bw/sap_bw_online_quiz.html]
[w.shekharpoint.com/sap_cca/sap_cca_online_quiz.html]
[w.shekharpoint.com/sap_crm/sap_crm_online_quiz.html]
[w.shekharpoint.com/sap_ewm/sap_ewm_online_quiz.html]
[w.shekharpoint.com/sap_fico/sap_fico_online_quiz.html]
[w.shekharpoint.com/sap_fiori/sap_fiori_online_quiz.html]
[w.shekharpoint.com/sap_hana/sap_hana_online_quiz.html]
[w.shekharpoint.com/sap_idt/sap_idt_online_quiz.html]
[w.shekharpoint.com/sap_lumira/sap_lumira_online_quiz.html]
[w.shekharpoint.com/sap_pi/sap_pi_online_quiz.html]
[w.shekharpoint.com/sap_pm/sap_pm_online_quiz.html]
[w.shekharpoint.com/sap_pp/sap_pp_online_quiz.html]
[w.shekharpoint.com/sap_qm/sap_qm_online_quiz.html]
[w.shekharpoint.com/sap_scm/sap_scm_online_quiz.html]
[w.shekharpoint.com/sap_sd/sap_sd_online_quiz.html]
[w.shekharpoint.com/sap_solman/sap_solman_online_quiz.html]
[w.shekharpoint.com/sap_srm/sap_srm_online_quiz.html]
[w.shekharpoint.com/sap_web_dynpro/sap_web_dynpro_online_quiz.html]
[w.shekharpoint.com/sap_webi/sap_webi_online_quiz.html]
[w.shekharpoint.com/sql/sql_online_quiz.html]
[w.shekharpoint.com/svg/svg_online_quiz.html]
[w.shekharpoint.com/vbscript/vbscript_online_quiz.html]
[w.shekharpoint.com/vb.net/vb.net_online_quiz.html]
[w.shekharpoint.com/webservices/webservices_online_quiz.html]
[w.shekharpoint.com/images/Online-Quick.png]
[w.shekharpoint.com/android/android_online_test.html]
[w.shekharpoint.com/angularjs/angularjs_online_test.html]
[w.shekharpoint.com/bootstrap/bootstrap_online_test.html]
[w.shekharpoint.com/cprogramming/cprogramming_online_test.html]
[w.shekharpoint.com/cplusplus/cpp_online_test.html]
[w.shekharpoint.com/cics/cics_online_test.html]
[w.shekharpoint.com/cobol/cobol_online_test.html]
[w.shekharpoint.com/csharp/csharp_online_test.html]
[w.shekharpoint.com/css/css_online_test.html]
[w.shekharpoint.com/data_structures_algorithms/data_structures_algorithms_online_test.html]
[w.shekharpoint.com/db2/db2_online_test.html]
[w.shekharpoint.com/design_pattern/design_pattern_online_test.html]
[w.shekharpoint.com/ejb/ejb_online_test.html]
[w.shekharpoint.com/go/go_online_test.html]
[w.shekharpoint.com/gwt/gwt_online_test.html]
[w.shekharpoint.com/hadoop/hadoop_online_test.html]
[w.shekharpoint.com/hibernate/hibernate_online_test.html]
[w.shekharpoint.com/hive/hive_online_test.html]
[w.shekharpoint.com/hbase/hbase_online_test.html]
[w.shekharpoint.com/html5/html5_online_test.html]
[w.shekharpoint.com/ims_db/ims_db_online_test.html]
[w.shekharpoint.com/java/java_online_test.html]
[w.shekharpoint.com/javascript/javascript_online_test.html]
[w.shekharpoint.com/java_xml/java_xml_online_test.html]
[w.shekharpoint.com/jcl/jcl_online_test.html]
[w.shekharpoint.com/jsp/jsp_online_test.html]
[w.shekharpoint.com/jdbc/jdbc_online_test.html]
[w.shekharpoint.com/junit/junit_online_test.html]
[w.shekharpoint.com/jquery/jquery_online_test.html]
[w.shekharpoint.com/java8/java8_online_test.html]
[w.shekharpoint.com/log4j/log4j_online_test.html]
[w.shekharpoint.com/maven/maven_online_test.html]
[w.shekharpoint.com/mvc_framework/mvc_framework_online_test.html]
[w.shekharpoint.com/mongodb/mongodb_online_test.html]
[w.shekharpoint.com/nodejs/nodejs_online_test.html]
[w.shekharpoint.com/obiee/obiee_online_test.html]
[w.shekharpoint.com/perl/perl_online_test.html]
[w.shekharpoint.com/python/python_online_test.html]
[w.shekharpoint.com/php/php_online_test.html]
[w.shekharpoint.com/plsql/plsql_online_test.html]
[w.shekharpoint.com/qc/qc_online_test.html]
[w.shekharpoint.com/qtp/qtp_online_test.html]
[w.shekharpoint.com/restful/restful_online_test.html]
[w.shekharpoint.com/servlets/servlets_online_test.html]
[w.shekharpoint.com/spring/spring_online_test.html]
[w.shekharpoint.com/sqoop/sqoop_online_test.html]
[w.shekharpoint.com/struts_2/struts_online_test.html]
[w.shekharpoint.com/sap_abap/sap_abap_online_test.html]
[w.shekharpoint.com/sap_basis/sap_basis_online_test.html]
[w.shekharpoint.com/sap_bods/sap_bods_online_test.html]
[w.shekharpoint.com/sap_bw/sap_bw_online_test.html]
[w.shekharpoint.com/sap_cca/sap_cca_online_test.html]
[w.shekharpoint.com/sap_crm/sap_crm_online_test.html]
[w.shekharpoint.com/sap_ewm/sap_ewm_online_test.html]
[w.shekharpoint.com/sap_fico/sap_fico_online_test.html]
[w.shekharpoint.com/sap_fiori/sap_fiori_online_test.html]
[w.shekharpoint.com/sap_hana/sap_hana_online_test.html]
[w.shekharpoint.com/sap_idt/sap_idt_online_test.html]
[w.shekharpoint.com/sap_lumira/sap_lumira_online_test.html]
[w.shekharpoint.com/sap_pi/sap_pi_online_test.html]
[w.shekharpoint.com/sap_pm/sap_pm_online_test.html]
[w.shekharpoint.com/sap_pp/sap_pp_online_test.html]
[w.shekharpoint.com/sap_qm/sap_qm_online_test.html]
[w.shekharpoint.com/sap_scm/sap_scm_online_test.html]
[w.shekharpoint.com/sap_sd/sap_sd_online_test.html]
[w.shekharpoint.com/sap_solman/sap_solman_online_test.html]
[w.shekharpoint.com/sap_srm/sap_srm_online_test.html]
[w.shekharpoint.com/sap_web_dynpro/sap_web_dynpro_online_test.html]
[w.shekharpoint.com/sap_webi/sap_webi_online_test.html]
[w.shekharpoint.com/sql/sql_online_test.html]
[w.shekharpoint.com/svg/svg_online_test.html]
[w.shekharpoint.com/vbscript/vbscript_online_test.html]
[w.shekharpoint.com/vb.net/vb.net_online_test.html]
[w.shekharpoint.com/webservices/webservices_online_test.html]
[w.shekharpoint.com/images/Online-Mock.png]
[w.shekharpoint.com/android/android_mock_test.html]
[w.shekharpoint.com/angularjs/angularjs_mock_test.html]
[w.shekharpoint.com/bootstrap/bootstrap_mock_test.html]
[w.shekharpoint.com/cprogramming/cprogramming_mock_test.html]
[w.shekharpoint.com/cplusplus/cplusplus_mock_test.html]
[w.shekharpoint.com/cics/cics_mock_test.html]
[w.shekharpoint.com/cobol/cobol_mock_test.html]
[w.shekharpoint.com/csharp/csharp_mock_test.html]
[w.shekharpoint.com/css/css_mock_test.html]
[w.shekharpoint.com/data_structures_algorithms/data_structures_algorithms_mock_test.html]
[w.shekharpoint.com/db2/db2_mock_test.html]
[w.shekharpoint.com/design_pattern/design_pattern_mock_test.html]
[w.shekharpoint.com/ejb/ejb_mock_test.html]
[w.shekharpoint.com/go/go_mock_test.html]
[w.shekharpoint.com/gwt/gwt_mock_test.html]
[w.shekharpoint.com/hadoop/hadoop_mock_test.html]
[w.shekharpoint.com/hibernate/hibernate_mock_test.html]
[w.shekharpoint.com/hive/hive_mock_test.html]
[w.shekharpoint.com/hbase/hbase_mock_test.html]
[w.shekharpoint.com/html5/html5_mock_test.html]
[w.shekharpoint.com/ims_db/ims_db_mock_test.html]
[w.shekharpoint.com/java/java_mock_test.html]
[w.shekharpoint.com/javascript/javascript_mock_test.html]
[w.shekharpoint.com/java_xml/java_xml_mock_test.html]
[w.shekharpoint.com/jcl/jcl_mock_test.html]
[w.shekharpoint.com/jsp/jsp_mock_test.html]
[w.shekharpoint.com/jdbc/jdbc_mock_test.html]
[w.shekharpoint.com/junit/junit_mock_test.html]
[w.shekharpoint.com/jquery/jquery_mock_test.html]
[w.shekharpoint.com/java8/java8_mock_test.html]
[w.shekharpoint.com/log4j/log4j_mock_test.html]
[w.shekharpoint.com/maven/maven_mock_test.html]
[w.shekharpoint.com/mvc_framework/mvc_framework_mock_test.html]
[w.shekharpoint.com/mongodb/mongodb_mock_test.html]
[w.shekharpoint.com/nodejs/nodejs_mock_test.html]
[w.shekharpoint.com/obiee/obiee_mock_test.html]
[w.shekharpoint.com/perl/perl_mock_test.html]
[w.shekharpoint.com/python/python_mock_test.html]
[w.shekharpoint.com/php/php_mock_test.html]
[w.shekharpoint.com/plsql/plsql_mock_test.html]
[w.shekharpoint.com/qc/qc_mock_test.html]
[w.shekharpoint.com/qtp/qtp_mock_test.html]
[w.shekharpoint.com/restful/restful_mock_test.html]
[w.shekharpoint.com/servlets/servlets_mock_test.html]
[w.shekharpoint.com/spring/spring_mock_test.html]
[w.shekharpoint.com/sqoop/sqoop_mock_test.html]
[w.shekharpoint.com/struts_2/struts_mock_test.html]
[w.shekharpoint.com/sap_abap/sap_abap_mock_test.html]
[w.shekharpoint.com/sap_basis/sap_basis_mock_test.html]
[w.shekharpoint.com/sap_bods/sap_bods_mock_test.html]
[w.shekharpoint.com/sap_bw/sap_bw_mock_test.html]
[w.shekharpoint.com/sap_cca/sap_cca_mock_test.html]
[w.shekharpoint.com/sap_crm/sap_crm_mock_test.html]
[w.shekharpoint.com/sap_ewm/sap_ewm_mock_test.html]
[w.shekharpoint.com/sap_fico/sap_fico_mock_test.html]
[w.shekharpoint.com/sap_fiori/sap_fiori_mock_test.html]
[w.shekharpoint.com/sap_hana/sap_hana_mock_test.html]
[w.shekharpoint.com/sap_idt/sap_idt_mock_test.html]
[w.shekharpoint.com/sap_lumira/sap_lumira_mock_test.html]
[w.shekharpoint.com/sap_pi/sap_pi_mock_test.html]
[w.shekharpoint.com/sap_pm/sap_pm_mock_test.html]
[w.shekharpoint.com/sap_pp/sap_pp_mock_test.html]
[w.shekharpoint.com/sap_qm/sap_qm_mock_test.html]
[w.shekharpoint.com/sap_scm/sap_scm_mock_test.html]
[w.shekharpoint.com/sap_sd/sap_sd_mock_test.html]
[w.shekharpoint.com/sap_solman/sap_solman_mock_test.html]
[w.shekharpoint.com/sap_srm/sap_srm_mock_test.html]
[w.shekharpoint.com/sap_web_dynpro/sap_web_dynpro_mock_test.html]
[w.shekharpoint.com/sap_webi/sap_webi_mock_test.html]
[w.shekharpoint.com/sql/sql_mock_test.html]
[w.shekharpoint.com/svg/svg_mock_test.html]
[w.shekharpoint.com/vbscript/vbscript_mock_test.html]
[w.shekharpoint.com/vb.net/vb.net_mock_test.html]
[w.shekharpoint.com/webservices/webservices_mock_test.html]
[w.shekharpoint.com/questions_and_answers.html]
[w.shekharpoint.com/developers_best_practices/images/logo.png]
[w.shekharpoint.com/developers_best_practices/images/sdbp-mini-logo.jpg]
[w.shekharpoint.com/developers_best_practices/what_is_practice.html]
[w.shekharpoint.com/developers_best_practices/code_reading.html]
[w.shekharpoint.com/developers_best_practices/documentation_is_key.html]
[w.shekharpoint.com/developers_best_practices/follow_the_standards.html]
[w.shekharpoint.com/developers_best_practices/write_to_be_reviewed.html]
[w.shekharpoint.com/developers_best_practices/testing_is_the_religion.html]
[w.shekharpoint.com/developers_best_practices/keep_the_assets_safely.html]
[w.shekharpoint.com/developers_best_practices/handy_tools_techniques.html]
[w.shekharpoint.com/developers_best_practices/eager_to_learn.html]
[w.shekharpoint.com/developers_best_practices/stress_management.html]
[w.shekharpoint.com/developers_best_practices/managing_managers.html]
[w.shekharpoint.com/developers_best_practices/career_planning.html]
[w.shekharpoint.com/developers_best_practices/summary.html]
[w.shekharpoint.com/developers_best_practices/developers_best_practices_useful_resources.html]
[w.shekharpoint.com/developers_best_practices/developers_best_practices_discussion.html]
[w.shekharpoint.com/developers_best_practices/images/sdbp.jpg]
[w.shekharpoint.com/developers_best_practices/developers_best_practices_pdf_version.html]
[w.shekharpoint.com/developers_best_practices/index.html]
[w.shekharpoint.com/images/effective-resume-mini.jpg]
[w.shekharpoint.com/images/effective-resume-writing.jpg]
[w.shekharpoint.com/JohnWilliams-Resume2013.docx]
[w.shekharpoint.com/effective_resume_writing.html]
[w.shekharpoint.com/hr_interview_questions/images/logo.png]
[w.shekharpoint.com/hr_interview_questions/images/hr-interview-questions-mini-logo.jpg]
[w.shekharpoint.com/hr_interview_questions/hr_interview_questions.html]
[w.shekharpoint.com/hr_interview_questions/behavioral_questions.html]
[w.shekharpoint.com/hr_interview_questions/general_interview_questions.html]
[w.shekharpoint.com/hr_interview_questions/case_study_interview_questions.html]
[w.shekharpoint.com/hr_interview_questions/role_play_questions.html]
[w.shekharpoint.com/hr_interview_questions/industry_specific_interview_questions.html]
[w.shekharpoint.com/hr_interview_questions/brainteaser_interview_questions.html]
[w.shekharpoint.com/hr_interview_questions/quick_guide.html]
[w.shekharpoint.com/hr_interview_questions/useful_resources.html]
[w.shekharpoint.com/hr_interview_questions/hr_interview_questions_discussion.html]
[w.shekharpoint.com/hr_interview_questions/images/hr-interview-questions.jpg]
[w.shekharpoint.com/hr_interview_questions/hr_interview_questions_pdf_version.html]
[w.shekharpoint.com/hr_interview_questions/index.html]
[w.shekharpoint.com/xml/images/logo.png]
[w.shekharpoint.com/images/computerg-mini-logo.jpg]
[w.shekharpoint.com/images/computer.jpg]
[w.shekharpoint.com/computer_glossary.html]
[w.shekharpoint.com/who_is_who/images/logo.png]
[w.shekharpoint.com/who_is_who/images/wiw-mini-logo.jpg]
[w.shekharpoint.com/who_is_who/images/wiw.jpg]
[w.shekharpoint.com/who_is_who/images/ali_aydar.jpg]
[w.shekharpoint.com/who_is_who/images/anita_borg.jpg]
[w.shekharpoint.com/who_is_who/images/alfred_aho.jpg]
[w.shekharpoint.com/who_is_who/images/bjarne.jpg]
[w.shekharpoint.com/who_is_who/images/bill_gates.jpg]
[w.shekharpoint.com/who_is_who/images/bruce_arden.jpg]
[w.shekharpoint.com/who_is_who/images/brendan_eich.jpg]
[w.shekharpoint.com/who_is_who/images/barry_boehm.jpg]
[w.shekharpoint.com/who_is_who/images/bert_bos.jpg]
[w.shekharpoint.com/who_is_who/images/bryan_cantrill.jpg]
[w.shekharpoint.com/who_is_who/images/charles_babbage.jpg]
[w.shekharpoint.com/who_is_who/images/dennis_ritchie.jpg]
[w.shekharpoint.com/who_is_who/images/david_j_brown.jpg]
[w.shekharpoint.com/who_is_who/images/edgar_f_codd.jpg]
[w.shekharpoint.com/who_is_who/images/frances_e_allen.jpg]
[w.shekharpoint.com/who_is_who/images/gordon_bell.jpg]
[w.shekharpoint.com/who_is_who/images/gregory_chatitin.jpg]
[w.shekharpoint.com/who_is_who/images/james_gosling.jpg]
[w.shekharpoint.com/who_is_who/images/john_backus.jpg]
[w.shekharpoint.com/who_is_who/images/jon_crowcroft.jpg]
[w.shekharpoint.com/who_is_who/images/larry_page.jpg]
[w.shekharpoint.com/who_is_who/images/larry_wall.jpg]
[w.shekharpoint.com/who_is_who/images/linus_torvalds.jpg]
[w.shekharpoint.com/who_is_who/images/luis_von_ahn.jpg]
[w.shekharpoint.com/who_is_who/images/luca_cardelli.jpg]
[w.shekharpoint.com/who_is_who/images/michael_dell.jpg]
[w.shekharpoint.com/who_is_who/images/michael_dertouzos.jpg]
[w.shekharpoint.com/who_is_who/images/maurice_v_wilkes.jpg]
[w.shekharpoint.com/who_is_who/images/nello_cristianini.jpg]
[w.shekharpoint.com/who_is_who/images/don_estridge.jpg]
[w.shekharpoint.com/who_is_who/images/phillipp_mattahaus_hahn.jpg]
[w.shekharpoint.com/who_is_who/images/per_brinch_hansen.jpg]
[w.shekharpoint.com/who_is_who/images/rasmus_lerdorf.jpg]
[w.shekharpoint.com/who_is_who/images/richard_stallman.jpg]
[w.shekharpoint.com/who_is_who/images/robert_s_boyer.jpg]
[w.shekharpoint.com/who_is_who/images/bob_kahn.jpg]
[w.shekharpoint.com/who_is_who/images/sabeer_bhatia.jpg]
[w.shekharpoint.com/who_is_who/images/sergey_brin.jpg]
[w.shekharpoint.com/who_is_who/images/serge_abiteboul.jpg]
[w.shekharpoint.com/who_is_who/images/steve_jobs.jpg]
[w.shekharpoint.com/who_is_who/images/tim_berners_lee.jpg]
[w.shekharpoint.com/who_is_who/images/vint_cerf.jpg]
[w.shekharpoint.com/computer_whoiswho.html]
[w.shekharpoint.com/videotutorials/images/video-banner0.jpg]
[w.shekharpoint.com/codingground/images/cg_intro.jpg]
[w.shekharpoint.com/images/black-linen.png]
[w.shekharpoint.com/images/pattern-xv.png]
[w.shekharpoint.com/themes/css/homeb0c0.css]
[cse.google.com/cse07b6.html]
[w.shekharpoint.com/3_minute_german_course_5_language_lessons_for_beginners/index.html]
[w.shekharpoint.com/videotutorials/assets/videos/courses/2042/images/course_2042_image.jpg]
[w.shekharpoint.com/videotutorials/profile/kieran_ball.html]
[w.shekharpoint.com/3_minute_german_course_4_language_lessons_for_beginners/index.html]
[w.shekharpoint.com/videotutorials/assets/videos/courses/2041/images/course_2041_image.png]
[w.shekharpoint.com/3_minute_german_course_3_language_lessons_for_beginners/index.html]
[w.shekharpoint.com/videotutorials/assets/videos/courses/2040/images/course_2040_image.jpg]
[w.shekharpoint.com/3_minute_german_course_1_language_lessons_for_beginners/index.html]
[w.shekharpoint.com/videotutorials/assets/videos/courses/2038/images/course_2038_image.jpg]
[w.shekharpoint.com/3_minute_german_course_2_language_lessons_for_beginners/index.html]
[w.shekharpoint.com/videotutorials/assets/videos/courses/2039/images/course_2039_image.jpg]
[w.shekharpoint.com/digital_painting_with_krita_basic_level/index.html]
[w.shekharpoint.com/videotutorials/assets/videos/courses/2017/images/course_2017_image.jpg]
[w.shekharpoint.com/videotutorials/profile/widhi_muttaqien.html]
[w.shekharpoint.com/html_and_css_certification_course_for_beginners/index.html]
[w.shekharpoint.com/videotutorials/assets/videos/courses/2021/images/course_2021_image.jpg]
[w.shekharpoint.com/videotutorials/profile/youaccel.html]
[w.shekharpoint.com/3_minute_italian_course_3_language_lessons_for_beginners/index.html]
[w.shekharpoint.com/videotutorials/assets/videos/courses/2035/images/course_2035_image.jpg]
[w.shekharpoint.com/3_minute_italian_course_2_language_lessons_for_beginners/index.html]
[w.shekharpoint.com/videotutorials/assets/videos/courses/2034/images/course_2034_image.jpg]
[w.shekharpoint.com/ros2_for_beginners_ros_foxy_2020/index.html]
[w.shekharpoint.com/videotutorials/assets/videos/courses/2026/images/course_2026_image.jpg]
[w.shekharpoint.com/videotutorials/profile/edouard_renard.html]
[w.shekharpoint.com/what_happens_to_you_after_you_die/index.html]
[w.shekharpoint.com/videotutorials/assets/videos/courses/1967/images/course_1967_image.jpg]
[w.shekharpoint.com/videotutorials/profile/gilad_james_phd.html]
[w.shekharpoint.com/3_minute_italian_course_1_language_lessons_for_beginners/index.html]
[w.shekharpoint.com/videotutorials/assets/videos/courses/2033/images/course_2033_image.jpg]
[w.shekharpoint.com/3_minute_spanish_course_6_language_lessons_for_beginners/index.html]
[w.shekharpoint.com/videotutorials/assets/videos/courses/2032/images/course_2032_image.jpg]
[w.shekharpoint.com/3_minute_spanish_course_5_language_lessons_for_beginners/index.html]
[w.shekharpoint.com/videotutorials/assets/videos/courses/2031/images/course_2031_image.png]
[w.shekharpoint.com/3_minute_spanish_course_4_language_lessons_for_beginners/index.html]
[w.shekharpoint.com/videotutorials/assets/videos/courses/2030/images/course_2030_image.png]
[w.shekharpoint.com/google_bigquery_and_postgresql_big_query_for_data_analysis/index.html]
[w.shekharpoint.com/videotutorials/assets/videos/courses/2027/images/course_2027_image.jpg]
[w.shekharpoint.com/kubernetes_101-201647/index.html]
[w.shekharpoint.com/videotutorials/assets/videos/courses/2016/images/course_2016_image.png]
[w.shekharpoint.com/videotutorials/profile/nigel_poulton.html]
[w.shekharpoint.com/build_a_blockchain_and_cryptocurrency_using_python/index.html]
[w.shekharpoint.com/videotutorials/assets/videos/courses/1953/images/course_1953_image.png]
[w.shekharpoint.com/videotutorials/profile/zakwan_jaroucheh.html]
[w.shekharpoint.com/videotutorials/images/profile_icon.png]
[w.shekharpoint.com/react_native_build_native_mobile_applications/index.html]
[w.shekharpoint.com/videotutorials/assets/videos/courses/1872/images/course_1872_image.png]
[w.shekharpoint.com/videotutorials/profile/skillbakerystudios.html]
[w.shekharpoint.com/nodejs_crash_course_for_backend_developement_2020/index.html]
[w.shekharpoint.com/videotutorials/assets/videos/courses/1731/images/course_1731_image.png]
[w.shekharpoint.com/videotutorials/profile/anant_rungta.html]
[w.shekharpoint.com/master_nodejs_a_practical_approach_to_node_js/index.html]
[w.shekharpoint.com/videotutorials/assets/videos/courses/1903/images/course_1903_image.png]
[w.shekharpoint.com/master_meteor_meteor_js_from_the_ground_up/index.html]
[w.shekharpoint.com/videotutorials/assets/videos/courses/1902/images/course_1902_image.png]
[w.shekharpoint.com/master_reactjs_learn_react_js_from_scratch/index.html]
[w.shekharpoint.com/videotutorials/assets/videos/courses/1900/images/course_1900_image.jpg]
[w.shekharpoint.com/browser_developer_tools/index.html]
[w.shekharpoint.com/videotutorials/assets/videos/courses/1792/images/course_1792_image.png]
[w.shekharpoint.com/working_with_html5_for_web_developers_and_designers/index.html]
[w.shekharpoint.com/videotutorials/assets/videos/courses/1871/images/course_1871_image.png]
[w.shekharpoint.com/videotutorials/latest-courses2679.html]
[w.shekharpoint.com/videotutorials/latest-courses4658.html]
[w.shekharpoint.com/videotutorials/latest-courses9ba9.html]
[w.shekharpoint.com/videotutorials/latest-coursesfdb0.html]
[w.shekharpoint.com/videotutorials/latest-coursesaf4d.html]
[w.shekharpoint.com/videotutorials/latest-coursesc575.html]
[w.shekharpoint.com/videotutorials/latest-courses235c.html]
[w.shekharpoint.com/videotutorials/latest-courses.html]
[w.shekharpoint.com/videotutorials/latest-courses96d9.html]
[w.shekharpoint.com/videotutorials/js/videos_user.js]
[w.shekharpoint.com/videotutorials/assets/videos/courses/1050/images/course_1050_image95f3.jpg]
[w.shekharpoint.com/videotutorials/assets/videos/courses/891/images/course_891_image95f3.png]
[w.shekharpoint.com/mastering_dax_and_data_models_in_power_bi_desktop/index.html]
[w.shekharpoint.com/froala/js/froala_editor.min.js]
[w.shekharpoint.com/froala/js/plugins/align.min.js]
[w.shekharpoint.com/froala/js/plugins/code_beautifier.min.js]
[w.shekharpoint.com/froala/js/plugins/code_view.min.js]
[w.shekharpoint.com/froala/js/plugins/draggable.min.js]
[w.shekharpoint.com/froala/js/plugins/image.min.js]
[w.shekharpoint.com/froala/js/plugins/image_manager.min.js]
[w.shekharpoint.com/froala/js/plugins/link.min.js]
[w.shekharpoint.com/froala/js/plugins/lists.min.js]
[w.shekharpoint.com/froala/js/plugins/quote.min.js]
[w.shekharpoint.com/froala/js/plugins/special_characters.min.js]
[w.shekharpoint.com/froala/js/plugins/paragraph_format.min.js]
[w.shekharpoint.com/froala/js/plugins/paragraph_style.min.js]
[w.shekharpoint.com/froala/js/plugins/table.min.js]
[w.shekharpoint.com/froala/js/plugins/video.min.js]
[w.shekharpoint.com/froala/js/plugins/url.min.js]
[w.shekharpoint.com/froala/js/plugins/entities.min.js]
[w.shekharpoint.com/froala/js/plugins/help.min.js]
[cdnjs.cloudflare.com/ajax/libs/font-awesome/4.4.0/css/font-awesome.min.css]
[w.shekharpoint.com/froala/css/froala_editor.css]
[w.shekharpoint.com/froala/css/froala_style.css]
[w.shekharpoint.com/froala/css/plugins/help.min.css]
[w.shekharpoint.com/froala/css/plugins/code_view.css]
[w.shekharpoint.com/froala/css/plugins/image_manager.css]
[w.shekharpoint.com/froala/css/plugins/image.css]
[w.shekharpoint.com/froala/css/plugins/table.css]
[w.shekharpoint.com/froala/css/plugins/video.css]
[w.shekharpoint.com/videotutorials/js/videos_profile7839.js]
[w.shekharpoint.com/videotutorials/profile/abhay_gadiya.html]
[w.shekharpoint.com/videotutorials/view_cart0af3.html]
[w.shekharpoint.com/compare_two_excel_sheets_or_datasets_with_excel_vba_tool/index.html]
[w.shekharpoint.com/videotutorials/assets/videos/courses/1177/images/course_1177_image4bcf.jpg]
[w.shekharpoint.com/learn_depreciation_accounting_with_advanced_excel_model/index.html]
[w.shekharpoint.com/videotutorials/assets/videos/courses/905/images/course_905_image4bcf.jpg]
[w.shekharpoint.com/build_excel_models_using_advanced_formulas_vba_power_query/index.html]
[w.shekharpoint.com/videotutorials/profile/prashant_panchal.html]
[w.shekharpoint.com/videotutorials/view_cart3a4a.html]
[w.shekharpoint.com/videotutorials/assets/videos/courses/1050/images/course_1050_image4568.jpg]
[w.shekharpoint.com/videotutorials/assets/videos/courses/900/images/course_900_image4568.png]
[w.shekharpoint.com/excel_power_query_training_beginners_to_advanced_level/index.html]
[w.shekharpoint.com/videotutorials/view_cartc451.html]
[w.shekharpoint.com/formulating_and_facilitating_corporate_strategy/index.html]
[w.shekharpoint.com/videotutorials/assets/videos/courses/880/images/course_880_image3867.jpg]
[w.shekharpoint.com/master_capital_allocation/index.html]
[w.shekharpoint.com/videotutorials/assets/videos/courses/879/images/course_879_image3867.jpg]
[w.shekharpoint.com/learn_accounting_in_1_hour/index.html]
[w.shekharpoint.com/videotutorials/assets/videos/courses/878/images/course_878_image3867.jpg]
[w.shekharpoint.com/quick_excel_for_financial_modeling/index.html]
[w.shekharpoint.com/videotutorials/profile/blair_cook.html]
[w.shekharpoint.com/videotutorials/view_cart845e.html]
[w.shekharpoint.com/aws_certified_devops_engineer_get_3_certifications_2020/index.html]
[w.shekharpoint.com/videotutorials/assets/videos/courses/866/images/course_866_image6c5a.jpg]
[w.shekharpoint.com/android_studio_for_absolute_beginners/index.html]
[w.shekharpoint.com/videotutorials/assets/videos/courses/875/images/course_875_image6c5a.jpg]
[w.shekharpoint.com/aws_rekognition_machine_learning_using_python_masterclass/index.html]
[w.shekharpoint.com/videotutorials/assets/videos/courses/868/images/course_868_image6c5a.jpg]
[w.shekharpoint.com/advanced_microsoft_word_2013_tutorial/index.html]
[w.shekharpoint.com/videotutorials/profile/syed_raza.html]
[w.shekharpoint.com/videotutorials/view_cart3a40.html]
[w.shekharpoint.com/videotutorials/assets/videos/courses/900/images/course_900_imaged347.png]
[w.shekharpoint.com/videotutorials/assets/videos/courses/891/images/course_891_imaged347.png]
[w.shekharpoint.com/advance_excel_power_query_troubleshooting_case_studies_custom_m_function_with_m_language/index.html]
[w.shekharpoint.com/videotutorials/view_cart4ac4.html]
[w.shekharpoint.com/tableau_online_training/index.html]
[w.shekharpoint.com/videotutorials/assets/videos/courses/11/images/course_11_image.png]
[w.shekharpoint.com/the_full_stack_web_development/index.html]
[w.shekharpoint.com/videotutorials/assets/videos/courses/510/images/course_510_image.png]
[w.shekharpoint.com/java_online_training/index.html]
[w.shekharpoint.com/videotutorials/assets/videos/courses/189/images/course_189_image.png]
[w.shekharpoint.com/videotutorials/profile/Tushar-Kale.html]
[w.shekharpoint.com/c_language_online_training/index.html]
[w.shekharpoint.com/videotutorials/assets/videos/courses/201/images/course_201_image.png]
[w.shekharpoint.com/videotutorials/profile/Anadi-Sharma.html]
[w.shekharpoint.com/csharp_online_training/index.html]
[w.shekharpoint.com/videotutorials/assets/videos/courses/177/images/course_177_image.png]
[w.shekharpoint.com/python_online_training/index.html]
[w.shekharpoint.com/videotutorials/assets/videos/courses/85/images/course_85_image.png]
[w.shekharpoint.com/videotutorials/profile/malhar_lathkar.html]
[w.shekharpoint.com/videotutorials/profile/Sanjo-Thomas.html]
[w.shekharpoint.com/python_with_data_science/index.html]
[w.shekharpoint.com/videotutorials/assets/videos/courses/448/images/course_448_image.png]
[w.shekharpoint.com/android_online_training/index.html]
[w.shekharpoint.com/videotutorials/assets/videos/courses/16/images/course_16_image.png]
[w.shekharpoint.com/videotutorials/profile/Aditya-Dua.html]
[w.shekharpoint.com/hp_uft_qtp_online_training/index.html]
[w.shekharpoint.com/videotutorials/assets/videos/courses/55/images/course_55_image.png]
[w.shekharpoint.com/cobol_online_training/index.html]
[w.shekharpoint.com/videotutorials/assets/videos/courses/7/images/course_7_image.png]
[w.shekharpoint.com/videotutorials/profile/Nishant-Malik.html]
[w.shekharpoint.com/sapui5_online_training/index.html]
[w.shekharpoint.com/videotutorials/assets/videos/courses/32/images/course_32_image.png]
[w.shekharpoint.com/videotutorials/profile/Sumit-Agarwal.html]
[w.shekharpoint.com/49_charts_in_tableau_latest_version/index.html]
[w.shekharpoint.com/videotutorials/assets/videos/courses/773/images/course_773_image.png]
[w.shekharpoint.com/videotutorials/profile/pavan_lalwani.html]
[w.shekharpoint.com/videotutorials/profile/neha_malik.html]
[w.shekharpoint.com/sap_hana_online_training/index.html]
[w.shekharpoint.com/videotutorials/assets/videos/courses/223/images/course_223_image.png]
[w.shekharpoint.com/videotutorials/profile/Neha-Gupta.html]
[w.shekharpoint.com/powerpoint_online_training/index.html]
[w.shekharpoint.com/videotutorials/assets/videos/courses/28/images/course_28_image.png]
[w.shekharpoint.com/sql_masterclass_sql_for_data_analytics/index.html]
[w.shekharpoint.com/videotutorials/assets/videos/courses/608/images/course_608_image.png]
[w.shekharpoint.com/videotutorials/assets/videos/courses/82/images/course_82_image.png]
[w.shekharpoint.com/videotutorials/profile/Arnab-Chakraborty.html]
[w.shekharpoint.com/control_system/index.html]
[w.shekharpoint.com/videotutorials/assets/videos/courses/135/images/course_135_image.png]
[w.shekharpoint.com/videotutorials/profile/Gowthami-Swarna.html]
[w.shekharpoint.com/salesforce_certified_administration/index.html]
[w.shekharpoint.com/videotutorials/assets/videos/courses/501/images/course_501_image.png]
[w.shekharpoint.com/videotutorials/top-courses2679.html]
[w.shekharpoint.com/videotutorials/top-courses4658.html]
[w.shekharpoint.com/videotutorials/top-courses9ba9.html]
[w.shekharpoint.com/videotutorials/top-coursesfdb0.html]
[w.shekharpoint.com/videotutorials/top-coursesaf4d.html]
[w.shekharpoint.com/videotutorials/top-coursesc575.html]
[w.shekharpoint.com/videotutorials/top-courses235c.html]
[w.shekharpoint.com/videotutorials/top-courses.html]
[w.shekharpoint.com/videotutorials/top-courses96d9.html]
[w.shekharpoint.com/ms_excel_online_training/index.html]
[w.shekharpoint.com/videotutorials/profile/shekharpoint_com.html]
[w.shekharpoint.com/videotutorials/view_cart2d68.html]
[w.shekharpoint.com/excel_vba_online_training/index.html]
[w.shekharpoint.com/videotutorials/view_carta8ad.html]
[w.shekharpoint.com/advanced_excel_power_query_online_training/index.html]
[w.shekharpoint.com/videotutorials/view_cart582c.html]
[w.shekharpoint.com/sap_abap_online_training/index.html]
[w.shekharpoint.com/videotutorials/view_cart60c3.html]
[w.shekharpoint.com/sap_c4c_online_training/index.html]
[w.shekharpoint.com/videotutorials/view_cart5688.html]
[w.shekharpoint.com/sap_mm_online_training/index.html]
[w.shekharpoint.com/videotutorials/view_cartf177.html]
[w.shekharpoint.com/javascript_for_beginners/index.html]
[w.shekharpoint.com/videotutorials/assets/videos/courses/519/images/course_519_image.jpg]
[w.shekharpoint.com/laravel_restful_apis_admin_app_docker_open_api_swagger/index.html]
[w.shekharpoint.com/videotutorials/assets/videos/courses/1429/images/course_1429_image.png]
[w.shekharpoint.com/videotutorials/profile/antonio_papa.html]
[w.shekharpoint.com/javascript_online_training/index.html]
[w.shekharpoint.com/videotutorials/assets/videos/courses/171/images/course_171_image.png]
[w.shekharpoint.com/build_a_weather_app_with_python_and_django/index.html]
[w.shekharpoint.com/videotutorials/assets/videos/courses/1452/images/course_1452_image.jpg]
[w.shekharpoint.com/videotutorials/profile/john_elder.html]
[w.shekharpoint.com/the_complete_git_and_github_2020_course_beginner_to_advanced/index.html]
[w.shekharpoint.com/videotutorials/assets/videos/courses/1446/images/course_1446_image.jpg]
[w.shekharpoint.com/videotutorials/profile/fettah_ben-21271230.html]
[w.shekharpoint.com/database_management_systems_mysql/index.html]
[w.shekharpoint.com/videotutorials/assets/videos/courses/977/images/course_977_image.png]
[w.shekharpoint.com/videotutorials/profile/datahill_solutions_srinivas_reddy.html]
[w.shekharpoint.com/learn_database_design_with_mysql/index.html]
[w.shekharpoint.com/videotutorials/assets/videos/courses/827/images/course_827_image.jpg]
[w.shekharpoint.com/the_complete_front_end_web_development_course/index.html]
[w.shekharpoint.com/videotutorials/assets/videos/courses/1294/images/course_1294_image.jpg]
[w.shekharpoint.com/videotutorials/profile/joseph_delgadillo.html]
[w.shekharpoint.com/learn_python_in_a_day_with_6_projects/index.html]
[w.shekharpoint.com/videotutorials/assets/videos/courses/1065/images/course_1065_image.jpg]
[w.shekharpoint.com/videotutorials/profile/jack_chan.html]
[w.shekharpoint.com/complete_python_and_java_programming_bootcamp/index.html]
[w.shekharpoint.com/videotutorials/assets/videos/courses/1419/images/course_1419_image.jpg]
[w.shekharpoint.com/videotutorials/profile/pranjal_srivastava.html]
[w.shekharpoint.com/python_3_from_scratch_to_become_a_developer_in_demand/index.html]
[w.shekharpoint.com/videotutorials/assets/videos/courses/518/images/course_518_image.png]
[w.shekharpoint.com/android_retrofit_complete_course_in_kotlin/index.html]
[w.shekharpoint.com/videotutorials/assets/videos/courses/1274/images/course_1274_image.png]
[w.shekharpoint.com/videotutorials/profile/catalin_stefan.html]
[w.shekharpoint.com/python_bootcamp_2020_build_15_working_applications_and_games/index.html]
[w.shekharpoint.com/videotutorials/assets/videos/courses/1175/images/course_1175_image.png]
[w.shekharpoint.com/complete_modern_cplusplus/index.html]
[w.shekharpoint.com/videotutorials/assets/videos/courses/1408/images/course_1408_image.jpg]
[w.shekharpoint.com/videotutorials/profile/umar_lone.html]
[w.shekharpoint.com/shell_scripting_discover_how_to_automate_command_line_tasks/index.html]
[w.shekharpoint.com/videotutorials/assets/videos/courses/1522/images/course_1522_image.jpg]
[w.shekharpoint.com/videotutorials/profile/jason_cannon.html]
[w.shekharpoint.com/the_complete_python_3_course_beginner_to_advanced/index.html]
[w.shekharpoint.com/videotutorials/assets/videos/courses/1303/images/course_1303_image.jpg]
[w.shekharpoint.com/ethical_hacking_penetration_testing_and_bug_bounty_hunting-155758/index.html]
[w.shekharpoint.com/videotutorials/assets/videos/courses/1557/images/course_1557_image.jpg]
[w.shekharpoint.com/videotutorials/profile/rohit_gautam.html]
[w.shekharpoint.com/tj_walkerandhash039_s_1_hour_public_speaking_presentation_skills_class/index.html]
[w.shekharpoint.com/videotutorials/assets/videos/courses/803/images/course_803_image.png]
[w.shekharpoint.com/videotutorials/profile/tj_walker.html]
[w.shekharpoint.com/devops_project_devops_ci_cd_pipeline_with_jenkins_ansible_docker_kubernetes_on_aws/index.html]
[w.shekharpoint.com/videotutorials/assets/videos/courses/578/images/course_578_image.png]
[w.shekharpoint.com/videotutorials/profile/ar_shankar.html]
[w.shekharpoint.com/videotutorials/assets/videos/courses/866/images/course_866_image.jpg]
[w.shekharpoint.com/videotutorials/assets/videos/courses/878/images/course_878_image.jpg]
[w.shekharpoint.com/develop_restful_java_web_services_using_jax_rs_and_jersey/index.html]
[w.shekharpoint.com/videotutorials/assets/videos/courses/887/images/course_887_image.png]
[w.shekharpoint.com/videotutorials/profile/vinod_kumar_kayartaya.html]
[w.shekharpoint.com/machine_learning_using_r_and_python/index.html]
[w.shekharpoint.com/videotutorials/assets/videos/courses/919/images/course_919_image.png]
[w.shekharpoint.com/videotutorials/featured-courses2679.html]
[w.shekharpoint.com/videotutorials/featured-courses4658.html]
[w.shekharpoint.com/videotutorials/featured-courses9ba9.html]
[w.shekharpoint.com/videotutorials/featured-coursesfdb0.html]
[w.shekharpoint.com/videotutorials/featured-coursesaf4d.html]
[w.shekharpoint.com/videotutorials/featured-coursesc575.html]
[w.shekharpoint.com/videotutorials/featured-courses235c.html]
[w.shekharpoint.com/videotutorials/featured-courses.html]
[w.shekharpoint.com/videotutorials/featured-courses96d9.html]
[w.shekharpoint.com/mastering_microsoft_power_bi/index.html]
[w.shekharpoint.com/videotutorials/view_cartbea7.html]
[w.shekharpoint.com/learn_nodejs_step_by_step/index.html]
[w.shekharpoint.com/videotutorials/assets/videos/courses/1883/images/course_1883_image26ad.jpg]
[w.shekharpoint.com/angular_interview_q_and_a_series/index.html]
[w.shekharpoint.com/videotutorials/assets/videos/courses/1176/images/course_1176_image26ad.jpg]
[w.shekharpoint.com/net_fundamentals_questions_and_answers/index.html]
[w.shekharpoint.com/videotutorials/assets/videos/courses/1186/images/course_1186_image26ad.png]
[w.shekharpoint.com/microsoft_azure_tutorials_step_by_step/index.html]
[w.shekharpoint.com/videotutorials/profile/shivprasad_koirala.html]
[w.shekharpoint.com/videotutorials/view_cart96d6.html]
[w.shekharpoint.com/videotutorials/assets/videos/courses/2027/images/course_2027_image76cc.jpg]
[w.shekharpoint.com/google_data_studio_a_z_for_data_visualization_and_dashboards/index.html]
[w.shekharpoint.com/videotutorials/assets/videos/courses/1180/images/course_1180_image76cc.jpg]
[w.shekharpoint.com/time_series_analysis_and_forecasting_using_python/index.html]
[w.shekharpoint.com/videotutorials/assets/videos/courses/1143/images/course_1143_image76cc.jpg]
[w.shekharpoint.com/zero_to_hero_in_microsoft_excel_complete_excel_guide_2019/index.html]
[w.shekharpoint.com/videotutorials/profile/abhishek_and_pukhraj-14426528.html]
[w.shekharpoint.com/videotutorials/view_cart46b0.html]
[w.shekharpoint.com/videotutorials/assets/videos/courses/589/images/course_589_image3725.jpg]
[w.shekharpoint.com/knime_crash_course/index.html]
[w.shekharpoint.com/videotutorials/assets/videos/courses/532/images/course_532_image3725.jpg]
[w.shekharpoint.com/advanced_excel_crash_course/index.html]
[w.shekharpoint.com/videotutorials/profile/yodalearning.html]
[w.shekharpoint.com/videotutorials/view_cart5721.html]
[w.shekharpoint.com/videotutorials/assets/videos/courses/2027/images/course_2027_image7511.jpg]
[w.shekharpoint.com/videotutorials/assets/videos/courses/1180/images/course_1180_image7511.jpg]
[w.shekharpoint.com/videotutorials/assets/videos/courses/1143/images/course_1143_image7511.jpg]
[w.shekharpoint.com/microsoft_excel_masterclass_for_business_managers/index.html]
[w.shekharpoint.com/videotutorials/view_cart2cfc.html]
[w.shekharpoint.com/videotutorials/assets/videos/courses/599/images/course_599_image259a.jpg]
[w.shekharpoint.com/videotutorials/assets/videos/courses/532/images/course_532_image259a.jpg]
[w.shekharpoint.com/excel_dashboard_crash_course/index.html]
[w.shekharpoint.com/videotutorials/view_cart21ef.html]
[w.shekharpoint.com/videotutorials/profile/prof_paul_cline_ed_d.html]
[w.shekharpoint.com/videotutorials/profile/abhilash_nelson.html]
[w.shekharpoint.com/videotutorials/profile/frahaan_hussain.html]
[w.shekharpoint.com/videotutorials/profile/digifisk_programming_is_fun.html]
[w.shekharpoint.com/videotutorials/profile/Pavan-Lalwani.html]
[w.shekharpoint.com/videotutorials/profile/eduonix_learning_solutions.html]
[w.shekharpoint.com/videotutorials/profile/lets_kode_it.html]
[w.shekharpoint.com/videotutorials/profile/senol_atac.html]
[w.shekharpoint.com/videotutorials/profile/inf_sid.html]
[w.shekharpoint.com/bitcoin/images/logo.png]
[w.shekharpoint.com/bitcoin/images/bitcoin-mini-logo.jpg]
[w.shekharpoint.com/bitcoin/bitcoin_introduction.html]
[w.shekharpoint.com/bitcoin/bitcoin_environmental_setup.html]
[w.shekharpoint.com/bitcoin/bitcoin_blockchain_technology.html]
[w.shekharpoint.com/bitcoin/bitcoin_cryptocurrencies.html]
[w.shekharpoint.com/bitcoin/bitcoin_features.html]
[w.shekharpoint.com/bitcoin/bitcoin_how_do_they_work.html]
[w.shekharpoint.com/bitcoin/bitcoin_wallet.html]
[w.shekharpoint.com/bitcoin/bitcoin_mining.html]
[w.shekharpoint.com/bitcoin/bitcoin_exchanges.html]
[w.shekharpoint.com/bitcoin/bitcoin_trading.html]
[w.shekharpoint.com/bitcoin/bitcoin_glossary.html]
[w.shekharpoint.com/bitcoin/bitcoin_applications.html]
[w.shekharpoint.com/bitcoin/bitcoin_future.html]
[w.shekharpoint.com/bitcoin/bitcoin_quick_guide.html]
[w.shekharpoint.com/bitcoin/bitcoin_useful_resources.html]
[w.shekharpoint.com/bitcoin/bitcoin_discussion.html]
[w.shekharpoint.com/bitcoin/images/bitcoin.jpg]
[w.shekharpoint.com/bitcoin/bitcoin_pdf_version.html]
[w.shekharpoint.com/bitcoin/index.html]
[w.shekharpoint.com/blockchain/images/logo.png]
[w.shekharpoint.com/blockchain/images/blockchain-mini-logo.jpg]
[w.shekharpoint.com/blockchain/blockchain_introduction.html]
[w.shekharpoint.com/blockchain/blockchain_double_spending.html]
[w.shekharpoint.com/blockchain/bitcoin_brief_history.html]
[w.shekharpoint.com/blockchain/blockchain_public_key_cryptography.html]
[w.shekharpoint.com/blockchain/blockchain_hashing.html]
[w.shekharpoint.com/blockchain/bitcoin_mining.html]
[w.shekharpoint.com/blockchain/blockchain_chaining_blocks.html]
[w.shekharpoint.com/blockchain/blockchain_proof_of_work.html]
[w.shekharpoint.com/blockchain/blockchain_network_and_mining.html]
[w.shekharpoint.com/blockchain/blockchain_incentives_to_miners.html]
[w.shekharpoint.com/blockchain/blockchain_merkle_tree.html]
[w.shekharpoint.com/blockchain/blockchain_payment_verification.html]
[w.shekharpoint.com/blockchain/blockchain_resolving_conflicts.html]
[w.shekharpoint.com/blockchain/blockchain_privacy.html]
[w.shekharpoint.com/blockchain/bitcoin_mitigating_attacks.html]
[w.shekharpoint.com/blockchain/blockchain_conclusion.html]
[w.shekharpoint.com/blockchain/blockchain_quick_guide.html]
[w.shekharpoint.com/blockchain/blockchain_useful_resources.html]
[w.shekharpoint.com/blockchain/blockchain_discussion.html]
[w.shekharpoint.com/blockchain/images/blockchain.jpg]
[w.shekharpoint.com/blockchain/index.html]
[w.shekharpoint.com/blue_prism/images/logo.png]
[w.shekharpoint.com/blue_prism/images/blueprism-logo.jpg]
[w.shekharpoint.com/blue_prism/blue_prism_introduction_to_rpa.html]
[w.shekharpoint.com/blue_prism/blue_prism_introduction.html]
[w.shekharpoint.com/blue_prism/blue_prism_object_studio.html]
[w.shekharpoint.com/blue_prism/blue_prism_application_modeller.html]
[w.shekharpoint.com/blue_prism/blue_prism_process_studio.html]
[w.shekharpoint.com/blue_prism/blue_prism_exceptions_handling.html]
[w.shekharpoint.com/blue_prism/blue_prism_work_queues.html]
[w.shekharpoint.com/blue_prism/blue_prism_credentials_manager.html]
[w.shekharpoint.com/blue_prism/blue_prism_user_role_log_management.html]
[w.shekharpoint.com/blue_prism/blue_prism_email_surface_automation.html]
[w.shekharpoint.com/blue_prism/blue_prism_schedule_management.html]
[w.shekharpoint.com/blue_prism/blue_prism_quick_guide.html]
[w.shekharpoint.com/blue_prism/blue_prism_useful_resources.html]
[w.shekharpoint.com/blue_prism/blue_prism_discussion.html]
[w.shekharpoint.com/blue_prism/images/blueprism.jpg]
[w.shekharpoint.com/blue_prism/blue_prism_pdf_version.html]
[w.shekharpoint.com/blue_prism/index.html]
[w.shekharpoint.com/ethereum/images/logo.png]
[w.shekharpoint.com/ethereum/images/ethereum-mini-logo.jpg]
[w.shekharpoint.com/ethereum/ethereum_introduction.html]
[w.shekharpoint.com/ethereum/ethereum_smart_contracts.html]
[w.shekharpoint.com/ethereum/ethereum_solidity_for_contract_writing.html]
[w.shekharpoint.com/ethereum/ethereum_developing_mycontract.html]
[w.shekharpoint.com/ethereum/ethereum_compiling_contract.html]
[w.shekharpoint.com/ethereum/ethereum_deploying_the_contract.html]
[w.shekharpoint.com/ethereum/ethereum_interacting_contract.html]
[w.shekharpoint.com/ethereum/ethereum_limitations_of_remix.html]
[w.shekharpoint.com/ethereum/ethereum_ganache_for_blockchain.html]
[w.shekharpoint.com/ethereum/ethereum_ganache_server_settings.html]
[w.shekharpoint.com/ethereum/ethereum_quick_walkthrough.html]
[w.shekharpoint.com/ethereum/ethereum_myetherwallet.html]
[w.shekharpoint.com/ethereum/ethereum_creating_wallet.html]
[w.shekharpoint.com/ethereum/ethereum_attaching_wallet_to_ganache_blockchain.html]
[w.shekharpoint.com/ethereum/ethereum_deploying_contract.html]
[w.shekharpoint.com/ethereum/ethereum_interacting_with_deployed_contract.html]
[w.shekharpoint.com/ethereum/ethereum_creating_contract_users.html]
[w.shekharpoint.com/ethereum/ethereum_summary.html]
[w.shekharpoint.com/ethereum/ethereum_quick_guide.html]
[w.shekharpoint.com/ethereum/ethereum_useful_resources.html]
[w.shekharpoint.com/ethereum/ethereum_discussion.html]
[w.shekharpoint.com/ethereum/images/ethereum.jpg]
[w.shekharpoint.com/ethereum/ethereum_pdf_version.html]
[w.shekharpoint.com/ethereum/index.html]
[w.shekharpoint.com/openshift/images/logo.png]
[w.shekharpoint.com/openshift/images/openshift-mini-logo.jpg]
[w.shekharpoint.com/openshift/openshift_overview.html]
[w.shekharpoint.com/openshift/openshift_types.html]
[w.shekharpoint.com/openshift/openshift_architecture.html]
[w.shekharpoint.com/openshift/openshift_environment_setup.html]
[w.shekharpoint.com/openshift/openshift_basic_concept.html]
[w.shekharpoint.com/openshift/openshift_getting_started.html]
[w.shekharpoint.com/openshift/openshift_build_automation.html]
[w.shekharpoint.com/openshift/openshift_cli.html]
[w.shekharpoint.com/openshift/openshift_cli_operations.html]
[w.shekharpoint.com/openshift/openshift_clusters.html]
[w.shekharpoint.com/openshift/openshift_application_scaling.html]
[w.shekharpoint.com/openshift/openshift_administration.html]
[w.shekharpoint.com/openshift/openshift_docker_and_kubernetes.html]
[w.shekharpoint.com/openshift/openshift_security.html]
[w.shekharpoint.com/openshift/openshift_quick_guide.html]
[w.shekharpoint.com/openshift/openshift_useful_resources.html]
[w.shekharpoint.com/openshift/openshift_discussion.html]
[w.shekharpoint.com/openshift/images/openshift.jpg]
[w.shekharpoint.com/openshift/openshift_pdf_version.html]
[w.shekharpoint.com/openshift/index.html]
[w.shekharpoint.com/python_blockchain/images/logo.png]
[w.shekharpoint.com/python_blockchain/images/python-blockchain-mini-logo.jpg]
[w.shekharpoint.com/python_blockchain/python_blockchain_introduction.html]
[w.shekharpoint.com/python_blockchain/python_blockchain_developing_client.html]
[w.shekharpoint.com/python_blockchain/python_blockchain_client_class.html]
[w.shekharpoint.com/python_blockchain/python_blockchain_transaction_class.html]
[w.shekharpoint.com/python_blockchain/python_blockchain_creating_multiple_transactions.html]
[w.shekharpoint.com/python_blockchain/python_blockchain_block_class.html]
[w.shekharpoint.com/python_blockchain/python_blockchain_creating_genesis_block.html]
[w.shekharpoint.com/python_blockchain/python_creating_blockchain.html]
[w.shekharpoint.com/python_blockchain/python_blockchain_adding_genesis_block.html]
[w.shekharpoint.com/python_blockchain/python_blockchain_creating_miners.html]
[w.shekharpoint.com/python_blockchain/python_blockchain_adding_blocks.html]
[w.shekharpoint.com/python_blockchain/python_blockchain_scope_and_conclusion.html]
[w.shekharpoint.com/python_blockchain/python_blockchain_quick_guide.html]
[w.shekharpoint.com/python_blockchain/python_blockchain_useful_resources.html]
[w.shekharpoint.com/python_blockchain/python_blockchain_discussion.html]
[w.shekharpoint.com/python_blockchain/images/python-blockchain.jpg]
[w.shekharpoint.com/python_blockchain/python_blockchain_pdf_version.html]
[w.shekharpoint.com/python_blockchain/index.html]
[w.shekharpoint.com/machine_learning/images/logo.png]
[cdn.mathjax.org/mathjax/latest/MathJaxdda6.js]
[w.shekharpoint.com/machine_learning/images/machine-learning-mini-logo.jpg]
[w.shekharpoint.com/machine_learning/machine_learning_introduction.html]
[w.shekharpoint.com/machine_learning/machine_learning_what_todays_ai_can_do.html]
[w.shekharpoint.com/machine_learning/machine_learning_traditional_ai.html]
[w.shekharpoint.com/machine_learning/what_is_machine_learning.html]
[w.shekharpoint.com/machine_learning/machine_learning_categories.html]
[w.shekharpoint.com/machine_learning/machine_learning_supervised.html]
[w.shekharpoint.com/machine_learning/machine_learning_scikit_learn_algorithm.html]
[w.shekharpoint.com/machine_learning/machine_learning_unsupervised.html]
[w.shekharpoint.com/machine_learning/machine_learning_artificial_neural_networks.html]
[w.shekharpoint.com/machine_learning/deep_machine_learning.html]
[w.shekharpoint.com/machine_learning/machine_learning_skills.html]
[w.shekharpoint.com/machine_learning/machine_learning_implementing.html]
[w.shekharpoint.com/machine_learning/machine_learning_conclusion.html]
[w.shekharpoint.com/machine_learning/machine_learning_quick_guide.html]
[w.shekharpoint.com/machine_learning/machine_learning_useful_resources.html]
[w.shekharpoint.com/machine_learning/machine_learning_discussion.html]
[w.shekharpoint.com/machine_learning/images/machine-learning.jpg]
[w.shekharpoint.com/machine_learning/machine_learning_pdf_version.html]
[w.shekharpoint.com/machine_learning/index.html]
[w.shekharpoint.com/tensorflow/images/logo.png]
[w.shekharpoint.com/tensorflow/images/tensorflow-mini-logo.jpg]
[w.shekharpoint.com/tensorflow/tensorflow_introduction.html]
[w.shekharpoint.com/tensorflow/tensorflow_installation.html]
[w.shekharpoint.com/tensorflow/tensorflow_understanding_artificial_intelligence.html]
[w.shekharpoint.com/tensorflow/tensorflow_mathematical_foundations.html]
[w.shekharpoint.com/tensorflow/tensorflow_machine_learning_deep_learning.html]
[w.shekharpoint.com/tensorflow/tensorflow_basics.html]
[w.shekharpoint.com/tensorflow/tensorflow_convolutional_neural_networks.html]
[w.shekharpoint.com/tensorflow/tensorflow_recurrent_neural_networks.html]
[w.shekharpoint.com/tensorflow/tensorflow_tensorboard_visualization.html]
[w.shekharpoint.com/tensorflow/tensorflow_word_embedding.html]
[w.shekharpoint.com/tensorflow/tensorflow_single_layer_perceptron.html]
[w.shekharpoint.com/tensorflow/tensorflow_linear_regression.html]
[w.shekharpoint.com/tensorflow/tensorflow_tflearn_its_installation.html]
[w.shekharpoint.com/tensorflow/tensorflow_cnn_and_rnn_difference.html]
[w.shekharpoint.com/tensorflow/tensorflow_keras.html]
[w.shekharpoint.com/tensorflow/tensorflow_distributed_computing.html]
[w.shekharpoint.com/tensorflow/tensorflow_exporting.html]
[w.shekharpoint.com/tensorflow/tensorflow_multi_layer_perceptron_learning.html]
[w.shekharpoint.com/tensorflow/tensorflow_hidden_layers_of_perceptron.html]
[w.shekharpoint.com/tensorflow/tensorflow_optimizers.html]
[w.shekharpoint.com/tensorflow/tensorflow_xor_implementation.html]
[w.shekharpoint.com/tensorflow/tensorflow_gradient_descent_optimization.html]
[w.shekharpoint.com/tensorflow/tensorflow_forming_graphs.html]
[w.shekharpoint.com/tensorflow/image_recognition_using_tensorflow.html]
[w.shekharpoint.com/tensorflow/tensorflow_recommendations_for_neural_network_training.html]
[w.shekharpoint.com/tensorflow/tensorflow_quick_guide.html]
[w.shekharpoint.com/tensorflow/tensorflow_useful_resources.html]
[w.shekharpoint.com/tensorflow/tensorflow_discussion.html]
[w.shekharpoint.com/tensorflow/images/tensorflow.jpg]
[w.shekharpoint.com/tensorflow/tensorflow_pdf_version.html]
[w.shekharpoint.com/tensorflow/index.html]
[w.shekharpoint.com/machine_learning_with_python/images/logo.png]
[w.shekharpoint.com/machine_learning_with_python/images/machine-learning-with-python-mini-logo.jpg]
[w.shekharpoint.com/machine_learning_with_python/machine_learning_with_python_basics.html]
[w.shekharpoint.com/machine_learning_with_python/machine_learning_with_python_ecosystem.html]
[w.shekharpoint.com/machine_learning_with_python/machine_learning_with_python_methods.html]
[w.shekharpoint.com/machine_learning_with_python/machine_learning_with_python_data_loading_for_ml_projects.html]
[w.shekharpoint.com/machine_learning_with_python/machine_learning_with_python_understanding_data_with_statistics.html]
[w.shekharpoint.com/machine_learning_with_python/machine_learning_with_python_understanding_data_with_visualization.html]
[w.shekharpoint.com/machine_learning_with_python/machine_learning_with_python_preparing_data.html]
[w.shekharpoint.com/machine_learning_with_python/machine_learning_with_python_data_feature_selection.html]
[w.shekharpoint.com/machine_learning_with_python/classification_introduction.html]
[w.shekharpoint.com/machine_learning_with_python/classification_algorithms_logistic_regression.html]
[w.shekharpoint.com/machine_learning_with_python/classification_algorithms_support_vector_machine.html]
[w.shekharpoint.com/machine_learning_with_python/classification_algorithms_decision_tree.html]
[w.shekharpoint.com/machine_learning_with_python/classification_algorithms_naive_bayes.html]
[w.shekharpoint.com/machine_learning_with_python/classification_algorithms_random_forest.html]
[w.shekharpoint.com/machine_learning_with_python/regression_algorithms_overview.html]
[w.shekharpoint.com/machine_learning_with_python/regression_algorithms_linear_regression.html]
[w.shekharpoint.com/machine_learning_with_python/clustering_algorithms_overview.html]
[w.shekharpoint.com/machine_learning_with_python/clustering_algorithms_k_means_algorithm.html]
[w.shekharpoint.com/machine_learning_with_python/clustering_algorithms_mean_shift_algorithm.html]
[w.shekharpoint.com/machine_learning_with_python/clustering_algorithms_hierarchical_clustering.html]
[w.shekharpoint.com/machine_learning_with_python/knn_algorithm_finding_nearest_neighbors.html]
[w.shekharpoint.com/machine_learning_with_python/machine_learning_algorithms_performance_metrics.html]
[w.shekharpoint.com/machine_learning_with_python/machine_learning_with_pipelines_automatic_workflows.html]
[w.shekharpoint.com/machine_learning_with_python/machine_learning_improving_performance_of_ml_models.html]
[w.shekharpoint.com/machine_learning_with_python/machine_learning_improving_performance_of_ml_model.html]
[w.shekharpoint.com/machine_learning_with_python/machine_learning_with_python_quick_guide.html]
[w.shekharpoint.com/machine_learning_with_python/machine_learning_with_python_useful_resources.html]
[w.shekharpoint.com/machine_learning_with_python/machine_learning_with_python_discussion.html]
[w.shekharpoint.com/machine_learning_with_python/images/machine-learning-with-python.jpg]
[w.shekharpoint.com/machine_learning_with_python/machine_learning_with_python_pdf_version.html]
[w.shekharpoint.com/machine_learning_with_python/index.html]
[w.shekharpoint.com/artificial_intelligence_with_python/images/logo.png]
[w.shekharpoint.com/artificial_intelligence_with_python/images/artificial-intelligence-with-python-mini-logo.jpg]
[w.shekharpoint.com/artificial_intelligence_with_python/artificial_intelligence_with_python_primer_concepts.html]
[w.shekharpoint.com/artificial_intelligence_with_python/artificial_intelligence_with_python_getting_started.html]
[w.shekharpoint.com/artificial_intelligence_with_python/artificial_intelligence_with_python_machine_learning.html]
[w.shekharpoint.com/artificial_intelligence_with_python/artificial_intelligence_with_python_data_preparation.html]
[w.shekharpoint.com/artificial_intelligence_with_python/artificial_intelligence_with_python_supervised_learning_classification.html]
[w.shekharpoint.com/artificial_intelligence_with_python/artificial_intelligence_with_python_supervised_learning_regression.html]
[w.shekharpoint.com/artificial_intelligence_with_python/artificial_intelligence_with_python_logic_programming.html]
[w.shekharpoint.com/artificial_intelligence_with_python/artificial_intelligence_with_python_unsupervised_learning_clustering.html]
[w.shekharpoint.com/artificial_intelligence_with_python/artificial_intelligence_with_python_natural_language_processing.html]
[w.shekharpoint.com/artificial_intelligence_with_python/artificial_intelligence_with_python_nltk_package.html]
[w.shekharpoint.com/artificial_intelligence_with_python/artificial_intelligence_with_python_analyzing_time_series_data.html]
[w.shekharpoint.com/artificial_intelligence_with_python/artificial_intelligence_with_python_speech_recognition.html]
[w.shekharpoint.com/artificial_intelligence_with_python/artificial_intelligence_with_python_heuristic_search.html]
[w.shekharpoint.com/artificial_intelligence_with_python/artificial_intelligence_with_python_gaming.html]
[w.shekharpoint.com/artificial_intelligence_with_python/artificial_intelligence_with_python_neural_networks.html]
[w.shekharpoint.com/artificial_intelligence_with_python/artificial_intelligence_with_python_reinforcement_learning.html]
[w.shekharpoint.com/artificial_intelligence_with_python/artificial_intelligence_with_python_genetic_algorithms.html]
[w.shekharpoint.com/artificial_intelligence_with_python/artificial_intelligence_with_python_computer_vision.html]
[w.shekharpoint.com/artificial_intelligence_with_python/artificial_intelligence_with_python_deep_learning.html]
[w.shekharpoint.com/artificial_intelligence_with_python/artificial_intelligence_with_python_quick_guide.html]
[w.shekharpoint.com/artificial_intelligence_with_python/artificial_intelligence_with_python_useful_resources.html]
[w.shekharpoint.com/artificial_intelligence_with_python/artificial_intelligence_with_python_discussion.html]
[w.shekharpoint.com/artificial_intelligence_with_python/images/artificial-intelligence-with-python.jpg]
[w.shekharpoint.com/artificial_intelligence_with_python/artificial_intelligence_with_python_pdf_version.html]
[w.shekharpoint.com/artificial_intelligence_with_python/index.html]
[w.shekharpoint.com/time_series/images/logo.png]
[w.shekharpoint.com/time_series/images/time-series-mini-logo.jpg]
[w.shekharpoint.com/time_series/time_series_introduction.html]
[w.shekharpoint.com/time_series/time_series_programming_languages.html]
[w.shekharpoint.com/time_series/time_series_python_libraries.html]
[w.shekharpoint.com/time_series/time_series_data_processing_and_visualization.html]
[w.shekharpoint.com/time_series/time_series_modeling.html]
[w.shekharpoint.com/time_series/time_series_parameter_calibration.html]
[w.shekharpoint.com/time_series/time_series_naive_methods.html]
[w.shekharpoint.com/time_series/time_series_server_auto_regression.html]
[w.shekharpoint.com/time_series/time_series_moving_average.html]
[w.shekharpoint.com/time_series/time_series_arima.html]
[w.shekharpoint.com/time_series/time_series_variations_of_arima.html]
[w.shekharpoint.com/time_series/time_series_exponential_smoothing.html]
[w.shekharpoint.com/time_series/time_series_walk_forward_validation.html]
[w.shekharpoint.com/time_series/time_series_prophet_model.html]
[w.shekharpoint.com/time_series/time_series_lstm_model.html]
[w.shekharpoint.com/time_series/time_series_error_metrics.html]
[w.shekharpoint.com/time_series/time_series_applications.html]
[w.shekharpoint.com/time_series/time_series_further_scope.html]
[w.shekharpoint.com/time_series/time_series_quick_guide.html]
[w.shekharpoint.com/time_series/time_series_useful_resources.html]
[w.shekharpoint.com/time_series/time_series_discussion.html]
[w.shekharpoint.com/time_series/images/time-series.jpg]
[w.shekharpoint.com/time_series/time_series_pdf_version.html]
[w.shekharpoint.com/time_series/index.html]
[w.shekharpoint.com/pytorch/images/logo.png]
[w.shekharpoint.com/pytorch/images/pytorch-mini-logo.jpg]
[w.shekharpoint.com/pytorch/pytorch_introduction.html]
[w.shekharpoint.com/pytorch/pytorch_installation.html]
[w.shekharpoint.com/pytorch/pytorch_mathematical_building_blocks_of_neural_networks.html]
[w.shekharpoint.com/pytorch/pytorch_neural_network_basics.html]
[w.shekharpoint.com/pytorch/pytorch_universal_workflow_of_machine_learning.html]
[w.shekharpoint.com/pytorch/pytorch_machine_learning_vs_deep_learning.html]
[w.shekharpoint.com/pytorch/pytorch_implementing_first_neural_network.html]
[w.shekharpoint.com/pytorch/pytorch_neural_networks_to_functional_blocks.html]
[w.shekharpoint.com/pytorch/pytorch_terminologies.html]
[w.shekharpoint.com/pytorch/pytorch_loading_data.html]
[w.shekharpoint.com/pytorch/pytorch_linear_regression.html]
[w.shekharpoint.com/pytorch/pytorch_convolutional_neural_network.html]
[w.shekharpoint.com/pytorch/pytorch_recurrent_neural_network.html]
[w.shekharpoint.com/pytorch/pytorch_datasets.html]
[w.shekharpoint.com/pytorch/pytorch_introduction_to_convents.html]
[w.shekharpoint.com/pytorch/pytorch_training_a_convent_from_scratch.html]
[w.shekharpoint.com/pytorch/pytorch_feature_extraction_in_convents.html]
[w.shekharpoint.com/pytorch/pytorch_visualization_of_convents.html]
[w.shekharpoint.com/pytorch/pytorch_sequence_processing_with_convents.html]
[w.shekharpoint.com/pytorch/pytorch_word_embedding.html]
[w.shekharpoint.com/pytorch/pytorch_recursive_neural_networks.html]
[w.shekharpoint.com/pytorch/pytorch_quick_guide.html]
[w.shekharpoint.com/pytorch/pytorch_useful_resources.html]
[w.shekharpoint.com/pytorch/pytorch_discussion.html]
[w.shekharpoint.com/pytorch/images/pytorch.jpg]
[w.shekharpoint.com/pytorch/pytorch_pdf_version.html]
[w.shekharpoint.com/pytorch/index.html]
[w.shekharpoint.com/computer_fundamentals/images/logo.png]
[w.shekharpoint.com/computer_fundamentals/images/computer-mini-logo.jpg]
[w.shekharpoint.com/computer_fundamentals/computer_overview.html]
[w.shekharpoint.com/computer_fundamentals/computer_applications.html]
[w.shekharpoint.com/computer_fundamentals/computer_generations.html]
[w.shekharpoint.com/computer_fundamentals/computer_types.html]
[w.shekharpoint.com/computer_fundamentals/computer_components.html]
[w.shekharpoint.com/computer_fundamentals/computer_cpu.html]
[w.shekharpoint.com/computer_fundamentals/computer_input_devices.html]
[w.shekharpoint.com/computer_fundamentals/computer_output_devices.html]
[w.shekharpoint.com/computer_fundamentals/computer_memory.html]
[w.shekharpoint.com/computer_fundamentals/computer_ram.html]
[w.shekharpoint.com/computer_fundamentals/computer_rom.html]
[w.shekharpoint.com/computer_fundamentals/computer_motherboard.html]
[w.shekharpoint.com/computer_fundamentals/computer_memory_units.html]
[w.shekharpoint.com/computer_fundamentals/computer_ports.html]
[w.shekharpoint.com/computer_fundamentals/computer_hardware.html]
[w.shekharpoint.com/computer_fundamentals/computer_software.html]
[w.shekharpoint.com/computer_fundamentals/computer_number_system.html]
[w.shekharpoint.com/computer_fundamentals/computer_number_conversion.html]
[w.shekharpoint.com/computer_fundamentals/computer_data.html]
[w.shekharpoint.com/computer_fundamentals/computer_networking.html]
[w.shekharpoint.com/computer_fundamentals/computer_operating_system.html]
[w.shekharpoint.com/computer_fundamentals/computer_internet_intranet.html]
[w.shekharpoint.com/computer_fundamentals/computer_how_to_buy.html]
[w.shekharpoint.com/computer_fundamentals/computer_available_courses.html]
[w.shekharpoint.com/computer_fundamentals/computer_quick_guide.html]
[w.shekharpoint.com/computer_fundamentals/computer_useful_resources.html]
[w.shekharpoint.com/computer_fundamentals/computer_discussion.html]
[w.shekharpoint.com/computer_fundamentals/images/computer_fundamentals.jpg]
[w.shekharpoint.com/computer_fundamentals/computer_fundamentals_pdf_version.html]
[w.shekharpoint.com/computer_fundamentals/index.html]
[w.shekharpoint.com/compiler_design/images/logo.png]
[w.shekharpoint.com/compiler_design/images/compiler-design-mini-logo.jpg]
[w.shekharpoint.com/compiler_design/index-2.html]
[w.shekharpoint.com/compiler_design/images/compiler-design-video-tutorials.jpg]
[w.shekharpoint.com/compiler_design/compiler_design_overview.html]
[w.shekharpoint.com/compiler_design/compiler_design_architecture.html]
[w.shekharpoint.com/compiler_design/compiler_design_phases_of_compiler.html]
[w.shekharpoint.com/compiler_design/compiler_design_lexical_analysis.html]
[w.shekharpoint.com/compiler_design/compiler_design_regular_expressions.html]
[w.shekharpoint.com/compiler_design/compiler_design_finite_automata.html]
[w.shekharpoint.com/compiler_design/compiler_design_syntax_analysis.html]
[w.shekharpoint.com/compiler_design/compiler_design_types_of_parsing.html]
[w.shekharpoint.com/compiler_design/compiler_design_top_down_parser.html]
[w.shekharpoint.com/compiler_design/compiler_design_bottom_up_parser.html]
[w.shekharpoint.com/compiler_design/compiler_design_error_recovery.html]
[w.shekharpoint.com/compiler_design/compiler_design_semantic_analysis.html]
[w.shekharpoint.com/compiler_design/compiler_design_runtime_environment.html]
[w.shekharpoint.com/compiler_design/compiler_design_symbol_table.html]
[w.shekharpoint.com/compiler_design/compiler_design_intermediate_code_generations.html]
[w.shekharpoint.com/compiler_design/compiler_design_code_generation.html]
[w.shekharpoint.com/compiler_design/compiler_design_code_optimization.html]
[w.shekharpoint.com/compiler_design/compiler_design_quick_guide.html]
[w.shekharpoint.com/compiler_design/compiler_design_useful_resources.html]
[w.shekharpoint.com/compiler_design/compiler_design_discussion.html]
[w.shekharpoint.com/compiler_design/images/compiler-design.jpg]
[w.shekharpoint.com/compiler_design/compiler_design_pdf_version.html]
[w.shekharpoint.com/compiler_design/index.html]
[w.shekharpoint.com/operating_system/images/logo.png]
[w.shekharpoint.com/operating_system/images/os-mini-logo.jpg]
[w.shekharpoint.com/operating_system/images/operating-system-video-tutorials.jpg]
[w.shekharpoint.com/operating_system/os_overview.html]
[w.shekharpoint.com/operating_system/os_types.html]
[w.shekharpoint.com/operating_system/os_services.html]
[w.shekharpoint.com/operating_system/os_properties.html]
[w.shekharpoint.com/operating_system/os_processes.html]
[w.shekharpoint.com/operating_system/os_process_scheduling.html]
[w.shekharpoint.com/operating_system/os_process_scheduling_algorithms.html]
[w.shekharpoint.com/operating_system/os_multi_threading.html]
[w.shekharpoint.com/operating_system/os_memory_management.html]
[w.shekharpoint.com/operating_system/os_virtual_memory.html]
[w.shekharpoint.com/operating_system/os_io_hardware.html]
[w.shekharpoint.com/operating_system/os_io_software.html]
[w.shekharpoint.com/operating_system/os_file_system.html]
[w.shekharpoint.com/operating_system/os_security.html]
[w.shekharpoint.com/operating_system/os_linux.html]
[w.shekharpoint.com/operating_system/os_exams_questions_answers.html]
[w.shekharpoint.com/operating_system/os_quick_guide.html]
[w.shekharpoint.com/operating_system/os_useful_resources.html]
[w.shekharpoint.com/operating_system/os_discussion.html]
[w.shekharpoint.com/operating_system/images/operating_system.jpg]
[w.shekharpoint.com/operating_system/os_pdf_version.html]
[w.shekharpoint.com/operating_system/index.html]
[w.shekharpoint.com/data_structures_algorithms/images/logo.png]
[w.shekharpoint.com/data_structures_algorithms/images/data-structure-mini-logo.jpg]
[w.shekharpoint.com/data_structures_algorithms/data_structure_overview.html]
[w.shekharpoint.com/data_structures_algorithms/data_structure_environment.html]
[w.shekharpoint.com/data_structures_algorithms/algorithms_basics.html]
[w.shekharpoint.com/data_structures_algorithms/asymptotic_analysis.html]
[w.shekharpoint.com/data_structures_algorithms/greedy_algorithms.html]
[w.shekharpoint.com/data_structures_algorithms/divide_and_conquer.html]
[w.shekharpoint.com/data_structures_algorithms/dynamic_programming.html]
[w.shekharpoint.com/data_structures_algorithms/data_structures_basics.html]
[w.shekharpoint.com/data_structures_algorithms/array_data_structure.html]
[w.shekharpoint.com/data_structures_algorithms/linked_list_algorithms.html]
[w.shekharpoint.com/data_structures_algorithms/doubly_linked_list_algorithm.html]
[w.shekharpoint.com/data_structures_algorithms/circular_linked_list_algorithm.html]
[w.shekharpoint.com/data_structures_algorithms/stack_algorithm.html]
[w.shekharpoint.com/data_structures_algorithms/expression_parsing.html]
[w.shekharpoint.com/data_structures_algorithms/dsa_queue.html]
[w.shekharpoint.com/data_structures_algorithms/linear_search_algorithm.html]
[w.shekharpoint.com/data_structures_algorithms/binary_search_algorithm.html]
[w.shekharpoint.com/data_structures_algorithms/interpolation_search_algorithm.html]
[w.shekharpoint.com/data_structures_algorithms/hash_data_structure.html]
[w.shekharpoint.com/data_structures_algorithms/sorting_algorithms.html]
[w.shekharpoint.com/data_structures_algorithms/bubble_sort_algorithm.html]
[w.shekharpoint.com/data_structures_algorithms/insertion_sort_algorithm.html]
[w.shekharpoint.com/data_structures_algorithms/selection_sort_algorithm.html]
[w.shekharpoint.com/data_structures_algorithms/merge_sort_algorithm.html]
[w.shekharpoint.com/data_structures_algorithms/shell_sort_algorithm.html]
[w.shekharpoint.com/data_structures_algorithms/quick_sort_algorithm.html]
[w.shekharpoint.com/data_structures_algorithms/graph_data_structure.html]
[w.shekharpoint.com/data_structures_algorithms/depth_first_traversal.html]
[w.shekharpoint.com/data_structures_algorithms/breadth_first_traversal.html]
[w.shekharpoint.com/data_structures_algorithms/tree_data_structure.html]
[w.shekharpoint.com/data_structures_algorithms/tree_traversal.html]
[w.shekharpoint.com/data_structures_algorithms/binary_search_tree.html]
[w.shekharpoint.com/data_structures_algorithms/avl_tree_algorithm.html]
[w.shekharpoint.com/data_structures_algorithms/spanning_tree.html]
[w.shekharpoint.com/data_structures_algorithms/heap_data_structure.html]
[w.shekharpoint.com/data_structures_algorithms/recursion_basics.html]
[w.shekharpoint.com/data_structures_algorithms/tower_of_hanoi.html]
[w.shekharpoint.com/data_structures_algorithms/fibonacci_series.html]
[w.shekharpoint.com/data_structures_algorithms/data_structures_algorithms_questions_answers.html]
[w.shekharpoint.com/data_structures_algorithms/dsa_quick_guide.html]
[w.shekharpoint.com/data_structures_algorithms/dsa_useful_resources.html]
[w.shekharpoint.com/data_structures_algorithms/dsa_discussion.html]
[w.shekharpoint.com/data_structures_algorithms/images/data-structure-algorithm.jpg]
[w.shekharpoint.com/data_structures_algorithms/data_structures_algorithms_pdf_version.html]
[w.shekharpoint.com/data_structures_algorithms/index.html]
[w.shekharpoint.com/dbms/images/logo.png]
[w.shekharpoint.com/dbms/images/dbms-mini-logo.jpg]
[w.shekharpoint.com/dbms/dbms_overview.html]
[w.shekharpoint.com/dbms/dbms_architecture.html]
[w.shekharpoint.com/dbms/dbms_data_models.html]
[w.shekharpoint.com/dbms/dbms_data_schemas.html]
[w.shekharpoint.com/dbms/dbms_data_independence.html]
[w.shekharpoint.com/dbms/er_model_basic_concepts.html]
[w.shekharpoint.com/dbms/er_diagram_representation.html]
[w.shekharpoint.com/dbms/dbms_generalization_aggregation.html]
[w.shekharpoint.com/dbms/dbms_codds_rules.html]
[w.shekharpoint.com/dbms/relational_data_model.html]
[w.shekharpoint.com/dbms/relational_algebra.html]
[w.shekharpoint.com/dbms/er_model_to_relational_model.html]
[w.shekharpoint.com/dbms/sql_overview.html]
[w.shekharpoint.com/dbms/database_normalization.html]
[w.shekharpoint.com/dbms/database_joins.html]
[w.shekharpoint.com/dbms/dbms_storage_system.html]
[w.shekharpoint.com/dbms/dbms_file_structure.html]
[w.shekharpoint.com/dbms/dbms_indexing.html]
[w.shekharpoint.com/dbms/dbms_hashing.html]
[w.shekharpoint.com/dbms/dbms_transaction.html]
[w.shekharpoint.com/dbms/dbms_concurrency_control.html]
[w.shekharpoint.com/dbms/dbms_deadlock.html]
[w.shekharpoint.com/dbms/dbms_data_backup.html]
[w.shekharpoint.com/dbms/dbms_data_recovery.html]
[w.shekharpoint.com/dbms/dbms_quick_guide.html]
[w.shekharpoint.com/dbms/dbms_useful_resources.html]
[w.shekharpoint.com/dbms/dbms_discussion.html]
[w.shekharpoint.com/dbms/images/dbms.jpg]
[w.shekharpoint.com/dbms/dbms_pdf_version.html]
[w.shekharpoint.com/dbms/index.html]
[w.shekharpoint.com/data_communication_computer_network/images/logo.png]
[w.shekharpoint.com/data_communication_computer_network/images/dcn-mini-logo.jpg]
[w.shekharpoint.com/data_communication_computer_network/data_communication_computer_network_overview.html]
[w.shekharpoint.com/data_communication_computer_network/computer_network_types.html]
[w.shekharpoint.com/data_communication_computer_network/network_lan_technologies.html]
[w.shekharpoint.com/data_communication_computer_network/computer_network_topologies.html]
[w.shekharpoint.com/data_communication_computer_network/computer_network_models.html]
[w.shekharpoint.com/data_communication_computer_network/computer_network_security.html]
[w.shekharpoint.com/data_communication_computer_network/physical_layer_introduction.html]
[w.shekharpoint.com/data_communication_computer_network/digital_transmission.html]
[w.shekharpoint.com/data_communication_computer_network/analog_transmission.html]
[w.shekharpoint.com/data_communication_computer_network/transmission_media.html]
[w.shekharpoint.com/data_communication_computer_network/wireless_transmission.html]
[w.shekharpoint.com/data_communication_computer_network/physical_layer_multiplexing.html]
[w.shekharpoint.com/data_communication_computer_network/physical_layer_switching.html]
[w.shekharpoint.com/data_communication_computer_network/data_link_layer_introduction.html]
[w.shekharpoint.com/data_communication_computer_network/error_detection_and_correction.html]
[w.shekharpoint.com/data_communication_computer_network/data_link_control_and_protocols.html]
[w.shekharpoint.com/data_communication_computer_network/network_layer_introduction.html]
[w.shekharpoint.com/data_communication_computer_network/network_addressing.html]
[w.shekharpoint.com/data_communication_computer_network/network_layer_routing.html]
[w.shekharpoint.com/data_communication_computer_network/internetworking.html]
[w.shekharpoint.com/data_communication_computer_network/network_layer_protocols.html]
[w.shekharpoint.com/data_communication_computer_network/transport_layer_introduction.html]
[w.shekharpoint.com/data_communication_computer_network/transmission_control_protocol.html]
[w.shekharpoint.com/data_communication_computer_network/user_datagram_protocol.html]
[w.shekharpoint.com/data_communication_computer_network/application_layer_introduction.html]
[w.shekharpoint.com/data_communication_computer_network/client_server_model.html]
[w.shekharpoint.com/data_communication_computer_network/application_protocols.html]
[w.shekharpoint.com/data_communication_computer_network/network_services.html]
[w.shekharpoint.com/data_communication_computer_network/dcn_quick_guide.html]
[w.shekharpoint.com/data_communication_computer_network/dcn_useful_resources.html]
[w.shekharpoint.com/data_communication_computer_network/dcn_discussion.html]
[w.shekharpoint.com/data_communication_computer_network/images/data_communication_computer_network.jpg]
[w.shekharpoint.com/data_communication_computer_network/data_communication_computer_network_pdf_version.html]
[w.shekharpoint.com/data_communication_computer_network/index.html]
[w.shekharpoint.com/html/images/logo.png]
[w.shekharpoint.com/html/images/html-mini-logo.jpg]
[w.shekharpoint.com/html/html_overview.html]
[w.shekharpoint.com/html/html_basic_tags.html]
[w.shekharpoint.com/html/html_elements.html]
[w.shekharpoint.com/html/html_attributes.html]
[w.shekharpoint.com/html/html_formatting.html]
[w.shekharpoint.com/html/html_phrase_elements.html]
[w.shekharpoint.com/html/html_meta_tags.html]
[w.shekharpoint.com/html/html_comments.html]
[w.shekharpoint.com/html/html_images.html]
[w.shekharpoint.com/html/html_tables.html]
[w.shekharpoint.com/html/html_lists.html]
[w.shekharpoint.com/html/html_text_links.html]
[w.shekharpoint.com/html/html_image_links.html]
[w.shekharpoint.com/html/html_email_links.html]
[w.shekharpoint.com/html/html_frames.html]
[w.shekharpoint.com/html/html_iframes.html]
[w.shekharpoint.com/html/html_blocks.html]
[w.shekharpoint.com/html/html_backgrounds.html]
[w.shekharpoint.com/html/html_colors.html]
[w.shekharpoint.com/html/html_fonts.html]
[w.shekharpoint.com/html/html_forms.html]
[w.shekharpoint.com/html/html_embed_multimedia.html]
[w.shekharpoint.com/html/html_marquees.html]
[w.shekharpoint.com/html/html_header.html]
[w.shekharpoint.com/html/html_style_sheet.html]
[w.shekharpoint.com/html/html_javascript.html]
[w.shekharpoint.com/html/html_layouts.html]
[w.shekharpoint.com/html/html_tags_reference.html]
[w.shekharpoint.com/html/html_attributes_reference.html]
[w.shekharpoint.com/html/html_events_reference.html]
[w.shekharpoint.com/html/html_fonts_reference.html]
[w.shekharpoint.com/html/html_ascii_codes.html]
[w.shekharpoint.com/html/ascii_table_lookup.html]
[w.shekharpoint.com/html/html_color_names.html]
[w.shekharpoint.com/html/html_entities.html]
[w.shekharpoint.com/html/html_fonts_ref.html]
[w.shekharpoint.com/html/html_events_ref.html]
[w.shekharpoint.com/html/mime_media_types.html]
[w.shekharpoint.com/html/html_url_encoding.html]
[w.shekharpoint.com/html/language_iso_codes.html]
[w.shekharpoint.com/html/html_character_encodings.html]
[w.shekharpoint.com/html/html_deprecated_tags.html]
[w.shekharpoint.com/html/html_quick_guide.html]
[w.shekharpoint.com/html/html_useful_resources.html]
[w.shekharpoint.com/html/html_color_code_builder.html]
[w.shekharpoint.com/html/html_discussion.html]
[w.shekharpoint.com/html/html_online_editor.html]
[w.shekharpoint.com/html/images/html.jpg]
[w.shekharpoint.com/html/html_pdf_version.html]
[w.shekharpoint.com/html/index.html]
[w.shekharpoint.com/css/images/logo.png]
[w.shekharpoint.com/css/images/css-mini-logo.jpg]
[w.shekharpoint.com/css/what_is_css.html]
[w.shekharpoint.com/css/css_syntax.html]
[w.shekharpoint.com/css/css_inclusion.html]
[w.shekharpoint.com/css/css_measurement_units.html]
[w.shekharpoint.com/css/css_colors.html]
[w.shekharpoint.com/css/css_backgrounds.html]
[w.shekharpoint.com/css/css_fonts.html]
[w.shekharpoint.com/css/css_text.html]
[w.shekharpoint.com/css/css_images.html]
[w.shekharpoint.com/css/css_links.html]
[w.shekharpoint.com/css/css_tables.html]
[w.shekharpoint.com/css/css_borders.html]
[w.shekharpoint.com/css/css_margins.html]
[w.shekharpoint.com/css/css_lists.html]
[w.shekharpoint.com/css/css_padding.html]
[w.shekharpoint.com/css/css_cursors.html]
[w.shekharpoint.com/css/css_outlines.html]
[w.shekharpoint.com/css/css_dimension.html]
[w.shekharpoint.com/css/css_scrollbars.html]
[w.shekharpoint.com/css/css_visibility.html]
[w.shekharpoint.com/css/css_positioning.html]
[w.shekharpoint.com/css/css_layers.html]
[w.shekharpoint.com/css/css_pseudo_classes.html]
[w.shekharpoint.com/css/css_pseudo_elements.html]
[w.shekharpoint.com/css/css_at_rules.html]
[w.shekharpoint.com/css/css_text_effects.html]
[w.shekharpoint.com/css/css_media_types.html]
[w.shekharpoint.com/css/css_paged_media.html]
[w.shekharpoint.com/css/css_aural_media.html]
[w.shekharpoint.com/css/css_printing.html]
[w.shekharpoint.com/css/css_layouts.html]
[w.shekharpoint.com/css/css_validations.html]
[w.shekharpoint.com/css/css3_tutorial.html]
[w.shekharpoint.com/css/css3_rounded_corner.html]
[w.shekharpoint.com/css/css3_boarder_image.html]
[w.shekharpoint.com/css/css3_multi_background.html]
[w.shekharpoint.com/css/css3_color.html]
[w.shekharpoint.com/css/css3_gradients.html]
[w.shekharpoint.com/css/css3_shadow.html]
[w.shekharpoint.com/css/css3_text.html]
[w.shekharpoint.com/css/css3_web_font.html]
[w.shekharpoint.com/css/css3_2d_transform.html]
[w.shekharpoint.com/css/css3_3d_transform.html]
[w.shekharpoint.com/css/css3_animation.html]
[w.shekharpoint.com/css/css3_multi_columns.html]
[w.shekharpoint.com/css/css3_userinterface.html]
[w.shekharpoint.com/css/css3_box_sizing.html]
[w.shekharpoint.com/css/css_responsive.html]
[w.shekharpoint.com/css/css_questions_answers.html]
[w.shekharpoint.com/css/css_quick_guide.html]
[w.shekharpoint.com/css/css_references.html]
[w.shekharpoint.com/css/css_color_references.html]
[w.shekharpoint.com/css/css_web_browser.html]
[w.shekharpoint.com/css/css_web_fonts.html]
[w.shekharpoint.com/css/css_units.html]
[w.shekharpoint.com/css/css_animation.html]
[w.shekharpoint.com/css/css_converter.html]
[w.shekharpoint.com/css/css_color_picker.html]
[w.shekharpoint.com/css/css_useful_resources.html]
[w.shekharpoint.com/css/css_discussion.html]
[w.shekharpoint.com/css/images/css.jpg]
[w.shekharpoint.com/css/css_pdf_version.html]
[w.shekharpoint.com/css/index.html]
[w.shekharpoint.com/javascript/images/logo.png]
[w.shekharpoint.com/javascript/images/javascript-mini-logo.jpg]
[w.shekharpoint.com/javascript/images/javascript-video-tutorials.jpg]
[w.shekharpoint.com/javascript/javascript_overview.html]
[w.shekharpoint.com/javascript/javascript_syntax.html]
[w.shekharpoint.com/javascript/javascript_enabling.html]
[w.shekharpoint.com/javascript/javascript_placement.html]
[w.shekharpoint.com/javascript/javascript_variables.html]
[w.shekharpoint.com/javascript/javascript_operators.html]
[w.shekharpoint.com/javascript/javascript_ifelse.html]
[w.shekharpoint.com/javascript/javascript_switch_case.html]
[w.shekharpoint.com/javascript/javascript_while_loop.html]
[w.shekharpoint.com/javascript/javascript_for_loop.html]
[w.shekharpoint.com/javascript/javascript_forin_loop.html]
[w.shekharpoint.com/javascript/javascript_loop_control.html]
[w.shekharpoint.com/javascript/javascript_functions.html]
[w.shekharpoint.com/javascript/javascript_events.html]
[w.shekharpoint.com/javascript/javascript_cookies.html]
[w.shekharpoint.com/javascript/javascript_page_redirect.html]
[w.shekharpoint.com/javascript/javascript_dialog_boxes.html]
[w.shekharpoint.com/javascript/javascript_void_keyword.html]
[w.shekharpoint.com/javascript/javascript_page_printing.html]
[w.shekharpoint.com/javascript/javascript_objects.html]
[w.shekharpoint.com/javascript/javascript_number_object.html]
[w.shekharpoint.com/javascript/javascript_boolean_object.html]
[w.shekharpoint.com/javascript/javascript_strings_object.html]
[w.shekharpoint.com/javascript/javascript_arrays_object.html]
[w.shekharpoint.com/javascript/javascript_date_object.html]
[w.shekharpoint.com/javascript/javascript_math_object.html]
[w.shekharpoint.com/javascript/javascript_regexp_object.html]
[w.shekharpoint.com/javascript/javascript_html_dom.html]
[w.shekharpoint.com/javascript/javascript_error_handling.html]
[w.shekharpoint.com/javascript/javascript_form_validations.html]
[w.shekharpoint.com/javascript/javascript_animation.html]
[w.shekharpoint.com/javascript/javascript_multimedia.html]
[w.shekharpoint.com/javascript/javascript_debugging.html]
[w.shekharpoint.com/javascript/javascript_image_map.html]
[w.shekharpoint.com/javascript/javascript_browsers_handling.html]
[w.shekharpoint.com/javascript/javascript_questions_answers.html]
[w.shekharpoint.com/javascript/javascript_quick_guide.html]
[w.shekharpoint.com/javascript/javascript_builtin_functions.html]
[w.shekharpoint.com/javascript/javascript_useful_resources.html]
[w.shekharpoint.com/javascript/images/javascript.jpg]
[w.shekharpoint.com/javascript/javascript_pdf_version.html]
[w.shekharpoint.com/javascript/javascript_discussion.html]
[w.shekharpoint.com/javascript/index.html]
[w.shekharpoint.com/php/images/try-it.jpg]
[w.shekharpoint.com/php/images/logo.png]
[w.shekharpoint.com/php/images/php-mini-logo.jpg]
[w.shekharpoint.com/php_online_training/index.html]
[w.shekharpoint.com/php/images/php-video-tutorials.jpg]
[w.shekharpoint.com/php/php_introduction.html]
[w.shekharpoint.com/php/php_environment.html]
[w.shekharpoint.com/php/php_syntax_overview.html]
[w.shekharpoint.com/php/php_variable_types.html]
[w.shekharpoint.com/php/php_constants.html]
[w.shekharpoint.com/php/php_operator_types.html]
[w.shekharpoint.com/php/php_decision_making.html]
[w.shekharpoint.com/php/php_loop_types.html]
[w.shekharpoint.com/php/php_arrays.html]
[w.shekharpoint.com/php/php_strings.html]
[w.shekharpoint.com/php/php_web_concepts.html]
[w.shekharpoint.com/php/php_get_post.html]
[w.shekharpoint.com/php/php_file_inclusion.html]
[w.shekharpoint.com/php/php_files.html]
[w.shekharpoint.com/php/php_functions.html]
[w.shekharpoint.com/php/php_cookies.html]
[w.shekharpoint.com/php/php_sessions.html]
[w.shekharpoint.com/php/php_sending_emails.html]
[w.shekharpoint.com/php/php_file_uploading.html]
[w.shekharpoint.com/php/php_coding_standard.html]
[w.shekharpoint.com/php/php_predefined_variables.html]
[w.shekharpoint.com/php/php_regular_expression.html]
[w.shekharpoint.com/php/php_error_handling.html]
[w.shekharpoint.com/php/php_bugs_debugging.html]
[w.shekharpoint.com/php/php_date_and_time.html]
[w.shekharpoint.com/php/php_and_mysql.html]
[w.shekharpoint.com/php/php_and_ajax.html]
[w.shekharpoint.com/php/php_and_xml.html]
[w.shekharpoint.com/php/php_object_oriented.html]
[w.shekharpoint.com/php/php_for_c_developers.html]
[w.shekharpoint.com/php/php_for_perl_developers.html]
[w.shekharpoint.com/php/php_form_introduction.html]
[w.shekharpoint.com/php/php_validation_example.html]
[w.shekharpoint.com/php/php_complete_form.html]
[w.shekharpoint.com/php/php_login_example.html]
[w.shekharpoint.com/php/php_facebook_login.html]
[w.shekharpoint.com/php/php_paypal_integration.html]
[w.shekharpoint.com/php/php_mysql_login.html]
[w.shekharpoint.com/php/php_ajax_search.html]
[w.shekharpoint.com/php/php_ajax_xml_parser.html]
[w.shekharpoint.com/php/php_ajax_autocomplete_search.html]
[w.shekharpoint.com/php/ajax_rss_feed_example.html]
[w.shekharpoint.com/php/php_xml_introduction.html]
[w.shekharpoint.com/php/php_simple_xml.html]
[w.shekharpoint.com/php/php_simple_xml_get.html]
[w.shekharpoint.com/php/php_sax_parser_example.html]
[w.shekharpoint.com/php/php_dom_parser_example.html]
[w.shekharpoint.com/php/php_frame_works.html]
[w.shekharpoint.com/php/php_core_vs_frameworks.html]
[w.shekharpoint.com/php/php_design_patterns.html]
[w.shekharpoint.com/php/php_function_reference.html]
[w.shekharpoint.com/php/php_questions_answers.html]
[w.shekharpoint.com/php/php_useful_resources.html]
[w.shekharpoint.com/php/php_discussion.html]
[w.shekharpoint.com/php/images/php.jpg]
[w.shekharpoint.com/php/php_pdf_version.html]
[w.shekharpoint.com/php/try_php.html]
[w.shekharpoint.com/php/index.html]
[w.shekharpoint.com/angular4/images/logo.png]
[w.shekharpoint.com/angular4/images/angular-4-mini-logo.jpg]
[w.shekharpoint.com/angular4/angular4_overview.html]
[w.shekharpoint.com/angular4/angular4_environment_setup.html]
[w.shekharpoint.com/angular4/angular4_project_setup.html]
[w.shekharpoint.com/angular4/angular4_components.html]
[w.shekharpoint.com/angular4/angular4_module.html]
[w.shekharpoint.com/angular4/angular4_data_binding.html]
[w.shekharpoint.com/angular4/angular4_event_binding.html]
[w.shekharpoint.com/angular4/angular4_templates.html]
[w.shekharpoint.com/angular4/angular4_directives.html]
[w.shekharpoint.com/angular4/angular4_pipes.html]
[w.shekharpoint.com/angular4/angular4_routing.html]
[w.shekharpoint.com/angular4/angular4_services.html]
[w.shekharpoint.com/angular4/angular4_http_service.html]
[w.shekharpoint.com/angular4/angular4_forms.html]
[w.shekharpoint.com/angular4/angular4_animations.html]
[w.shekharpoint.com/angular4/angular4_materials.html]
[w.shekharpoint.com/angular4/angular4_cli.html]
[w.shekharpoint.com/angular4/angular4_examples.html]
[w.shekharpoint.com/angular4/angular4_quick_guide.html]
[w.shekharpoint.com/angular4/angular4_useful_resources.html]
[w.shekharpoint.com/angular4/angular4_discussion.html]
[w.shekharpoint.com/angular4/images/angular-4.jpg]
[w.shekharpoint.com/angular4/angular4_pdf_version.html]
[w.shekharpoint.com/angular4/index.html]
[w.shekharpoint.com/mysql/images/logo.png]
[w.shekharpoint.com/mysql/images/mysql-mini-logo.jpg]
[w.shekharpoint.com/mysql/mysql-introduction.html]
[w.shekharpoint.com/mysql/mysql-installation.html]
[w.shekharpoint.com/mysql/mysql-administration.html]
[w.shekharpoint.com/mysql/mysql-php-syntax.html]
[w.shekharpoint.com/mysql/mysql-connection.html]
[w.shekharpoint.com/mysql/mysql-create-database.html]
[w.shekharpoint.com/mysql/mysql-drop-database.html]
[w.shekharpoint.com/mysql/mysql-select-database.html]
[w.shekharpoint.com/mysql/mysql-data-types.html]
[w.shekharpoint.com/mysql/mysql-create-tables.html]
[w.shekharpoint.com/mysql/mysql-drop-tables.html]
[w.shekharpoint.com/mysql/mysql-insert-query.html]
[w.shekharpoint.com/mysql/mysql-select-query.html]
[w.shekharpoint.com/mysql/mysql-where-clause.html]
[w.shekharpoint.com/mysql/mysql-update-query.html]
[w.shekharpoint.com/mysql/mysql-delete-query.html]
[w.shekharpoint.com/mysql/mysql-like-clause.html]
[w.shekharpoint.com/mysql/mysql-sorting-results.html]
[w.shekharpoint.com/mysql/mysql-using-joins.html]
[w.shekharpoint.com/mysql/mysql-null-values.html]
[w.shekharpoint.com/mysql/mysql-regexps.html]
[w.shekharpoint.com/mysql/mysql-transactions.html]
[w.shekharpoint.com/mysql/mysql-alter-command.html]
[w.shekharpoint.com/mysql/mysql-indexes.html]
[w.shekharpoint.com/mysql/mysql-temporary-tables.html]
[w.shekharpoint.com/mysql/mysql-clone-tables.html]
[w.shekharpoint.com/mysql/mysql-database-info.html]
[w.shekharpoint.com/mysql/mysql-using-sequences.html]
[w.shekharpoint.com/mysql/mysql-handling-duplicates.html]
[w.shekharpoint.com/mysql/mysql-sql-injection.html]
[w.shekharpoint.com/mysql/mysql-database-export.html]
[w.shekharpoint.com/mysql/mysql-database-import.html]
[w.shekharpoint.com/mysql/mysql-useful-functions.html]
[w.shekharpoint.com/mysql/mysql-quick-guide.html]
[w.shekharpoint.com/mysql/mysql-useful-resources.html]
[w.shekharpoint.com/mysql/mysql-discussion.html]
[w.shekharpoint.com/mysql/images/mysql.jpg]
[w.shekharpoint.com/mysql/mysql_pdf_version.html]
[w.shekharpoint.com/mysql/index.html]
[w.shekharpoint.com/cprogramming/images/logo.png]
[w.shekharpoint.com/cprogramming/images/c-mini-logo.jpg]
[w.shekharpoint.com/cprogramming/images/c-programming-video-tutorials.jpg]
[w.shekharpoint.com/cprogramming/c_overview.html]
[w.shekharpoint.com/cprogramming/c_environment_setup.html]
[w.shekharpoint.com/cprogramming/c_program_structure.html]
[w.shekharpoint.com/cprogramming/c_basic_syntax.html]
[w.shekharpoint.com/cprogramming/c_data_types.html]
[w.shekharpoint.com/cprogramming/c_variables.html]
[w.shekharpoint.com/cprogramming/c_constants.html]
[w.shekharpoint.com/cprogramming/c_storage_classes.html]
[w.shekharpoint.com/cprogramming/c_operators.html]
[w.shekharpoint.com/cprogramming/c_decision_making.html]
[w.shekharpoint.com/cprogramming/c_loops.html]
[w.shekharpoint.com/cprogramming/c_functions.html]
[w.shekharpoint.com/cprogramming/c_scope_rules.html]
[w.shekharpoint.com/cprogramming/c_arrays.html]
[w.shekharpoint.com/cprogramming/c_pointers.html]
[w.shekharpoint.com/cprogramming/c_strings.html]
[w.shekharpoint.com/cprogramming/c_structures.html]
[w.shekharpoint.com/cprogramming/c_unions.html]
[w.shekharpoint.com/cprogramming/c_bit_fields.html]
[w.shekharpoint.com/cprogramming/c_typedef.html]
[w.shekharpoint.com/cprogramming/c_input_output.html]
[w.shekharpoint.com/cprogramming/c_file_io.html]
[w.shekharpoint.com/cprogramming/c_preprocessors.html]
[w.shekharpoint.com/cprogramming/c_header_files.html]
[w.shekharpoint.com/cprogramming/c_type_casting.html]
[w.shekharpoint.com/cprogramming/c_error_handling.html]
[w.shekharpoint.com/cprogramming/c_recursion.html]
[w.shekharpoint.com/cprogramming/c_variable_arguments.html]
[w.shekharpoint.com/cprogramming/c_memory_management.html]
[w.shekharpoint.com/cprogramming/c_command_line_arguments.html]
[w.shekharpoint.com/cprogramming/cprogramming_questions_answers.html]
[w.shekharpoint.com/cprogramming/c_quick_guide.html]
[w.shekharpoint.com/cprogramming/c_useful_resources.html]
[w.shekharpoint.com/cprogramming/cprogramming_discussion.html]
[w.shekharpoint.com/cprogramming/images/c-programming.jpg]
[w.shekharpoint.com/cprogramming/cprogramming_pdf_version.html]
[w.shekharpoint.com/cprogramming/index.html]
[w.shekharpoint.com/cplusplus/images/logo.png]
[w.shekharpoint.com/cplusplus/images/cpp-mini-logo.jpg]
[w.shekharpoint.com/cplusplus/cpp_overview.html]
[w.shekharpoint.com/cplusplus/cpp_environment_setup.html]
[w.shekharpoint.com/cplusplus/cpp_basic_syntax.html]
[w.shekharpoint.com/cplusplus/cpp_comments.html]
[w.shekharpoint.com/cplusplus/cpp_data_types.html]
[w.shekharpoint.com/cplusplus/cpp_variable_types.html]
[w.shekharpoint.com/cplusplus/cpp_variable_scope.html]
[w.shekharpoint.com/cplusplus/cpp_constants_literals.html]
[w.shekharpoint.com/cplusplus/cpp_modifier_types.html]
[w.shekharpoint.com/cplusplus/cpp_storage_classes.html]
[w.shekharpoint.com/cplusplus/cpp_operators.html]
[w.shekharpoint.com/cplusplus/cpp_loop_types.html]
[w.shekharpoint.com/cplusplus/cpp_decision_making.html]
[w.shekharpoint.com/cplusplus/cpp_functions.html]
[w.shekharpoint.com/cplusplus/cpp_numbers.html]
[w.shekharpoint.com/cplusplus/cpp_arrays.html]
[w.shekharpoint.com/cplusplus/cpp_strings.html]
[w.shekharpoint.com/cplusplus/cpp_pointers.html]
[w.shekharpoint.com/cplusplus/cpp_references.html]
[w.shekharpoint.com/cplusplus/cpp_date_time.html]
[w.shekharpoint.com/cplusplus/cpp_basic_input_output.html]
[w.shekharpoint.com/cplusplus/cpp_data_structures.html]
[w.shekharpoint.com/cplusplus/cpp_classes_objects.html]
[w.shekharpoint.com/cplusplus/cpp_inheritance.html]
[w.shekharpoint.com/cplusplus/cpp_overloading.html]
[w.shekharpoint.com/cplusplus/cpp_polymorphism.html]
[w.shekharpoint.com/cplusplus/cpp_data_abstraction.html]
[w.shekharpoint.com/cplusplus/cpp_data_encapsulation.html]
[w.shekharpoint.com/cplusplus/cpp_interfaces.html]
[w.shekharpoint.com/cplusplus/cpp_files_streams.html]
[w.shekharpoint.com/cplusplus/cpp_exceptions_handling.html]
[w.shekharpoint.com/cplusplus/cpp_dynamic_memory.html]
[w.shekharpoint.com/cplusplus/cpp_namespaces.html]
[w.shekharpoint.com/cplusplus/cpp_templates.html]
[w.shekharpoint.com/cplusplus/cpp_preprocessor.html]
[w.shekharpoint.com/cplusplus/cpp_signal_handling.html]
[w.shekharpoint.com/cplusplus/cpp_multithreading.html]
[w.shekharpoint.com/cplusplus/cpp_web_programming.html]
[w.shekharpoint.com/cplusplus/cpp_questions_answers.html]
[w.shekharpoint.com/cplusplus/cpp_quick_guide.html]
[w.shekharpoint.com/cplusplus/cpp_object_oriented.html]
[w.shekharpoint.com/cplusplus/cpp_stl_tutorial.html]
[w.shekharpoint.com/cplusplus/cpp_standard_library.html]
[w.shekharpoint.com/cplusplus/cpp_useful_resources.html]
[w.shekharpoint.com/cplusplus/cpp_discussion.html]
[w.shekharpoint.com/cplusplus/images/cplusplus.jpg]
[w.shekharpoint.com/cplusplus/cpp_pdf_version.html]
[w.shekharpoint.com/cplusplus/index.html]
[w.shekharpoint.com/java8/images/logo.png]
[w.shekharpoint.com/java8/images/java-8-mini-logo.jpg]
[w.shekharpoint.com/java8/java8_overview.html]
[w.shekharpoint.com/java8/java8_environment.html]
[w.shekharpoint.com/java8/java8_lambda_expressions.html]
[w.shekharpoint.com/java8/java8_method_references.html]
[w.shekharpoint.com/java8/java8_functional_interfaces.html]
[w.shekharpoint.com/java8/java8_default_methods.html]
[w.shekharpoint.com/java8/java8_streams.html]
[w.shekharpoint.com/java8/java8_optional_class.html]
[w.shekharpoint.com/java8/java8_nashorn_java_script.html]
[w.shekharpoint.com/java8/java8_datetime_api.html]
[w.shekharpoint.com/java8/java8_base64.html]
[w.shekharpoint.com/java8/java8_questions_answers.html]
[w.shekharpoint.com/java8/java8_quick_guide.html]
[w.shekharpoint.com/java8/java8_useful_resources.html]
[w.shekharpoint.com/java8/java8_discussion.html]
[w.shekharpoint.com/java8/images/java-8.jpg]
[w.shekharpoint.com/java8/java8_pdf_version.html]
[w.shekharpoint.com/java8/index.html]
[w.shekharpoint.com/python/images/try-it.jpg]
[w.shekharpoint.com/python/images/logo.png]
[w.shekharpoint.com/python/images/python-mini.jpg]
[w.shekharpoint.com/python/python_overview.html]
[w.shekharpoint.com/python/python_environment.html]
[w.shekharpoint.com/python/python_basic_syntax.html]
[w.shekharpoint.com/python/python_variable_types.html]
[w.shekharpoint.com/python/python_basic_operators.html]
[w.shekharpoint.com/python/python_decision_making.html]
[w.shekharpoint.com/python/python_loops.html]
[w.shekharpoint.com/python/python_numbers.html]
[w.shekharpoint.com/python/python_strings.html]
[w.shekharpoint.com/python/python_lists.html]
[w.shekharpoint.com/python/python_tuples.html]
[w.shekharpoint.com/python/python_dictionary.html]
[w.shekharpoint.com/python/python_date_time.html]
[w.shekharpoint.com/python/python_functions.html]
[w.shekharpoint.com/python/python_modules.html]
[w.shekharpoint.com/python/python_files_io.html]
[w.shekharpoint.com/python/python_exceptions.html]
[w.shekharpoint.com/python/python_classes_objects.html]
[w.shekharpoint.com/python/python_reg_expressions.html]
[w.shekharpoint.com/python/python_cgi_programming.html]
[w.shekharpoint.com/python/python_database_access.html]
[w.shekharpoint.com/python/python_networking.html]
[w.shekharpoint.com/python/python_sending_email.html]
[w.shekharpoint.com/python/python_multithreading.html]
[w.shekharpoint.com/python/python_xml_processing.html]
[w.shekharpoint.com/python/python_gui_programming.html]
[w.shekharpoint.com/python/python_further_extensions.html]
[w.shekharpoint.com/python/python_questions_answers.html]
[w.shekharpoint.com/python/python_quick_guide.html]
[w.shekharpoint.com/python/python_tools_utilities.html]
[w.shekharpoint.com/python/python_useful_resources.html]
[w.shekharpoint.com/python/python_discussion.html]
[w.shekharpoint.com/python/images/python.jpg]
[w.shekharpoint.com/python/python_pdf_version.html]
[w.shekharpoint.com/python/try_python.html]
[w.shekharpoint.com/python/index.html]
[w.shekharpoint.com/scala/images/logo.png]
[w.shekharpoint.com/scala/images/scala-mini-logo.jpg]
[w.shekharpoint.com/scala/scala_overview.html]
[w.shekharpoint.com/scala/scala_environment_setup.html]
[w.shekharpoint.com/scala/scala_basic_syntax.html]
[w.shekharpoint.com/scala/scala_data_types.html]
[w.shekharpoint.com/scala/scala_variables.html]
[w.shekharpoint.com/scala/scala_classes_objects.html]
[w.shekharpoint.com/scala/scala_access_modifiers.html]
[w.shekharpoint.com/scala/scala_operators.html]
[w.shekharpoint.com/scala/scala_if_else.html]
[w.shekharpoint.com/scala/scala_loop_types.html]
[w.shekharpoint.com/scala/scala_functions.html]
[w.shekharpoint.com/scala/scala_closures.html]
[w.shekharpoint.com/scala/scala_strings.html]
[w.shekharpoint.com/scala/scala_arrays.html]
[w.shekharpoint.com/scala/scala_collections.html]
[w.shekharpoint.com/scala/scala_traits.html]
[w.shekharpoint.com/scala/scala_pattern_matching.html]
[w.shekharpoint.com/scala/scala_regular_expressions.html]
[w.shekharpoint.com/scala/scala_exception_handling.html]
[w.shekharpoint.com/scala/scala_extractors.html]
[w.shekharpoint.com/scala/scala_file_io.html]
[w.shekharpoint.com/scala/scala_quick_guide.html]
[w.shekharpoint.com/scala/scala_useful_resources.html]
[w.shekharpoint.com/scala/scala_discussion.html]
[w.shekharpoint.com/scala/images/scala.jpg]
[w.shekharpoint.com/scala/scala_pdf_version.html]
[w.shekharpoint.com/scala/index.html]
[w.shekharpoint.com/csharp/images/logo.png]
[w.shekharpoint.com/csharp/images/csharp-mini-logo.jpg]
[w.shekharpoint.com/csharp/images/csharp-video-tutorials.jpg]
[w.shekharpoint.com/csharp/csharp_overview.html]
[w.shekharpoint.com/csharp/csharp_environment_setup.html]
[w.shekharpoint.com/csharp/csharp_program_structure.html]
[w.shekharpoint.com/csharp/csharp_basic_syntax.html]
[w.shekharpoint.com/csharp/csharp_data_types.html]
[w.shekharpoint.com/csharp/csharp_type_conversion.html]
[w.shekharpoint.com/csharp/csharp_variables.html]
[w.shekharpoint.com/csharp/csharp_constants.html]
[w.shekharpoint.com/csharp/csharp_operators.html]
[w.shekharpoint.com/csharp/csharp_decision_making.html]
[w.shekharpoint.com/csharp/csharp_loops.html]
[w.shekharpoint.com/csharp/csharp_encapsulation.html]
[w.shekharpoint.com/csharp/csharp_methods.html]
[w.shekharpoint.com/csharp/csharp_nullables.html]
[w.shekharpoint.com/csharp/csharp_arrays.html]
[w.shekharpoint.com/csharp/csharp_strings.html]
[w.shekharpoint.com/csharp/csharp_struct.html]
[w.shekharpoint.com/csharp/csharp_enums.html]
[w.shekharpoint.com/csharp/csharp_classes.html]
[w.shekharpoint.com/csharp/csharp_inheritance.html]
[w.shekharpoint.com/csharp/csharp_polymorphism.html]
[w.shekharpoint.com/csharp/csharp_operator_overloading.html]
[w.shekharpoint.com/csharp/csharp_interfaces.html]
[w.shekharpoint.com/csharp/csharp_namespaces.html]
[w.shekharpoint.com/csharp/csharp_preprocessor_directives.html]
[w.shekharpoint.com/csharp/csharp_regular_expressions.html]
[w.shekharpoint.com/csharp/csharp_exception_handling.html]
[w.shekharpoint.com/csharp/csharp_file_io.html]
[w.shekharpoint.com/csharp/csharp_attributes.html]
[w.shekharpoint.com/csharp/csharp_reflection.html]
[w.shekharpoint.com/csharp/csharp_properties.html]
[w.shekharpoint.com/csharp/csharp_indexers.html]
[w.shekharpoint.com/csharp/csharp_delegates.html]
[w.shekharpoint.com/csharp/csharp_events.html]
[w.shekharpoint.com/csharp/csharp_collections.html]
[w.shekharpoint.com/csharp/csharp_generics.html]
[w.shekharpoint.com/csharp/csharp_anonymous_methods.html]
[w.shekharpoint.com/csharp/csharp_unsafe_codes.html]
[w.shekharpoint.com/csharp/csharp_multithreading.html]
[w.shekharpoint.com/csharp/csharp_questions_answers.html]
[w.shekharpoint.com/csharp/csharp_quick_guide.html]
[w.shekharpoint.com/csharp/csharp_useful_resources.html]
[w.shekharpoint.com/csharp/csharp_discussion.html]
[w.shekharpoint.com/csharp/images/csharp.jpg]
[w.shekharpoint.com/csharp/csharp_pdf_version.html]
[w.shekharpoint.com/csharp/index.html]
[w.shekharpoint.com/jdbc/images/logo.png]
[w.shekharpoint.com/jdbc/images/jdbc-mini-logo.jpg]
[w.shekharpoint.com/jdbc/jdbc-introduction.html]
[w.shekharpoint.com/jdbc/jdbc-sql-syntax.html]
[w.shekharpoint.com/jdbc/jdbc-environment-setup.html]
[w.shekharpoint.com/jdbc/jdbc-sample-code.html]
[w.shekharpoint.com/jdbc/jdbc-driver-types.html]
[w.shekharpoint.com/jdbc/jdbc-db-connections.html]
[w.shekharpoint.com/jdbc/jdbc-statements.html]
[w.shekharpoint.com/jdbc/jdbc-result-sets.html]
[w.shekharpoint.com/jdbc/jdbc-data-types.html]
[w.shekharpoint.com/jdbc/jdbc-transactions.html]
[w.shekharpoint.com/jdbc/jdbc-exceptions.html]
[w.shekharpoint.com/jdbc/jdbc-batch-processing.html]
[w.shekharpoint.com/jdbc/jdbc-stored-procedure.html]
[w.shekharpoint.com/jdbc/jdbc-streaming-data.html]
[w.shekharpoint.com/jdbc/jdbc-create-database.html]
[w.shekharpoint.com/jdbc/jdbc-select-database.html]
[w.shekharpoint.com/jdbc/jdbc-drop-database.html]
[w.shekharpoint.com/jdbc/jdbc-create-tables.html]
[w.shekharpoint.com/jdbc/jdbc-drop-tables.html]
[w.shekharpoint.com/jdbc/jdbc-insert-records.html]
[w.shekharpoint.com/jdbc/jdbc-select-records.html]
[w.shekharpoint.com/jdbc/jdbc-update-records.html]
[w.shekharpoint.com/jdbc/jdbc-delete-records.html]
[w.shekharpoint.com/jdbc/jdbc-where-clause.html]
[w.shekharpoint.com/jdbc/jdbc-like-clause.html]
[w.shekharpoint.com/jdbc/jdbc-sorting-data.html]
[w.shekharpoint.com/jdbc/jdbc_questions_answers.html]
[w.shekharpoint.com/jdbc/jdbc-quick-guide.html]
[w.shekharpoint.com/jdbc/jdbc-useful-resources.html]
[w.shekharpoint.com/jdbc/jdbc-discussion.html]
[w.shekharpoint.com/jdbc/images/jdbc-mining.jpg]
[w.shekharpoint.com/jdbc/jdbc_pdf_version.html]
[w.shekharpoint.com/jdbc/index.html]
[w.shekharpoint.com/servlets/images/logo.png]
[w.shekharpoint.com/servlets/images/servlets-mini-logo.jpg]
[w.shekharpoint.com/java_servlet_online_training/index.html]
[w.shekharpoint.com/servlets/images/servlets-video-tutorials.jpg]
[w.shekharpoint.com/servlets/servlets_overview.html]
[w.shekharpoint.com/servlets/servlets-environment-setup.html]
[w.shekharpoint.com/servlets/servlets-life-cycle.html]
[w.shekharpoint.com/servlets/servlets-first-example.html]
[w.shekharpoint.com/servlets/servlets-form-data.html]
[w.shekharpoint.com/servlets/servlets-client-request.html]
[w.shekharpoint.com/servlets/servlets-server-response.html]
[w.shekharpoint.com/servlets/servlets-http-status-codes.html]
[w.shekharpoint.com/servlets/servlets-writing-filters.html]
[w.shekharpoint.com/servlets/servlets-exception-handling.html]
[w.shekharpoint.com/servlets/servlets-cookies-handling.html]
[w.shekharpoint.com/servlets/servlets-session-tracking.html]
[w.shekharpoint.com/servlets/servlets-database-access.html]
[w.shekharpoint.com/servlets/servlets-file-uploading.html]
[w.shekharpoint.com/servlets/servlets-handling-date.html]
[w.shekharpoint.com/servlets/servlets-page-redirect.html]
[w.shekharpoint.com/servlets/servlets-hits-counter.html]
[w.shekharpoint.com/servlets/servlets-auto-refresh.html]
[w.shekharpoint.com/servlets/servlets-sending-email.html]
[w.shekharpoint.com/servlets/servlets-packaging.html]
[w.shekharpoint.com/servlets/servlets-debugging.html]
[w.shekharpoint.com/servlets/servlets-internationalization.html]
[w.shekharpoint.com/servlets/servlets-annotations.html]
[w.shekharpoint.com/servlets/servlets-questions-answers.html]
[w.shekharpoint.com/servlets/servlets-quick-guide.html]
[w.shekharpoint.com/servlets/servlets-useful-resources.html]
[w.shekharpoint.com/servlets/servlets-discussion.html]
[w.shekharpoint.com/servlets/images/servlets.jpg]
[w.shekharpoint.com/servlets/index.html]
[w.shekharpoint.com/servlets/servlets_pdf_version.html]
[w.shekharpoint.com/spring/images/logo.png]
[w.shekharpoint.com/spring/images/spring-mini-logo.jpg]
[w.shekharpoint.com/spring/spring_overview.html]
[w.shekharpoint.com/spring/spring_architecture.html]
[w.shekharpoint.com/spring/spring_environment_setup.html]
[w.shekharpoint.com/spring/spring_hello_world_example.html]
[w.shekharpoint.com/spring/spring_ioc_containers.html]
[w.shekharpoint.com/spring/spring_bean_definition.html]
[w.shekharpoint.com/spring/spring_bean_scopes.html]
[w.shekharpoint.com/spring/spring_bean_life_cycle.html]
[w.shekharpoint.com/spring/spring_bean_post_processors.html]
[w.shekharpoint.com/spring/spring_bean_definition_inheritance.html]
[w.shekharpoint.com/spring/spring_dependency_injection.html]
[w.shekharpoint.com/spring/spring_injecting_inner_beans.html]
[w.shekharpoint.com/spring/spring_injecting_collection.html]
[w.shekharpoint.com/spring/spring_beans_autowiring.html]
[w.shekharpoint.com/spring/spring_annotation_based_configuration.html]
[w.shekharpoint.com/spring/spring_java_based_configuration.html]
[w.shekharpoint.com/spring/event_handling_in_spring.html]
[w.shekharpoint.com/spring/custom_events_in_spring.html]
[w.shekharpoint.com/spring/aop_with_spring.html]
[w.shekharpoint.com/spring/spring_jdbc_framework.html]
[w.shekharpoint.com/spring/spring_transaction_management.html]
[w.shekharpoint.com/spring/spring_web_mvc_framework.html]
[w.shekharpoint.com/spring/logging_with_log4j.html]
[w.shekharpoint.com/spring/spring_questions_answers.html]
[w.shekharpoint.com/spring/spring_quick_guide.html]
[w.shekharpoint.com/spring/spring_useful_resources.html]
[w.shekharpoint.com/spring/spring_discussion.html]
[w.shekharpoint.com/spring/images/spring.jpg]
[w.shekharpoint.com/spring/spring_pdf_version.html]
[w.shekharpoint.com/spring/index.html]
[w.shekharpoint.com/hibernate/images/logo.png]
[w.shekharpoint.com/hibernate/images/hibernate-mini-logo.jpg]
[w.shekharpoint.com/hibernate/orm_overview.html]
[w.shekharpoint.com/hibernate/hibernate_overview.html]
[w.shekharpoint.com/hibernate/hibernate_architecture.html]
[w.shekharpoint.com/hibernate/hibernate_environment.html]
[w.shekharpoint.com/hibernate/hibernate_configuration.html]
[w.shekharpoint.com/hibernate/hibernate_sessions.html]
[w.shekharpoint.com/hibernate/hibernate_persistent_classes.html]
[w.shekharpoint.com/hibernate/hibernate_mapping_files.html]
[w.shekharpoint.com/hibernate/hibernate_mapping_types.html]
[w.shekharpoint.com/hibernate/hibernate_examples.html]
[w.shekharpoint.com/hibernate/hibernate_or_mappings.html]
[w.shekharpoint.com/hibernate/hibernate_annotations.html]
[w.shekharpoint.com/hibernate/hibernate_query_language.html]
[w.shekharpoint.com/hibernate/hibernate_criteria_queries.html]
[w.shekharpoint.com/hibernate/hibernate_native_sql.html]
[w.shekharpoint.com/hibernate/hibernate_caching.html]
[w.shekharpoint.com/hibernate/hibernate_batch_processing.html]
[w.shekharpoint.com/hibernate/hibernate_interceptors.html]
[w.shekharpoint.com/hibernate/hibernate_questions_answers.html]
[w.shekharpoint.com/hibernate/hibernate_quick_guide.html]
[w.shekharpoint.com/hibernate/hibernate_useful_resources.html]
[w.shekharpoint.com/hibernate/hibernate_discussion.html]
[w.shekharpoint.com/hibernate/images/hibernate-patterns.jpg]
[w.shekharpoint.com/hibernate/hibernate_pdf_version.html]
[w.shekharpoint.com/hibernate/index.html]
[w.shekharpoint.com/swing/images/logo.png]
[w.shekharpoint.com/swing/images/swing-mini-logo.jpg]
[w.shekharpoint.com/swing/swing_overview.html]
[w.shekharpoint.com/swing/swing_environment.html]
[w.shekharpoint.com/swing/swing_controls.html]
[w.shekharpoint.com/swing/swing_event_handling.html]
[w.shekharpoint.com/swing/swing_event_classes.html]
[w.shekharpoint.com/swing/swing_event_listeners.html]
[w.shekharpoint.com/swing/swing_event_adapters.html]
[w.shekharpoint.com/swing/swing_layouts.html]
[w.shekharpoint.com/swing/swing_menu.html]
[w.shekharpoint.com/swing/swing_containers.html]
[w.shekharpoint.com/swing/swing_quick_guide.html]
[w.shekharpoint.com/swing/swing_useful_resources.html]
[w.shekharpoint.com/swing/swing_discussion.html]
[w.shekharpoint.com/swing/images/swing.jpg]
[w.shekharpoint.com/swing/swing_pdf_version.html]
[w.shekharpoint.com/swing/index.html]
[w.shekharpoint.com/android/images/logo.png]
[w.shekharpoint.com/android/images/android-mini-logo.jpg]
[w.shekharpoint.com/android/images/android-video-tutorials.jpg]
[w.shekharpoint.com/android/android_overview.html]
[w.shekharpoint.com/android/android_environment_setup.html]
[w.shekharpoint.com/android/android_architecture.html]
[w.shekharpoint.com/android/android_application_components.html]
[w.shekharpoint.com/android/android_hello_world_example.html]
[w.shekharpoint.com/android/android_resources.html]
[w.shekharpoint.com/android/android_acitivities.html]
[w.shekharpoint.com/android/android_services.html]
[w.shekharpoint.com/android/android_broadcast_receivers.html]
[w.shekharpoint.com/android/android_content_providers.html]
[w.shekharpoint.com/android/android_fragments.html]
[w.shekharpoint.com/android/android_intents_filters.html]
[w.shekharpoint.com/android/android_user_interface_layouts.html]
[w.shekharpoint.com/android/android_user_interface_controls.html]
[w.shekharpoint.com/android/android_event_handling.html]
[w.shekharpoint.com/android/android_styles_and_themes.html]
[w.shekharpoint.com/android/android_custom_components.html]
[w.shekharpoint.com/android/android_drag_and_drop.html]
[w.shekharpoint.com/android/android_notifications.html]
[w.shekharpoint.com/android/android_location_based_services.html]
[w.shekharpoint.com/android/android_sending_email.html]
[w.shekharpoint.com/android/android_sending_sms.html]
[w.shekharpoint.com/android/android_phone_calls.html]
[w.shekharpoint.com/android/android_publishing_application.html]
[w.shekharpoint.com/android/android_alert_dialoges.html]
[w.shekharpoint.com/android/android_animations.html]
[w.shekharpoint.com/android/android_audio_capture.html]
[w.shekharpoint.com/android/android_audiomanager.html]
[w.shekharpoint.com/android/android_auto_complete.html]
[w.shekharpoint.com/android/android_best_practices.html]
[w.shekharpoint.com/android/android_bluetooth.html]
[w.shekharpoint.com/android/android_camera.html]
[w.shekharpoint.com/android/android_clipboard.html]
[w.shekharpoint.com/android/android_custom_fonts.html]
[w.shekharpoint.com/android/android_data_backup.html]
[w.shekharpoint.com/android/android_developer_tools.html]
[w.shekharpoint.com/android/android_emulator.html]
[w.shekharpoint.com/android/android_facebook_integration.html]
[w.shekharpoint.com/android/android_gestures.html]
[w.shekharpoint.com/android/android_google_maps.html]
[w.shekharpoint.com/android/android_image_effects.html]
[w.shekharpoint.com/android/android_imageswitcher.html]
[w.shekharpoint.com/android/android_internal_storage.html]
[w.shekharpoint.com/android/android_jetplayer.html]
[w.shekharpoint.com/android/android_json_parser.html]
[w.shekharpoint.com/android/android_linkedin_integration.html]
[w.shekharpoint.com/android/android_loading_spinner.html]
[w.shekharpoint.com/android/android_localization.html]
[w.shekharpoint.com/android/android_login_screen.html]
[w.shekharpoint.com/android/android_mediaplayer.html]
[w.shekharpoint.com/android/android_multitouch.html]
[w.shekharpoint.com/android/android_navigation.html]
[w.shekharpoint.com/android/android_network_connection.html]
[w.shekharpoint.com/android/android_nfc_guide.html]
[w.shekharpoint.com/android/android_php_mysql.html]
[w.shekharpoint.com/android/android_progress_circle.html]
[w.shekharpoint.com/android/android_progressbar.html]
[w.shekharpoint.com/android/android_push_notification.html]
[w.shekharpoint.com/android/android_renderscript.html]
[w.shekharpoint.com/android/android_rss_reader.html]
[w.shekharpoint.com/android/android_screen_cast.html]
[w.shekharpoint.com/android/android_sdk_manager.html]
[w.shekharpoint.com/android/android_sensors.html]
[w.shekharpoint.com/android/android_session_management.html]
[w.shekharpoint.com/android/android_shared_preferences.html]
[w.shekharpoint.com/android/android_sip_protocol.html]
[w.shekharpoint.com/android/android_spelling_checker.html]
[w.shekharpoint.com/android/android_sqlite_database.html]
[w.shekharpoint.com/android/android_support_library.html]
[w.shekharpoint.com/android/android_testing.html]
[w.shekharpoint.com/android/android_text_to_speech.html]
[w.shekharpoint.com/android/android_textureview.html]
[w.shekharpoint.com/android/android_twitter_integration.html]
[w.shekharpoint.com/android/android_ui_design.html]
[w.shekharpoint.com/android/android_ui_patterns.html]
[w.shekharpoint.com/android/android_ui_testing.html]
[w.shekharpoint.com/android/android_webview_layout.html]
[w.shekharpoint.com/android/android_wi_fi.html]
[w.shekharpoint.com/android/android_widgets.html]
[w.shekharpoint.com/android/android_xml_parsers.html]
[w.shekharpoint.com/android/android_questions_answers.html]
[w.shekharpoint.com/android/android_useful_resources.html]
[w.shekharpoint.com/android/android_discussion.html]
[w.shekharpoint.com/android/images/android.jpg]
[w.shekharpoint.com/android/android_pdf_version.html]
[w.shekharpoint.com/android/index.html]
[w.shekharpoint.com/swift/images/logo.png]
[w.shekharpoint.com/swift/images/swift-mini-logo.jpg]
[w.shekharpoint.com/swift/swift_overview.html]
[w.shekharpoint.com/swift/swift_environment.html]
[w.shekharpoint.com/swift/swift_basic_syntax.html]
[w.shekharpoint.com/swift/swift_data_types.html]
[w.shekharpoint.com/swift/swift_variables.html]
[w.shekharpoint.com/swift/swift_optionals.html]
[w.shekharpoint.com/swift/swift_tuples.html]
[w.shekharpoint.com/swift/swift_constants.html]
[w.shekharpoint.com/swift/swift_literals.html]
[w.shekharpoint.com/swift/swift_operators.html]
[w.shekharpoint.com/swift/swift_decision_making.html]
[w.shekharpoint.com/swift/swift_loops.html]
[w.shekharpoint.com/swift/swift_strings.html]
[w.shekharpoint.com/swift/swift_characters.html]
[w.shekharpoint.com/swift/swift_arrays.html]
[w.shekharpoint.com/swift/swift_sets.html]
[w.shekharpoint.com/swift/swift_dictionaries.html]
[w.shekharpoint.com/swift/swift_functions.html]
[w.shekharpoint.com/swift/swift_closures.html]
[w.shekharpoint.com/swift/swift_enumerations.html]
[w.shekharpoint.com/swift/swift_structures.html]
[w.shekharpoint.com/swift/swift_classes.html]
[w.shekharpoint.com/swift/swift_properties.html]
[w.shekharpoint.com/swift/swift_methods.html]
[w.shekharpoint.com/swift/swift_subscripts.html]
[w.shekharpoint.com/swift/swift_inheritance.html]
[w.shekharpoint.com/swift/swift_initialization.html]
[w.shekharpoint.com/swift/swift_deinitialization.html]
[w.shekharpoint.com/swift/swift_arc_overview.html]
[w.shekharpoint.com/swift/swift_optional_chaining.html]
[w.shekharpoint.com/swift/swift_type_casting.html]
[w.shekharpoint.com/swift/swift_extensions.html]
[w.shekharpoint.com/swift/swift_protocols.html]
[w.shekharpoint.com/swift/swift_generics.html]
[w.shekharpoint.com/swift/swift_access_control.html]
[w.shekharpoint.com/swift/compile_swift_online.html]
[w.shekharpoint.com/swift/swift_quick_guide.html]
[w.shekharpoint.com/swift/swift_useful_resources.html]
[w.shekharpoint.com/swift/swift_discussion.html]
[w.shekharpoint.com/swift/images/swift.jpg]
[w.shekharpoint.com/swift/index.html]
[w.shekharpoint.com/swift/swift_pdf_version.html]
[w.shekharpoint.com/ios/images/logo.png]
[w.shekharpoint.com/ios/images/ios-mini-logo.jpg]
[w.shekharpoint.com/ios/ios_getting_started.html]
[w.shekharpoint.com/ios/ios_environment_setup.html]
[w.shekharpoint.com/ios/ios_objective_c.html]
[w.shekharpoint.com/ios/ios_first_iphone_application.html]
[w.shekharpoint.com/ios/ios_actions_and_outlets.html]
[w.shekharpoint.com/ios/ios_delegates.html]
[w.shekharpoint.com/ios/ios_ui_elements.html]
[w.shekharpoint.com/ios/ios_accelerometer.html]
[w.shekharpoint.com/ios/ios_universal_applications.html]
[w.shekharpoint.com/ios/ios_camera_management.html]
[w.shekharpoint.com/ios/ios_location_handling.html]
[w.shekharpoint.com/ios/ios_sqlite_database.html]
[w.shekharpoint.com/ios/ios_sending_email.html]
[w.shekharpoint.com/ios/ios_audio_video.html]
[w.shekharpoint.com/ios/ios_file_handling.html]
[w.shekharpoint.com/ios/ios_accessing_maps.html]
[w.shekharpoint.com/ios/ios_in_app_purchase.html]
[w.shekharpoint.com/ios/ios_iad_integration.html]
[w.shekharpoint.com/ios/ios_gamekit.html]
[w.shekharpoint.com/ios/ios_storyboards.html]
[w.shekharpoint.com/ios/ios_auto_layouts.html]
[w.shekharpoint.com/ios/ios_twitter_facebook.html]
[w.shekharpoint.com/ios/ios_memory_management.html]
[w.shekharpoint.com/ios/ios_application_debugging.html]
[w.shekharpoint.com/ios/ios_quick_guide.html]
[w.shekharpoint.com/ios/ios_useful_resources.html]
[w.shekharpoint.com/ios/ios_discussion.html]
[w.shekharpoint.com/ios/images/ios.jpg]
[w.shekharpoint.com/ios/ios_pdf_version.html]
[w.shekharpoint.com/ios/index.html]
[w.shekharpoint.com/kotlin/images/logo.png]
[w.shekharpoint.com/kotlin/images/kotlin-mini-logo.jpg]
[w.shekharpoint.com/kotlin/kotlin_overview.html]
[w.shekharpoint.com/kotlin/kotlin_environment_setup.html]
[w.shekharpoint.com/kotlin/kotlin_architecture.html]
[w.shekharpoint.com/kotlin/kotlin_basic_types.html]
[w.shekharpoint.com/kotlin/kotlin_control_flow.html]
[w.shekharpoint.com/kotlin/kotlin_class_and_object.html]
[w.shekharpoint.com/kotlin/kotlin_constructors.html]
[w.shekharpoint.com/kotlin/kotlin_inheritance.html]
[w.shekharpoint.com/kotlin/kotlin_interface.html]
[w.shekharpoint.com/kotlin/kotlin_visibility_control.html]
[w.shekharpoint.com/kotlin/kotlin_extension.html]
[w.shekharpoint.com/kotlin/kotlin_data_classes.html]
[w.shekharpoint.com/kotlin/kotlin_sealed_class.html]
[w.shekharpoint.com/kotlin/kotlin_generics.html]
[w.shekharpoint.com/kotlin/kotlin_delegation.html]
[w.shekharpoint.com/kotlin/kotlin_functions.html]
[w.shekharpoint.com/kotlin/kotlin_destructuring_declarations.html]
[w.shekharpoint.com/kotlin/kotlin_exception_handling.html]
[w.shekharpoint.com/kotlin/kotlin_quick_guide.html]
[w.shekharpoint.com/kotlin/kotlin_useful_resources.html]
[w.shekharpoint.com/kotlin/kotlin_discussion.html]
[w.shekharpoint.com/kotlin/images/kotlin.jpg]
[w.shekharpoint.com/kotlin/kotlin_pdf_version.html]
[w.shekharpoint.com/kotlin/index.html]
[w.shekharpoint.com/react_native/images/logo.png]
[w.shekharpoint.com/react_native/images/react-native-mini-logo.jpg]
[w.shekharpoint.com/react_native/react_native_overview.html]
[w.shekharpoint.com/react_native/react_native_environment_setup.html]
[w.shekharpoint.com/react_native/react_native_app.html]
[w.shekharpoint.com/react_native/react_native_state.html]
[w.shekharpoint.com/react_native/react_native_props.html]
[w.shekharpoint.com/react_native/react_native_styling.html]
[w.shekharpoint.com/react_native/react_native_flexbox.html]
[w.shekharpoint.com/react_native/react_native_listview.html]
[w.shekharpoint.com/react_native/react_native_text_input.html]
[w.shekharpoint.com/react_native/react_native_scrollview.html]
[w.shekharpoint.com/react_native/react_native_images.html]
[w.shekharpoint.com/react_native/react_native_http.html]
[w.shekharpoint.com/react_native/react_native_buttons.html]
[w.shekharpoint.com/react_native/react_native_animations.html]
[w.shekharpoint.com/react_native/react_native_debugging.html]
[w.shekharpoint.com/react_native/react_native_router.html]
[w.shekharpoint.com/react_native/react_native_running_ios.html]
[w.shekharpoint.com/react_native/react_native_running_android.html]
[w.shekharpoint.com/react_native/react_native_view.html]
[w.shekharpoint.com/react_native/react_native_webview.html]
[w.shekharpoint.com/react_native/react_native_modal.html]
[w.shekharpoint.com/react_native/react_native_activityindicator.html]
[w.shekharpoint.com/react_native/react_native_picker.html]
[w.shekharpoint.com/react_native/react_native_status_bar.html]
[w.shekharpoint.com/react_native/react_native_switch.html]
[w.shekharpoint.com/react_native/react_native_text.html]
[w.shekharpoint.com/react_native/react_native_alert.html]
[w.shekharpoint.com/react_native/react_native_geolocation.html]
[w.shekharpoint.com/react_native/react_native_asyncstorage.html]
[w.shekharpoint.com/react_native/react_native_quick_guide.html]
[w.shekharpoint.com/react_native/react_native_useful_resources.html]
[w.shekharpoint.com/react_native/react_native_discussion.html]
[w.shekharpoint.com/react_native/images/react-native.jpg]
[w.shekharpoint.com/react_native/react_native_pdf_version.html]
[w.shekharpoint.com/react_native/index.html]
[w.shekharpoint.com/xamarin/images/logo.png]
[w.shekharpoint.com/xamarin/images/xamarin-mini-logo.jpg]
[w.shekharpoint.com/xamarin/xamarin_installation.html]
[w.shekharpoint.com/xamarin/xamarin_first_application.html]
[w.shekharpoint.com/xamarin/xamarin_application_manifest.html]
[w.shekharpoint.com/xamarin/xamarin_android_resources.html]
[w.shekharpoint.com/xamarin/xamarin_android_activity_lifecycle.html]
[w.shekharpoint.com/xamarin/xamarin_permissions.html]
[w.shekharpoint.com/xamarin/xamarin_building_the_app_gui.html]
[w.shekharpoint.com/xamarin/xamarin_menus.html]
[w.shekharpoint.com/xamarin/xamarin_layouts.html]
[w.shekharpoint.com/xamarin/xamarin_andriod_widgets.html]
[w.shekharpoint.com/xamarin/xamarin_andriod_dialogs.html]
[w.shekharpoint.com/xamarin/xamarin_gallery.html]
[w.shekharpoint.com/xamarin/xamarin_andriod_views.html]
[w.shekharpoint.com/xamarin/xamarin_multiscreen_app.html]
[w.shekharpoint.com/xamarin/xamarin_deploying_your_app.html]
[w.shekharpoint.com/xamarin/xamarin_quick_guide.html]
[w.shekharpoint.com/xamarin/xamarin_useful_resources.html]
[w.shekharpoint.com/xamarin/xamarin_discussion.html]
[w.shekharpoint.com/xamarin/images/xamarin.jpg]
[w.shekharpoint.com/xamarin/xamarin_pdf_version.html]
[w.shekharpoint.com/xamarin/index.html]
[w.shekharpoint.com/mongodb/images/logo.png]
[w.shekharpoint.com/mongodb/images/mongodb-mini-logo.jpg]
[w.shekharpoint.com/mongodb/mongodb_overview.html]
[w.shekharpoint.com/mongodb/mongodb_advantages.html]
[w.shekharpoint.com/mongodb/mongodb_environment.html]
[w.shekharpoint.com/mongodb/mongodb_data_modeling.html]
[w.shekharpoint.com/mongodb/mongodb_create_database.html]
[w.shekharpoint.com/mongodb/mongodb_drop_database.html]
[w.shekharpoint.com/mongodb/mongodb_create_collection.html]
[w.shekharpoint.com/mongodb/mongodb_drop_collection.html]
[w.shekharpoint.com/mongodb/mongodb_datatype.html]
[w.shekharpoint.com/mongodb/mongodb_insert_document.html]
[w.shekharpoint.com/mongodb/mongodb_query_document.html]
[w.shekharpoint.com/mongodb/mongodb_update_document.html]
[w.shekharpoint.com/mongodb/mongodb_delete_document.html]
[w.shekharpoint.com/mongodb/mongodb_projection.html]
[w.shekharpoint.com/mongodb/mongodb_limit_record.html]
[w.shekharpoint.com/mongodb/mongodb_sort_record.html]
[w.shekharpoint.com/mongodb/mongodb_indexing.html]
[w.shekharpoint.com/mongodb/mongodb_aggregation.html]
[w.shekharpoint.com/mongodb/mongodb_replication.html]
[w.shekharpoint.com/mongodb/mongodb_sharding.html]
[w.shekharpoint.com/mongodb/mongodb_create_backup.html]
[w.shekharpoint.com/mongodb/mongodb_deployment.html]
[w.shekharpoint.com/mongodb/mongodb_java.html]
[w.shekharpoint.com/mongodb/mongodb_php.html]
[w.shekharpoint.com/mongodb/mongodb_relationships.html]
[w.shekharpoint.com/mongodb/mongodb_database_references.html]
[w.shekharpoint.com/mongodb/mongodb_covered_queries.html]
[w.shekharpoint.com/mongodb/mongodb_analyzing_queries.html]
[w.shekharpoint.com/mongodb/mongodb_atomic_operations.html]
[w.shekharpoint.com/mongodb/mongodb_advanced_indexing.html]
[w.shekharpoint.com/mongodb/mongodb_indexing_limitations.html]
[w.shekharpoint.com/mongodb/mongodb_objectid.html]
[w.shekharpoint.com/mongodb/mongodb_map_reduce.html]
[w.shekharpoint.com/mongodb/mongodb_text_search.html]
[w.shekharpoint.com/mongodb/mongodb_regular_expression.html]
[w.shekharpoint.com/mongodb/working_with_rockmongo.html]
[w.shekharpoint.com/mongodb/mongodb_gridfs.html]
[w.shekharpoint.com/mongodb/mongodb_capped_collections.html]
[w.shekharpoint.com/mongodb/mongodb_autoincrement_sequence.html]
[w.shekharpoint.com/mongodb/mongodb_questions_answers.html]
[w.shekharpoint.com/mongodb/mongodb_quick_guide.html]
[w.shekharpoint.com/mongodb/mongodb_useful_resources.html]
[w.shekharpoint.com/mongodb/mongodb_discussion.html]
[w.shekharpoint.com/mongodb/images/mongodb.jpg]
[w.shekharpoint.com/mongodb/mongodb_pdf_version.html]
[w.shekharpoint.com/mongodb/index.html]
[w.shekharpoint.com/plsql/images/logo.png]
[w.shekharpoint.com/plsql/images/plsql-mini-logo.jpg]
[w.shekharpoint.com/plsql/plsql_overview.html]
[w.shekharpoint.com/plsql/plsql_environment_setup.html]
[w.shekharpoint.com/plsql/plsql_basic_syntax.html]
[w.shekharpoint.com/plsql/plsql_data_types.html]
[w.shekharpoint.com/plsql/plsql_variable_types.html]
[w.shekharpoint.com/plsql/plsql_constants.html]
[w.shekharpoint.com/plsql/plsql_operators.html]
[w.shekharpoint.com/plsql/plsql_conditional_control.html]
[w.shekharpoint.com/plsql/plsql_loops.html]
[w.shekharpoint.com/plsql/plsql_strings.html]
[w.shekharpoint.com/plsql/plsql_arrays.html]
[w.shekharpoint.com/plsql/plsql_procedures.html]
[w.shekharpoint.com/plsql/plsql_functions.html]
[w.shekharpoint.com/plsql/plsql_cursors.html]
[w.shekharpoint.com/plsql/plsql_records.html]
[w.shekharpoint.com/plsql/plsql_exceptions.html]
[w.shekharpoint.com/plsql/plsql_triggers.html]
[w.shekharpoint.com/plsql/plsql_packages.html]
[w.shekharpoint.com/plsql/plsql_collections.html]
[w.shekharpoint.com/plsql/plsql_transactions.html]
[w.shekharpoint.com/plsql/plsql_date_time.html]
[w.shekharpoint.com/plsql/plsql_dbms_output.html]
[w.shekharpoint.com/plsql/plsql_object_oriented.html]
[w.shekharpoint.com/plsql/plsql_questions_answers.html]
[w.shekharpoint.com/plsql/plsql_quick_guide.html]
[w.shekharpoint.com/plsql/plsql_useful_resources.html]
[w.shekharpoint.com/plsql/plsql_discussion.html]
[w.shekharpoint.com/plsql/images/plsql.jpg]
[w.shekharpoint.com/plsql/plsql_pdf_version.html]
[w.shekharpoint.com/plsql/index.html]
[w.shekharpoint.com/sql/images/logo.png]
[w.shekharpoint.com/sql/images/sql-mini-logo.jpg]
[w.shekharpoint.com/sql/sql-overview.html]
[w.shekharpoint.com/sql/sql-rdbms-concepts.html]
[w.shekharpoint.com/sql/sql-databases.html]
[w.shekharpoint.com/sql/sql-syntax.html]
[w.shekharpoint.com/sql/sql-data-types.html]
[w.shekharpoint.com/sql/sql-operators.html]
[w.shekharpoint.com/sql/sql-expressions.html]
[w.shekharpoint.com/sql/sql-create-database.html]
[w.shekharpoint.com/sql/sql-drop-database.html]
[w.shekharpoint.com/sql/sql-select-database.html]
[w.shekharpoint.com/sql/sql-create-table.html]
[w.shekharpoint.com/sql/sql-drop-table.html]
[w.shekharpoint.com/sql/sql-insert-query.html]
[w.shekharpoint.com/sql/sql-select-query.html]
[w.shekharpoint.com/sql/sql-where-clause.html]
[w.shekharpoint.com/sql/sql-and-or-clauses.html]
[w.shekharpoint.com/sql/sql-update-query.html]
[w.shekharpoint.com/sql/sql-delete-query.html]
[w.shekharpoint.com/sql/sql-like-clause.html]
[w.shekharpoint.com/sql/sql-top-clause.html]
[w.shekharpoint.com/sql/sql-order-by.html]
[w.shekharpoint.com/sql/sql-group-by.html]
[w.shekharpoint.com/sql/sql-distinct-keyword.html]
[w.shekharpoint.com/sql/sql-sorting-results.html]
[w.shekharpoint.com/sql/sql-constraints.html]
[w.shekharpoint.com/sql/sql-using-joins.html]
[w.shekharpoint.com/sql/sql-unions-clause.html]
[w.shekharpoint.com/sql/sql-null-values.html]
[w.shekharpoint.com/sql/sql-alias-syntax.html]
[w.shekharpoint.com/sql/sql-indexes.html]
[w.shekharpoint.com/sql/sql-alter-command.html]
[w.shekharpoint.com/sql/sql-truncate-table.html]
[w.shekharpoint.com/sql/sql-using-views.html]
[w.shekharpoint.com/sql/sql-having-clause.html]
[w.shekharpoint.com/sql/sql-transactions.html]
[w.shekharpoint.com/sql/sql-wildcards.html]
[w.shekharpoint.com/sql/sql-date-functions.html]
[w.shekharpoint.com/sql/sql-temporary-tables.html]
[w.shekharpoint.com/sql/sql-clone-tables.html]
[w.shekharpoint.com/sql/sql-sub-queries.html]
[w.shekharpoint.com/sql/sql-using-sequences.html]
[w.shekharpoint.com/sql/sql-handling-duplicates.html]
[w.shekharpoint.com/sql/sql-injection.html]
[w.shekharpoint.com/sql/sql-database-tuning.html]
[w.shekharpoint.com/sql/sql_questions_answers.html]
[w.shekharpoint.com/sql/sql-quick-guide.html]
[w.shekharpoint.com/sql/sql-useful-functions.html]
[w.shekharpoint.com/sql/sql-useful-resources.html]
[w.shekharpoint.com/sql/sql-discussion.html]
[w.shekharpoint.com/sql/images/sql.jpg]
[w.shekharpoint.com/sql/sql_pdf_version.html]
[w.shekharpoint.com/sql/index.html]
[w.shekharpoint.com/db2/images/logo.png]
[w.shekharpoint.com/db2/images/db2-mini-logo.jpg]
[w.shekharpoint.com/db2_online_training/index.html]
[w.shekharpoint.com/db2/images/db2-video-tutorials.jpg]
[w.shekharpoint.com/db2/db2_introduction.html]
[w.shekharpoint.com/db2/db2_server_installation.html]
[w.shekharpoint.com/db2/db2_instance.html]
[w.shekharpoint.com/db2/db2_databases.html]
[w.shekharpoint.com/db2/db2_bufferpools.html]
[w.shekharpoint.com/db2/db2_tablespaces.html]
[w.shekharpoint.com/db2/db2_storagegroups.html]
[w.shekharpoint.com/db2/db2_schemas.html]
[w.shekharpoint.com/db2/db2_data_type.html]
[w.shekharpoint.com/db2/db2_tables.html]
[w.shekharpoint.com/db2/db2_alias.html]
[w.shekharpoint.com/db2/db2_constraints.html]
[w.shekharpoint.com/db2/db2_indexes.html]
[w.shekharpoint.com/db2/db2_triggers.html]
[w.shekharpoint.com/db2/db2_sequences.html]
[w.shekharpoint.com/db2/db2_views.html]
[w.shekharpoint.com/db2/db2_with_xml.html]
[w.shekharpoint.com/db2/db2_backup_and_recovery.html]
[w.shekharpoint.com/db2/db2_database_security.html]
[w.shekharpoint.com/db2/db2_roles.html]
[w.shekharpoint.com/db2/db2_ldap.html]
[w.shekharpoint.com/db2/db2_questions_answers.html]
[w.shekharpoint.com/db2/db2_quick_guide.html]
[w.shekharpoint.com/db2/db2_useful_resources.html]
[w.shekharpoint.com/db2/db2_discussion.html]
[w.shekharpoint.com/db2/images/db2.jpg]
[w.shekharpoint.com/db2/db2_pdf_version.html]
[w.shekharpoint.com/db2/index.html]
[w.shekharpoint.com/memcached/images/logo.png]
[w.shekharpoint.com/memcached/images/memcached-mini-logo.jpg]
[w.shekharpoint.com/memcached/memcached_overview.html]
[w.shekharpoint.com/memcached/memcached_environment.html]
[w.shekharpoint.com/memcached/memcached_connection.html]
[w.shekharpoint.com/memcached/memcached_set_data.html]
[w.shekharpoint.com/memcached/memcached_add_data.html]
[w.shekharpoint.com/memcached/memcached_replace_data.html]
[w.shekharpoint.com/memcached/memcached_append_data.html]
[w.shekharpoint.com/memcached/memcached_prepend_data.html]
[w.shekharpoint.com/memcached/memcached_cas.html]
[w.shekharpoint.com/memcached/memcached_get_data.html]
[w.shekharpoint.com/memcached/memcached_get_cas_data.html]
[w.shekharpoint.com/memcached/memcached_delete_key.html]
[w.shekharpoint.com/memcached/memcached_delete_data.html]
[w.shekharpoint.com/memcached/memcached_incr_decr.html]
[w.shekharpoint.com/memcached/memcached_stats.html]
[w.shekharpoint.com/memcached/memcached_stats_items.html]
[w.shekharpoint.com/memcached/memcached_stats_slabs.html]
[w.shekharpoint.com/memcached/memcached_stats_sizes.html]
[w.shekharpoint.com/memcached/memcached_clear_data.html]
[w.shekharpoint.com/memcached/memcached_quick_guide.html]
[w.shekharpoint.com/memcached/memcached_useful_resources.html]
[w.shekharpoint.com/memcached/memcached_discussion.html]
[w.shekharpoint.com/memcached/images/memcached.jpg]
[w.shekharpoint.com/memcached/memcached_pdf_version.html]
[w.shekharpoint.com/memcached/index.html]
[w.shekharpoint.com/asp.net/images/logo.png]
[w.shekharpoint.com/asp.net/images/asp.net-mini-logo.jpg]
[w.shekharpoint.com/asp.net/asp.net_introduction.html]
[w.shekharpoint.com/asp.net/asp.net_environment_setup.html]
[w.shekharpoint.com/asp.net/asp.net_life_cycle.html]
[w.shekharpoint.com/asp.net/asp.net_first_example.html]
[w.shekharpoint.com/asp.net/asp.net_event_handling.html]
[w.shekharpoint.com/asp.net/asp.net_server_side.html]
[w.shekharpoint.com/asp.net/asp.net_server_controls.html]
[w.shekharpoint.com/asp.net/asp.net_html_server.html]
[w.shekharpoint.com/asp.net/asp.net_client_side.html]
[w.shekharpoint.com/asp.net/asp.net_basic_controls.html]
[w.shekharpoint.com/asp.net/asp.net_directives.html]
[w.shekharpoint.com/asp.net/asp.net_managing_state.html]
[w.shekharpoint.com/asp.net/asp.net_validators.html]
[w.shekharpoint.com/asp.net/asp.net_database_access.html]
[w.shekharpoint.com/asp.net/asp.net_ado_net.html]
[w.shekharpoint.com/asp.net/asp.net_file_uploading.html]
[w.shekharpoint.com/asp.net/asp.net_ad_rotator.html]
[w.shekharpoint.com/asp.net/asp.net_calenders.html]
[w.shekharpoint.com/asp.net/asp.net_multi_views.html]
[w.shekharpoint.com/asp.net/asp.net_panel_controls.html]
[w.shekharpoint.com/asp.net/asp.net_ajax_control.html]
[w.shekharpoint.com/asp.net/asp.net_data_sources.html]
[w.shekharpoint.com/asp.net/asp.net_data_binding.html]
[w.shekharpoint.com/asp.net/asp.net_custom_controls.html]
[w.shekharpoint.com/asp.net/asp.net_personalization.html]
[w.shekharpoint.com/asp.net/asp.net_error_handling.html]
[w.shekharpoint.com/asp.net/asp.net_debugging.html]
[w.shekharpoint.com/asp.net/asp.net_linq.html]
[w.shekharpoint.com/asp.net/asp.net_security.html]
[w.shekharpoint.com/asp.net/asp.net_data_caching.html]
[w.shekharpoint.com/asp.net/asp.net_web_services.html]
[w.shekharpoint.com/asp.net/asp.net_multi_threading.html]
[w.shekharpoint.com/asp.net/asp.net_configuration.html]
[w.shekharpoint.com/asp.net/asp.net_deployment.html]
[w.shekharpoint.com/asp.net/asp.net_quick_guide.html]
[w.shekharpoint.com/asp.net/asp.net_useful_resources.html]
[w.shekharpoint.com/asp.net/asp.net_discussion.html]
[w.shekharpoint.com/asp.net/images/asp.net.jpg]
[w.shekharpoint.com/asp.net/asp.net_pdf_version.html]
[w.shekharpoint.com/asp.net/index.html]
[w.shekharpoint.com/entity_framework/images/logo.png]
[w.shekharpoint.com/entity_framework/images/entity-framework-mini-logo.jpg]
[w.shekharpoint.com/entity_framework/entity_framework_overview.html]
[w.shekharpoint.com/entity_framework/entity_framework_architecture.html]
[w.shekharpoint.com/entity_framework/entity_framework_environment_setup.html]
[w.shekharpoint.com/entity_framework/entity_framework_database_setup.html]
[w.shekharpoint.com/entity_framework/entity_framework_data_model.html]
[w.shekharpoint.com/entity_framework/entity_framework_dbcontext.html]
[w.shekharpoint.com/entity_framework/entity_framework_types.html]
[w.shekharpoint.com/entity_framework/entity_framework_relationships.html]
[w.shekharpoint.com/entity_framework/entity_framework_lifecycle.html]
[w.shekharpoint.com/entity_framework/entity_code_first_approach.html]
[w.shekharpoint.com/entity_framework/entity_model_first_approach.html]
[w.shekharpoint.com/entity_framework/entity_database_first_approach.html]
[w.shekharpoint.com/entity_framework/entity_framework_dev_approaches.html]
[w.shekharpoint.com/entity_framework/entity_framework_database_operations.html]
[w.shekharpoint.com/entity_framework/entity_framework_concurrency.html]
[w.shekharpoint.com/entity_framework/entity_framework_transaction.html]
[w.shekharpoint.com/entity_framework/entity_framework_views.html]
[w.shekharpoint.com/entity_framework/entity_framework_index.html]
[w.shekharpoint.com/entity_framework/entity_framework_stored_procedures.html]
[w.shekharpoint.com/entity_framework/entity_framework_disconnected_entities.html]
[w.shekharpoint.com/entity_framework/entity_table_valued_function.html]
[w.shekharpoint.com/entity_framework/entity_framework_native_sql.html]
[w.shekharpoint.com/entity_framework/entity_framework_enum_support.html]
[w.shekharpoint.com/entity_framework/entity_framework_asynchronous_query.html]
[w.shekharpoint.com/entity_framework/entity_framework_persistence.html]
[w.shekharpoint.com/entity_framework/entity_framework_projection_queries.html]
[w.shekharpoint.com/entity_framework/entity_framework_command_logging.html]
[w.shekharpoint.com/entity_framework/entity_framework_command_interception.html]
[w.shekharpoint.com/entity_framework/entity_framework_spatial_data_type.html]
[w.shekharpoint.com/entity_framework/entity_framework_inheritance.html]
[w.shekharpoint.com/entity_framework/entity_framework_migration.html]
[w.shekharpoint.com/entity_framework/entity_framework_eager_loading.html]
[w.shekharpoint.com/entity_framework/entity_framework_lazy_loading.html]
[w.shekharpoint.com/entity_framework/entity_framework_explicit_loading.html]
[w.shekharpoint.com/entity_framework/entity_framework_validation.html]
[w.shekharpoint.com/entity_framework/entity_framework_track_changes.html]
[w.shekharpoint.com/entity_framework/entity_framework_colored_entities.html]
[w.shekharpoint.com/entity_framework/entity_framework_code_first_approach.html]
[w.shekharpoint.com/entity_framework/entity_framework_first_example.html]
[w.shekharpoint.com/entity_framework/entity_framework_data_annotations.html]
[w.shekharpoint.com/entity_framework/entity_framework_fluent_api.html]
[w.shekharpoint.com/entity_framework/entity_framework_seed_database.html]
[w.shekharpoint.com/entity_framework/entity_framework_code_first_migration.html]
[w.shekharpoint.com/entity_framework/entity_framework_multiple_dbcontext.html]
[w.shekharpoint.com/entity_framework/entity_framework_nested_entity_types.html]
[w.shekharpoint.com/entity_framework/entity_framework_quick_guide.html]
[w.shekharpoint.com/entity_framework/entity_framework_useful_resources.html]
[w.shekharpoint.com/entity_framework/entity_framework_discussion.html]
[w.shekharpoint.com/entity_framework/images/entity-framework.jpg]
[w.shekharpoint.com/entity_framework/entity_framework_pdf_version.html]
[w.shekharpoint.com/entity_framework/index.html]
[w.shekharpoint.com/vb.net/images/logo.png]
[w.shekharpoint.com/vb.net/images/vb.net-mini-logo.jpg]
[w.shekharpoint.com/vb.net/vb.net_overview.html]
[w.shekharpoint.com/vb.net/vb.net_environment_setup.html]
[w.shekharpoint.com/vb.net/vb.net_program_structure.html]
[w.shekharpoint.com/vb.net/vb.net_basic_syntax.html]
[w.shekharpoint.com/vb.net/vb.net_data_types.html]
[w.shekharpoint.com/vb.net/vb.net_variables.html]
[w.shekharpoint.com/vb.net/vb.net_constants.html]
[w.shekharpoint.com/vb.net/vb.net_modifiers.html]
[w.shekharpoint.com/vb.net/vb.net_statements.html]
[w.shekharpoint.com/vb.net/vb.net_directives.html]
[w.shekharpoint.com/vb.net/vb.net_operators.html]
[w.shekharpoint.com/vb.net/vb.net_decision_making.html]
[w.shekharpoint.com/vb.net/vb.net_loops.html]
[w.shekharpoint.com/vb.net/vb.net_strings.html]
[w.shekharpoint.com/vb.net/vb.net_date_time.html]
[w.shekharpoint.com/vb.net/vb.net_arrays.html]
[w.shekharpoint.com/vb.net/vb.net_collections.html]
[w.shekharpoint.com/vb.net/vb.net_functions.html]
[w.shekharpoint.com/vb.net/vb.net_subs.html]
[w.shekharpoint.com/vb.net/vb.net_classes_objects.html]
[w.shekharpoint.com/vb.net/vb.net_exception_handling.html]
[w.shekharpoint.com/vb.net/vb.net_file_handling.html]
[w.shekharpoint.com/vb.net/vb.net_basic_controls.html]
[w.shekharpoint.com/vb.net/vb.net_dialog_boxes.html]
[w.shekharpoint.com/vb.net/vb.net_advanced_forms.html]
[w.shekharpoint.com/vb.net/vb.net_event_handling.html]
[w.shekharpoint.com/vb.net/vb.net_regular_expressions.html]
[w.shekharpoint.com/vb.net/vb.net_database_access.html]
[w.shekharpoint.com/vb.net/vb.net_excel_sheet.html]
[w.shekharpoint.com/vb.net/vb.net_send_email.html]
[w.shekharpoint.com/vb.net/vb.net_xml_processing.html]
[w.shekharpoint.com/vb.net/vb.net_web_programming.html]
[w.shekharpoint.com/vb.net/vb.net_quick_guide.html]
[w.shekharpoint.com/vb.net/vb.net_useful_resources.html]
[w.shekharpoint.com/vb.net/vb.net_discussion.html]
[w.shekharpoint.com/vb.net/images/vb.net.jpg]
[w.shekharpoint.com/vb.net/vb.net_pdf_version.html]
[w.shekharpoint.com/vb.net/index.html]
[w.shekharpoint.com/ms_project/images/logo.png]
[w.shekharpoint.com/ms_project/images/ms-project-2013-mini-logo.jpg]
[w.shekharpoint.com/ms_project/ms_project_settings.html]
[w.shekharpoint.com/ms_project/ms_project_introduction.html]
[w.shekharpoint.com/ms_project/ms_project_getting_started.html]
[w.shekharpoint.com/ms_project/ms_project_create_new_plan.html]
[w.shekharpoint.com/ms_project/ms_project_set_up_resources.html]
[w.shekharpoint.com/ms_project/ms_project_assign_resources_to_task.html]
[w.shekharpoint.com/ms_project/ms_project_plan_duration_cost_time.html]
[w.shekharpoint.com/ms_project/ms_project_track_progress.html]
[w.shekharpoint.com/ms_project/ms_project_advanced_scheduling.html]
[w.shekharpoint.com/ms_project/ms_project_status_reporting.html]
[w.shekharpoint.com/ms_project/ms_project_quick_guide.html]
[w.shekharpoint.com/ms_project/ms_project_useful_resources.html]
[w.shekharpoint.com/ms_project/ms_project_discussion.html]
[w.shekharpoint.com/ms_project/images/ms-project-2013.jpg]
[w.shekharpoint.com/ms_project/index.html]
[w.shekharpoint.com/ms_project/ms_project_pdf_version.html]
[w.shekharpoint.com/excel/images/logo.png]
[w.shekharpoint.com/excel/images/excel-2010-mini-logo.jpg]
[w.shekharpoint.com/excel/images/ms-excel-video-tutorials.jpg]
[w.shekharpoint.com/excel/excel_getting_started.html]
[w.shekharpoint.com/excel/excel_explore_window.html]
[w.shekharpoint.com/excel/excel_backstage.html]
[w.shekharpoint.com/excel/excel_entering_values.html]
[w.shekharpoint.com/excel/excel_move_around.html]
[w.shekharpoint.com/excel/excel_save_workbook.html]
[w.shekharpoint.com/excel/excel_create_worksheet.html]
[w.shekharpoint.com/excel/excel_copy_worksheet.html]
[w.shekharpoint.com/excel/excel_hiding_worksheet.html]
[w.shekharpoint.com/excel/excel_delete_worksheet.html]
[w.shekharpoint.com/excel/excel_close_workbook.html]
[w.shekharpoint.com/excel/excel_open_workbook.html]
[w.shekharpoint.com/excel/excel_context_help.html]
[w.shekharpoint.com/excel/excel_insert_data.html]
[w.shekharpoint.com/excel/excel_select_data.html]
[w.shekharpoint.com/excel/excel_delete_data.html]
[w.shekharpoint.com/excel/excel_move_data.html]
[w.shekharpoint.com/excel/excel_rows_columns.html]
[w.shekharpoint.com/excel/excel_copy_paste.html]
[w.shekharpoint.com/excel/excel_find_replace.html]
[w.shekharpoint.com/excel/excel_spell_check.html]
[w.shekharpoint.com/excel/excel_zoom_in_out.html]
[w.shekharpoint.com/excel/excel_special_symbols.html]
[w.shekharpoint.com/excel/excel_insert_comments.html]
[w.shekharpoint.com/excel/excel_add_text_box.html]
[w.shekharpoint.com/excel/excel_undo_changes.html]
[w.shekharpoint.com/excel/excel_setting_cell_type.html]
[w.shekharpoint.com/excel/excel_setting_fonts.html]
[w.shekharpoint.com/excel/excel_text_decoration.html]
[w.shekharpoint.com/excel/excel_rotate_cells.html]
[w.shekharpoint.com/excel/excel_setting_colors.html]
[w.shekharpoint.com/excel/excel_text_alignments.html]
[w.shekharpoint.com/excel/excel_merge_wrap.html]
[w.shekharpoint.com/excel/excel_borders_and_shades.html]
[w.shekharpoint.com/excel/excel_apply_formatting.html]
[w.shekharpoint.com/excel/excel_sheet_options.html]
[w.shekharpoint.com/excel/excel_adjust_margins.html]
[w.shekharpoint.com/excel/excel_page_orientation.html]
[w.shekharpoint.com/excel/excel_header_and_footer.html]
[w.shekharpoint.com/excel/excel_insert_page_breaks.html]
[w.shekharpoint.com/excel/excel_set_background.html]
[w.shekharpoint.com/excel/excel_freeze_panes.html]
[w.shekharpoint.com/excel/excel_conditional_format.html]
[w.shekharpoint.com/excel/excel_creating_formulas.html]
[w.shekharpoint.com/excel/excel_copying_formulas.html]
[w.shekharpoint.com/excel/excel_formula_reference.html]
[w.shekharpoint.com/excel/excel_using_functions.html]
[w.shekharpoint.com/excel/excel_bultin_functions.html]
[w.shekharpoint.com/excel/excel_data_filtering.html]
[w.shekharpoint.com/excel/excel_data_sorting.html]
[w.shekharpoint.com/excel/excel_using_ranges.html]
[w.shekharpoint.com/excel/excel_data_validation.html]
[w.shekharpoint.com/excel/excel_using_styles.html]
[w.shekharpoint.com/excel/excel_using_themes.html]
[w.shekharpoint.com/excel/excel_using_templates.html]
[w.shekharpoint.com/excel/excel_using_macros.html]
[w.shekharpoint.com/excel/excel_adding_graphics.html]
[w.shekharpoint.com/excel/excel_cross_referencing.html]
[w.shekharpoint.com/excel/excel_printing_worksheets.html]
[w.shekharpoint.com/excel/excel_email_workbooks.html]
[w.shekharpoint.com/excel/excel_translate_worksheet.html]
[w.shekharpoint.com/excel/excel_workbook_security.html]
[w.shekharpoint.com/excel/excel_data_tables.html]
[w.shekharpoint.com/excel/excel_pivot_tables.html]
[w.shekharpoint.com/excel/excel_simple_charts.html]
[w.shekharpoint.com/excel/excel_pivot_charts.html]
[w.shekharpoint.com/excel/excel_keyboard_shortcuts.html]
[w.shekharpoint.com/excel/excel_quick_guide.html]
[w.shekharpoint.com/excel/excel_useful_resources.html]
[w.shekharpoint.com/excel/excel_discussion.html]
[w.shekharpoint.com/videotutorials/searchf47f.html]
[w.shekharpoint.com/excel/images/premium-online-course-excel.jpg]
[w.shekharpoint.com/excel/excel_pdf_version.html]
[w.shekharpoint.com/excel/index.html]
[w.shekharpoint.com/word/images/logo.png]
[w.shekharpoint.com/word/images/word-2010-mini-logo.jpg]
[w.shekharpoint.com/ms_word_online_training/index.html]
[w.shekharpoint.com/word/images/ms-word-video-tutorials.jpg]
[w.shekharpoint.com/word/word_getting_started.html]
[w.shekharpoint.com/word/word_explore_window.html]
[w.shekharpoint.com/word/word_backstage_view.html]
[w.shekharpoint.com/word/word_entering_text.html]
[w.shekharpoint.com/word/word_move_around.html]
[w.shekharpoint.com/word/word_save_document.html]
[w.shekharpoint.com/word/word_open_document.html]
[w.shekharpoint.com/word/word_close_document.html]
[w.shekharpoint.com/word/word_context_help.html]
[w.shekharpoint.com/word/word_insert_text.html]
[w.shekharpoint.com/word/word_select_text.html]
[w.shekharpoint.com/word/word_delete_text.html]
[w.shekharpoint.com/word/word_move_text.html]
[w.shekharpoint.com/word/word_copy_paste.html]
[w.shekharpoint.com/word/word_find_replace.html]
[w.shekharpoint.com/word/word_spell_check.html]
[w.shekharpoint.com/word/word_zoom_in_out.html]
[w.shekharpoint.com/word/word_special_symbols.html]
[w.shekharpoint.com/word/word_undo_changes.html]
[w.shekharpoint.com/word/word_setting_text_fonts.html]
[w.shekharpoint.com/word/word_text_decoration.html]
[w.shekharpoint.com/word/word_change_text_case.html]
[w.shekharpoint.com/word/word_change_text_color.html]
[w.shekharpoint.com/word/word_text_alignments.html]
[w.shekharpoint.com/word/word_indent_paragraphs.html]
[w.shekharpoint.com/word/word_create_bullets.html]
[w.shekharpoint.com/word/word_set_line_spacing.html]
[w.shekharpoint.com/word/word_borders_shades.html]
[w.shekharpoint.com/word/word_set_tabs.html]
[w.shekharpoint.com/word/word_apply_formatting.html]
[w.shekharpoint.com/word/word_adjust_margins.html]
[w.shekharpoint.com/word/word_header_footer.html]
[w.shekharpoint.com/word/word_add_page_numbers.html]
[w.shekharpoint.com/word/word_insert_page_breaks.html]
[w.shekharpoint.com/word/word_insert_blank_page.html]
[w.shekharpoint.com/word/word_cover_pages.html]
[w.shekharpoint.com/word/word_page_orientation.html]
[w.shekharpoint.com/word/word_create_table.html]
[w.shekharpoint.com/word/word_rows_columns.html]
[w.shekharpoint.com/word/word_move_table.html]
[w.shekharpoint.com/word/word_resize_table.html]
[w.shekharpoint.com/word/word_merging_cells.html]
[w.shekharpoint.com/word/word_split_table.html]
[w.shekharpoint.com/word/word_split_cells.html]
[w.shekharpoint.com/word/word_add_formula.html]
[w.shekharpoint.com/word/table_borders_shades.html]
[w.shekharpoint.com/word/word_quick_styles.html]
[w.shekharpoint.com/word/word_use_templates.html]
[w.shekharpoint.com/word/word_use_graphics.html]
[w.shekharpoint.com/word/word_auto_correction.html]
[w.shekharpoint.com/word/word_auto_formatting.html]
[w.shekharpoint.com/word/word_table_of_contents.html]
[w.shekharpoint.com/word/word_preview_documents.html]
[w.shekharpoint.com/word/word_printing_documents.html]
[w.shekharpoint.com/word/word_email_documents.html]
[w.shekharpoint.com/word/word_translate_documents.html]
[w.shekharpoint.com/word/word_compare_documents.html]
[w.shekharpoint.com/word/word_document_security.html]
[w.shekharpoint.com/word/word_set_watermark.html]
[w.shekharpoint.com/word/word_quick_guide.html]
[w.shekharpoint.com/word/word_useful_resources.html]
[w.shekharpoint.com/word/word_discussion.html]
[w.shekharpoint.com/word/images/word-2010-testing.jpg]
[w.shekharpoint.com/word/word_pdf_version.html]
[w.shekharpoint.com/word/index.html]
[w.shekharpoint.com/big_data_analytics/images/logo.png]
[w.shekharpoint.com/big_data_analytics/images/big-data-analytics-mini-logo.jpg]
[w.shekharpoint.com/big_data_analytics/big_data_analytics_overview.html]
[w.shekharpoint.com/big_data_analytics/big_data_analytics_lifecycle.html]
[w.shekharpoint.com/big_data_analytics/big_data_analytics_methodology.html]
[w.shekharpoint.com/big_data_analytics/core_deliverables.html]
[w.shekharpoint.com/big_data_analytics/key_stakeholders.html]
[w.shekharpoint.com/big_data_analytics/data_analyst.html]
[w.shekharpoint.com/big_data_analytics/data_scientist.html]
[w.shekharpoint.com/big_data_analytics/problem_definition.html]
[w.shekharpoint.com/big_data_analytics/data_collection.html]
[w.shekharpoint.com/big_data_analytics/cleansing_data.html]
[w.shekharpoint.com/big_data_analytics/summarizing_data.html]
[w.shekharpoint.com/big_data_analytics/data_exploration.html]
[w.shekharpoint.com/big_data_analytics/data_visualization.html]
[w.shekharpoint.com/big_data_analytics/r_introduction.html]
[w.shekharpoint.com/big_data_analytics/introduction_to_sql.html]
[w.shekharpoint.com/big_data_analytics/charts_and_graphs.html]
[w.shekharpoint.com/big_data_analytics/data_analysis_tools.html]
[w.shekharpoint.com/big_data_analytics/statistical_methods.html]
[w.shekharpoint.com/big_data_analytics/machine_learning_data_analysis.html]
[w.shekharpoint.com/big_data_analytics/naive_bayes_classifier.html]
[w.shekharpoint.com/big_data_analytics/k_means_clustering.html]
[w.shekharpoint.com/big_data_analytics/association_rules.html]
[w.shekharpoint.com/big_data_analytics/decision_trees.html]
[w.shekharpoint.com/big_data_analytics/logistic_regression.html]
[w.shekharpoint.com/big_data_analytics/time_series_analysis.html]
[w.shekharpoint.com/big_data_analytics/text_analytics.html]
[w.shekharpoint.com/big_data_analytics/online_learning.html]
[w.shekharpoint.com/big_data_analytics/big_data_analytics_quick_guide.html]
[w.shekharpoint.com/big_data_analytics/big_data_analytics_useful_resources.html]
[w.shekharpoint.com/big_data_analytics/big_data_analytics_discussion.html]
[w.shekharpoint.com/big_data_analytics/images/big_data_analytics.jpg]
[w.shekharpoint.com/big_data_analytics/big_data_analytics_pdf_version.html]
[w.shekharpoint.com/big_data_analytics/index.html]
[w.shekharpoint.com/hadoop/images/logo.png]
[w.shekharpoint.com/hadoop/images/hadoop-mini-logo.jpg]
[w.shekharpoint.com/hadoop/hadoop_big_data_overview.html]
[w.shekharpoint.com/hadoop/hadoop_big_data_solutions.html]
[w.shekharpoint.com/hadoop/hadoop_introduction.html]
[w.shekharpoint.com/hadoop/hadoop_enviornment_setup.html]
[w.shekharpoint.com/hadoop/hadoop_hdfs_overview.html]
[w.shekharpoint.com/hadoop/hadoop_hdfs_operations.html]
[w.shekharpoint.com/hadoop/hadoop_command_reference.html]
[w.shekharpoint.com/hadoop/hadoop_mapreduce.html]
[w.shekharpoint.com/hadoop/hadoop_streaming.html]
[w.shekharpoint.com/hadoop/hadoop_multi_node_cluster.html]
[w.shekharpoint.com/hadoop/hadoop_questions_answers.html]
[w.shekharpoint.com/hadoop/hadoop_quick_guide.html]
